competitor,source_id,name,address,suburb,region,venue_type,latitude,longitude,source_url,scraped_at,phone,email,website,contact_source,contact,hours,state,notes
NON,2610747394,Bopp & Tone,"Sydney, AU",Sydney,AU,Restaurant,-33.8666356,151.2064567,https://us.non.world/pages/store-locator,2026-08-31T20:04:52.271834+00:00,,,,,,,,
NON,2610735778,24 York,"Sydney, AU",Sydney,AU,Steak House,-33.8681348,151.206182,https://us.non.world/pages/store-locator,2026-08-31T20:04:52.271834+00:00,,,,,,,,
NON,2610654422,Hubert,"Sydney, AU",Sydney,AU,French Restaurant,-33.86513040000001,151.2104197,https://us.non.world/pages/store-locator,2026-08-31T20:04:52.271834+00:00,,,,,,,,
NON,2610747308,Merivale Royal Hotel Bondi,"Bondi, AU",Bondi,AU,Pub,-33.8949669,151.2687659,https://us.non.world/pages/store-locator,2026-08-31T20:04:52.271834+00:00,,,,,,,,
NON,2610694644,Merivale The Coogee Pavilion,"Coogee, AU",Coogee,AU,Restaurant,-33.9184725,151.2583183,https://us.non.world/pages/store-locator,2026-08-31T20:04:52.271834+00:00,,,,,,,,
NON,2610724668,Alba Thermal Springs and Spa,"Fingal, AU",Fingal,AU,Public Bath,-38.3921942,144.846136,https://us.non.world/pages/store-locator,2026-08-31T20:04:52.271834+00:00,,,,,,,,
NON,2610694569,Frederic,"Richmond, AU",Richmond,AU,European Restaurant,-37.82564,144.991233,https://us.non.world/pages/store-locator,2026-08-31T20:04:52.271834+00:00,,,,,,,,
NON,2610724669,Village Wine Bar,"Albert Park, AU",Albert Park,AU,Wine Bar,-37.8413742,144.9544957,https://us.non.world/pages/store-locator,2026-08-31T20:04:52.271834+00:00,,,,,,,,
NON,2610757293,Blackbird Bar Dining Melbourne,"Melbourne, AU",Melbourne,AU,Restaurant,-37.8147693,144.9723072,https://us.non.world/pages/store-locator,2026-08-31T20:04:52.271834+00:00,,,,,,,,
NON,2610724614,Cumulus Inc,"Melbourne, AU",Melbourne,AU,Restaurant,-37.8148032,144.9730757,https://us.non.world/pages/store-locator,2026-08-31T20:04:52.271834+00:00,,,,,,,,
NON,2610724672,Pepe's Italian & Liquor,"Melbourne, AU",Melbourne,AU,Italian Restaurant,-37.8093712,144.9689628,https://us.non.world/pages/store-locator,2026-08-31T20:04:52.271834+00:00,,,,,,,,
NON,2610757317,The Bank,"Carnegie, AU",Carnegie,AU,Bar,-37.8869816,145.0573252,https://us.non.world/pages/store-locator,2026-08-31T20:04:52.271834+00:00,,,,,,,,
NON,2610694596,Aunty,"Brisbane, AU",Brisbane,AU,Restaurant,-27.4554049,153.0394519,https://us.non.world/pages/store-locator,2026-08-31T20:04:52.271834+00:00,,,,,,,,
NON,2610654673,Craft Wine stores Red Hill,"Red Hill, AU",Red Hill,AU,Liquor Store,-27.4536125,153.0057854,https://us.non.world/pages/store-locator,2026-08-31T20:04:52.271834+00:00,,,,,,,,
NON,2610747539,Komeyui Brisbane,"Spring Hill, AU",Spring Hill,AU,Japanese Restaurant,-27.4618748,153.0269635,https://us.non.world/pages/store-locator,2026-08-31T20:04:52.271834+00:00,,,,,,,,
NON,2610735510,Mrs Brown's Bar & Restaurant,"Newstead, AU",Newstead,AU,Bar,-27.4529902,153.0424449,https://us.non.world/pages/store-locator,2026-08-31T20:04:52.271834+00:00,,,,,,,,
NON,2610747315,Kirra Beach House,"Coolangatta, AU",Coolangatta,AU,Restaurant,-28.1677129,153.5316871,https://us.non.world/pages/store-locator,2026-08-31T20:04:52.271834+00:00,,,,,,,,
NON,2610747312,Kost Bar and Grill,"Broadbeach, AU",Broadbeach,AU,Restaurant,-28.0306917,153.4326731,https://us.non.world/pages/store-locator,2026-08-31T20:04:52.271834+00:00,,,,,,,,
NON,2610724659,Little Creatures Elizabeth Quay,"Perth, AU",Perth,AU,Restaurant,-31.9569935,115.8574982,https://us.non.world/pages/store-locator,2026-08-31T20:04:52.271834+00:00,,,,,,,,
NON,2610724687,Indigo Oscar,"Cottesloe, AU",Cottesloe,AU,Latin American Restaurant,-31.9954837,115.7514832,https://us.non.world/pages/store-locator,2026-08-31T20:04:52.271834+00:00,,,,,,,,
NON,2610757146,Lobby Lounge,"Burswood, AU",Burswood,AU,Lounge bar,-31.961269,115.8964925,https://us.non.world/pages/store-locator,2026-08-31T20:04:52.271834+00:00,,,,,,,,
NON,2610694704,Peppers Silo Hotel,"Launceston, AU",Launceston,AU,Hotel,-41.4320582,147.1280472,https://us.non.world/pages/store-locator,2026-08-31T20:04:52.271834+00:00,,,,,,,,
NON,2610724774,Liquorland Lake Haven 2948,"Lake Haven Dr, AU",Lake Haven Dr,AU,Liquor Store,-33.2412877,151.503471,https://us.non.world/pages/store-locator,2026-08-31T20:04:52.271834+00:00,,,,,,,,
NON,2610724660,Liquorland Wyong 3991,"Wyong, AU",Wyong,AU,Liquor Store,-33.283388,151.423188,https://us.non.world/pages/store-locator,2026-08-31T20:04:52.271834+00:00,,,,,,,,
NON,2610757253,Swords Wines - Queen Victoria Market,"Queen Victoria Market, AU",Queen Victoria Market,AU,Liquor Store,-37.8069259,144.9591822,https://us.non.world/pages/store-locator,2026-08-31T20:04:52.271834+00:00,,,,,,,,
NON,2610757254,Regions,"Dulwich, AU",Dulwich,AU,Liquor Store,-34.934908,138.6313793,https://us.non.world/pages/store-locator,2026-08-31T20:04:52.271834+00:00,,,,,,,,
NON,2610747289,Paramount Liquor - NSW,"Yennora, AU",Yennora,AU,Wholesaler,-33.8634108,150.9632417,https://us.non.world/pages/store-locator,2026-08-31T20:04:52.271834+00:00,,,,,,,,
NON,2610654679,Liquorland Leopold 2453,"Tenancy 3, AU",Tenancy 3,AU,Liquor Store,-38.1854301,144.4526827,https://us.non.world/pages/store-locator,2026-08-31T20:04:52.271834+00:00,,,,,,,,
NON,2610654639,Liquorland Warehouse Shepparton 2751,"Shepparton, AU",Shepparton,AU,Liquor Store,-36.3849245,145.3989311,https://us.non.world/pages/store-locator,2026-08-31T20:04:52.271834+00:00,,,,,,,,
NON,2610747513,Ritchies Dromana,"Point Nepean Road, AU",Point Nepean Road,AU,Grocery Store,-38.3337468,144.9649808,https://us.non.world/pages/store-locator,2026-08-31T20:04:52.271834+00:00,,,,,,,,
NON,2610757197,Cellarbrations at Nardi - Highton,"Highton, AU",Highton,AU,Liquor Store,-38.1723895,144.3245061,https://us.non.world/pages/store-locator,2026-08-31T20:04:52.271834+00:00,,,,,,,,
NON,2610724648,The French Exit,"Brisbane City, AU",Brisbane City,AU,Restaurant,-27.4706642,153.0294291,https://us.non.world/pages/store-locator,2026-08-31T20:04:52.271834+00:00,,,,,,,,
NON,2610694746,Ricky's River Bar + Restaurant,"Noosa Heads, AU",Noosa Heads,AU,Restaurant,-26.3911969,153.0786278,https://us.non.world/pages/store-locator,2026-08-31T20:04:52.271834+00:00,,,,,,,,
NON,2610694747,Part Time Lover,"Adelaide, AU",Adelaide,AU,Restaurant,-34.9264203,138.6007498,https://us.non.world/pages/store-locator,2026-08-31T20:04:52.271834+00:00,,,,,,,,
NON,2610735587,Free Spirit Drink Co,"Shop 3/9 Riseley Street, AU",Shop 3/9 Riseley Street,AU,Liquor Store,-32.02098,115.83407,https://us.non.world/pages/store-locator,2026-08-31T20:04:52.271834+00:00,,,,,,,,
NON,2610747352,Light Years Perth,"Perth, AU",Perth,AU,Asian Restaurant,-31.95180179999999,115.857908,https://us.non.world/pages/store-locator,2026-08-31T20:04:52.271834+00:00,,,,,,,,
NON,2610654733,Liquorland Newtown 2196,"Newtown, AU",Newtown,AU,Liquor Store,-33.8956625,151.1816468,https://us.non.world/pages/store-locator,2026-08-31T20:04:52.271834+00:00,,,,,,,,
NON,2610735702,Lotus Barangaroo,"Barangaroo, AU",Barangaroo,AU,Chinese Restaurant,-33.864084,151.2012311,https://us.non.world/pages/store-locator,2026-08-31T20:04:52.271834+00:00,,,,,,,,
NON,2610747246,Liquorland Warehouse Ashburton 2764,"Ashburton, AU",Ashburton,AU,Liquor Store,-37.8638159,145.0928905,https://us.non.world/pages/store-locator,2026-08-31T20:04:52.271834+00:00,,,,,,,,
NON,2610757325,Oasis Murrumbeena,"Murrumbeena, AU",Murrumbeena,AU,Supermarket,-37.907306,145.070214,https://us.non.world/pages/store-locator,2026-08-31T20:04:52.271834+00:00,,,,,,,,
NON,2610757326,Builders Arms Hotel,"Fitzroy, AU",Fitzroy,AU,Pub,-37.806063,144.9816212,https://us.non.world/pages/store-locator,2026-08-31T20:04:52.271834+00:00,,,,,,,,
NON,2610694764,Lee Ho Fook,"Melbourne, AU",Melbourne,AU,Chinese Restaurant,-37.8155997,144.9713084,https://us.non.world/pages/store-locator,2026-08-31T20:04:52.271834+00:00,,,,,,,,
NON,2610724699,WC Freyja Pty Ltd,"Melbourne, AU",Melbourne,AU,Restaurant,-37.818438,144.9586151,https://us.non.world/pages/store-locator,2026-08-31T20:04:52.271834+00:00,,,,,,,,
NON,2610757433,Urban Vineyard,"Ringwood East, AU",Ringwood East,AU,Liquor Store,-37.8117112,145.252069,https://us.non.world/pages/store-locator,2026-08-31T20:04:52.271834+00:00,,,,,,,,
NON,2610724796,The Alfred,"Melbourne, AU",Melbourne,AU,Subpremise,-37.8140025,144.9699153,https://us.non.world/pages/store-locator,2026-08-31T20:04:52.271834+00:00,,,,,,,,
NON,2610694779,Vis Liquor,"Cheltenham, AU",Cheltenham,AU,Liquor Store,-37.9662255,145.0552756,https://us.non.world/pages/store-locator,2026-08-31T20:04:52.271834+00:00,,,,,,,,
NON,2610694825,Liquorland Warehouse Maroochydore 2260,"Maroochydore, AU",Maroochydore,AU,Liquor Store,-26.6572367,153.0875895,https://us.non.world/pages/store-locator,2026-08-31T20:04:52.271834+00:00,,,,,,,,
NON,2610694754,Liquorland Warehouse Morayfield 2262,"Shop 54 Morayfield Rd, AU",Shop 54 Morayfield Rd,AU,Liquor Store,-27.1035603,152.9494576,https://us.non.world/pages/store-locator,2026-08-31T20:04:52.271834+00:00,,,,,,,,
NON,2610724729,Brookfield General Store,"Brookfield, AU",Brookfield,AU,Cafe,-27.4947513,152.9106034,https://us.non.world/pages/store-locator,2026-08-31T20:04:52.271834+00:00,,,,,,,,
NON,2610694736,Byblos Bar & Restaurant - QLD,"39 Hercules Street, AU",39 Hercules Street,AU,Restaurant,-27.439692,153.0698886,https://us.non.world/pages/store-locator,2026-08-31T20:04:52.271834+00:00,,,,,,,,
NON,2610694828,Mapleton Public House,"Mapleton, AU",Mapleton,AU,Pub,-26.6248535,152.8662519,https://us.non.world/pages/store-locator,2026-08-31T20:04:52.271834+00:00,,,,,,,,
NON,2610694738,Etica,"Adelaide, AU",Adelaide,AU,Pizza Restaurant,-34.9342911,138.6050223,https://us.non.world/pages/store-locator,2026-08-31T20:04:52.271834+00:00,,,,,,,,
NON,2610694502,Sometimes Always,"Adelaide, AU",Adelaide,AU,,-34.9228509,138.5893924,https://us.non.world/pages/store-locator,2026-08-31T20:04:52.271834+00:00,,,,,,,,
NON,2610757330,Paramount Liquor - SA,"Pooraka, AU",Pooraka,AU,Wholesaler,-34.8333487,138.6040858,https://us.non.world/pages/store-locator,2026-08-31T20:04:52.271834+00:00,,,,,,,,
NON,2610757434,The Leederville Hotel,"Leederville, AU",Leederville,AU,Pub,-31.9371443,115.8417325,https://us.non.world/pages/store-locator,2026-08-31T20:04:52.271834+00:00,,,,,,,,
NON,2610724828,Sandalford Wines,"Caversham, AU",Caversham,AU,Winery,-31.8687144,115.9927902,https://us.non.world/pages/store-locator,2026-08-31T20:04:52.271834+00:00,,,,,,,,
NON,2610757336,Light Years Newcastle,"Newcastle, AU",Newcastle,AU,Restaurant,-32.927148,151.775059,https://us.non.world/pages/store-locator,2026-08-31T20:04:52.271834+00:00,,,,,,,,
NON,2610724770,Hinchcliff House,"Sydney, AU",Sydney,AU,Restaurant,-33.8625166,151.2109494,https://us.non.world/pages/store-locator,2026-08-31T20:04:52.271834+00:00,,,,,,,,
NON,2610694829,Promenade Bondi Beach,"Bondi Beach, AU",Bondi Beach,AU,Restaurant,-33.8900918,151.2770796,https://us.non.world/pages/store-locator,2026-08-31T20:04:52.271834+00:00,,,,,,,,
NON,2610694786,The Argyle,"The Rocks, AU",The Rocks,AU,Bar,-33.8587917,151.207893,https://us.non.world/pages/store-locator,2026-08-31T20:04:52.271834+00:00,,,,,,,,
NON,2610757437,Pearl Circular Quay,"Level 1/50 Bridge Street, AU",Level 1/50 Bridge Street,AU,Cantonese Restaurant,-33.8627778,151.2115271,https://us.non.world/pages/store-locator,2026-08-31T20:04:52.271834+00:00,,,,,,,,
NON,2610724709,Peninsula Hot Springs,"Fingal, AU",Fingal,AU,Public Bath,-38.4072948,144.8408101,https://us.non.world/pages/store-locator,2026-08-31T20:04:52.271834+00:00,,,,,,,,
NON,2610724829,European,"Melbourne, AU",Melbourne,AU,European Restaurant,-37.8108981,144.9725911,https://us.non.world/pages/store-locator,2026-08-31T20:04:52.271834+00:00,,,,,,,,
NON,2610757272,Paramount Liquor,"Derrimut, AU",Derrimut,AU,Wholesaler,-37.7856492,144.7820952,https://us.non.world/pages/store-locator,2026-08-31T20:04:52.271834+00:00,,,,,,,,
NON,2610694781,Liqourland Warehouse Mansfield Store: 2241,"Mansfield, AU",Mansfield,AU,Liquor Store,-27.5342012,153.1031045,https://us.non.world/pages/store-locator,2026-08-31T20:04:52.271834+00:00,,,,,,,,
NON,2610724578,Liquorland Coorparoo 2236,"Coorparoo, AU",Coorparoo,AU,Liquor Store,-27.5111763,153.0642934,https://us.non.world/pages/store-locator,2026-08-31T20:04:52.271834+00:00,,,,,,,,
NON,2610694789,Wine Experience - Retail,"Paddington, AU",Paddington,AU,Liquor Store,-27.4663994,152.9975935,https://us.non.world/pages/store-locator,2026-08-31T20:04:52.271834+00:00,,,,,,,,
NON,2610724819,Bisou Bisou Restaurant,"458 Brunswick Street, AU",458 Brunswick Street,AU,French Restaurant,-27.4602208,153.037593,https://us.non.world/pages/store-locator,2026-08-31T20:04:52.271834+00:00,,,,,,,,
NON,2610747411,Naldham House,"Brisbane, AU",Brisbane,AU,Restaurant,-27.4700529,153.0301694,https://us.non.world/pages/store-locator,2026-08-31T20:04:52.271834+00:00,,,,,,,,
NON,2610735759,The Calile Hotel,"Fortitude Valley, AU",Fortitude Valley,AU,Hotel,-27.4566672,153.0403757,https://us.non.world/pages/store-locator,2026-08-31T20:04:52.271834+00:00,,,,,,,,
NON,2610654796,Besk,"West Leederville, AU",West Leederville,AU,Gastropub,-31.94218,115.83271,https://us.non.world/pages/store-locator,2026-08-31T20:04:52.271834+00:00,,,,,,,,
NON,2610747574,Camperdown Cellars Parramatta Rd,"Camperdown, AU",Camperdown,AU,Liquor Store,-33.8864711,151.1770648,https://us.non.world/pages/store-locator,2026-08-31T20:04:52.271834+00:00,,,,,,,,
NON,2610654713,Island Radio,"Redfern, AU",Redfern,AU,Restaurant,-33.8915097,151.212596,https://us.non.world/pages/store-locator,2026-08-31T20:04:52.271834+00:00,,,,,,,,
NON,2610654632,South on Albany,"Berry, AU",Berry,AU,Restaurant,-34.7748553,150.6944309,https://us.non.world/pages/store-locator,2026-08-31T20:04:52.271834+00:00,,,,,,,,
NON,2610654717,Pullman Quay Grand Sydney Harbour,"Sydney, AU",Sydney,AU,Hotel,-33.8608181,151.2126244,https://us.non.world/pages/store-locator,2026-08-31T20:04:52.271834+00:00,,,,,,,,
NON,2610654633,PREFECTURE 48,"Sydney, AU",Sydney,AU,Japanese Restaurant,-33.8720856,151.2041883,https://us.non.world/pages/store-locator,2026-08-31T20:04:52.271834+00:00,,,,,,,,
NON,2610735760,Shangri-La Hotel Sydney,"The Rocks, AU",The Rocks,AU,Hotel,-33.861474,151.2061676,https://us.non.world/pages/store-locator,2026-08-31T20:04:52.271834+00:00,,,,,,,,
NON,2610724759,Scopri,"Carlton, AU",Carlton,AU,Italian Restaurant,-37.7956862,144.975082,https://us.non.world/pages/store-locator,2026-08-31T20:04:52.271834+00:00,,,,,,,,
NON,2610694801,Marion Wine Bar,"Fitzroy, AU",Fitzroy,AU,Wine Bar,-37.8054372,144.9758521,https://us.non.world/pages/store-locator,2026-08-31T20:04:52.271834+00:00,,,,,,,,
NON,2610724846,Sake Hamerhall Argyle,"Southbank Promenade, AU",Southbank Promenade,AU,Japanese Restaurant,-37.8201455,144.9679946,https://us.non.world/pages/store-locator,2026-08-31T20:04:52.271834+00:00,,,,,,,,
NON,2610694803,Vue Group Pty Ltd,"525 Collins Street, AU",525 Collins Street,AU,Fine Dining Restaurant,-37.8182741,144.957646,https://us.non.world/pages/store-locator,2026-08-31T20:04:52.271834+00:00,,,,,,,,
NON,2610724823,du Fermier,"Trentham, AU",Trentham,AU,Restaurant,-37.3886368,144.3221034,https://us.non.world/pages/store-locator,2026-08-31T20:04:52.271834+00:00,,,,,,,,
NON,2610757392,Harriot,"Melbourne, AU",Melbourne,AU,Bistro,-37.8187455,144.9562148,https://us.non.world/pages/store-locator,2026-08-31T20:04:52.271834+00:00,,,,,,,,
NON,2610694805,Gradi Bar,"Southbank, AU",Southbank,AU,Italian Restaurant,-37.8239578,144.9594467,https://us.non.world/pages/store-locator,2026-08-31T20:04:52.271834+00:00,,,,,,,,
NON,2610724924,LiquorlandWarehouse Tweed Heads South 2216,"Tweed Heads South, AU",Tweed Heads South,AU,Liquor Store,-28.2061336,153.544985,https://us.non.world/pages/store-locator,2026-08-31T20:04:52.271834+00:00,,,,,,,,
NON,2610654849,Bar Monte Newstead,"Newstead, AU",Newstead,AU,Italian Restaurant,-27.4516885,153.0455223,https://us.non.world/pages/store-locator,2026-08-31T20:04:52.271834+00:00,,,,,,,,
NON,2610735790,Golden Avenue,"Brisbane, AU",Brisbane,AU,Restaurant,-27.4708311,153.0296138,https://us.non.world/pages/store-locator,2026-08-31T20:04:52.271834+00:00,,,,,,,,
NON,2610747584,Honto Restaurant,"Fortitude Valley, AU",Fortitude Valley,AU,Japanese Restaurant,-27.4559913,153.0344918,https://us.non.world/pages/store-locator,2026-08-31T20:04:52.271834+00:00,,,,,,,,
NON,2610735767,"Ruby, My Dear","Newstead, AU",Newstead,AU,Restaurant,-27.4511827,153.0465185,https://us.non.world/pages/store-locator,2026-08-31T20:04:52.271834+00:00,,,,,,,,
NON,2610735791,Sails Noosa,"Noosa Heads, AU",Noosa Heads,AU,Restaurant,-26.3869148,153.0926328,https://us.non.world/pages/store-locator,2026-08-31T20:04:52.271834+00:00,,,,,,,,
NON,2610735967,Kiin Restaurant,"Adelaide, AU",Adelaide,AU,Asian Restaurant,-34.9301619,138.6035598,https://us.non.world/pages/store-locator,2026-08-31T20:04:52.271834+00:00,,,,,,,,
NON,2610654750,The Heritage Wine Bar,"Perth, AU",Perth,AU,Restaurant,-31.9491095,115.8492186,https://us.non.world/pages/store-locator,2026-08-31T20:04:52.271834+00:00,,,,,,,,
NON,2610736078,Treasury WA (Wildflower),"1 Cathedral Avenue, AU",1 Cathedral Avenue,AU,Fine Dining Restaurant,-31.95559119999999,115.8606873,https://us.non.world/pages/store-locator,2026-08-31T20:04:52.271834+00:00,,,,,,,,
NON,2610735807,Spinifex Brewery Cable Beach,"Cable Beach, AU",Cable Beach,AU,Brewery,-17.929943,122.2164594,https://us.non.world/pages/store-locator,2026-08-31T20:04:52.271834+00:00,,,,,,,,
NON,2610654851,QT Canberra,"Canberra, AU",Canberra,AU,Hotel,-35.2838256,149.1254447,https://us.non.world/pages/store-locator,2026-08-31T20:04:52.271834+00:00,,,,,,,,
NON,2610654852,Liquorland Toowoomba 2256,"Kearneys Spring, AU",Kearneys Spring,AU,Liquor Store,-27.5944338,151.9481576,https://us.non.world/pages/store-locator,2026-08-31T20:04:52.271834+00:00,,,,,,,,
NON,2610654776,Matkim,"Sydney, AU",Sydney,AU,Restaurant,-33.8620497,151.2081274,https://us.non.world/pages/store-locator,2026-08-31T20:04:52.271834+00:00,,,,,,,,
NON,2610694875,Glasshaus Bridge Road,"Richmond, AU",Richmond,AU,Event Venue,-37.8192724,145.0036028,https://us.non.world/pages/store-locator,2026-08-31T20:04:52.271834+00:00,,,,,,,,
NON,2610725008,Daughter in Law - Chapel Street,"South Yarra, AU",South Yarra,AU,Restaurant,-37.8383599,144.9956174,https://us.non.world/pages/store-locator,2026-08-31T20:04:52.271834+00:00,,,,,,,,
NON,2610757406,Byblos Bar & Restaurant Melbourne,"Docklands, AU",Docklands,AU,Lebanese Restaurant,-37.8226241,144.9538037,https://us.non.world/pages/store-locator,2026-08-31T20:04:52.271834+00:00,,,,,,,,
NON,2610747532,Cecconis Flinders Lane,"Melbourne, AU",Melbourne,AU,Italian Restaurant,-37.8150555,144.9725293,https://us.non.world/pages/store-locator,2026-08-31T20:04:52.271834+00:00,,,,,,,,
NON,2610735953,Mona Castle Hotel,"Seddon, AU",Seddon,AU,Pub,-37.805951,144.893301,https://us.non.world/pages/store-locator,2026-08-31T20:04:52.271834+00:00,,,,,,,,
NON,2610654788,Parkhill Cellars - North Melbourne,"North Melbourne, AU",North Melbourne,AU,Liquor Store,-37.8039753,144.9491966,https://us.non.world/pages/store-locator,2026-08-31T20:04:52.271834+00:00,,,,,,,,
NON,2610735650,Liquorland Warehouse Cairns 2242,"Cairns City, AU",Cairns City,AU,Liquor Store,-16.9228778,145.7733763,https://us.non.world/pages/store-locator,2026-08-31T20:04:52.271834+00:00,,,,,,,,
NON,2610654737,Boom Boom Room,"Brisbane, AU",Brisbane,AU,Asian Restaurant,-27.4715248,153.0247916,https://us.non.world/pages/store-locator,2026-08-31T20:04:52.271834+00:00,,,,,,,,
NON,2610747525,Brisbane Convention & Exhibition Centre,"South Brisbane, AU",South Brisbane,AU,Convention Center,-27.4784822,153.0188681,https://us.non.world/pages/store-locator,2026-08-31T20:04:52.271834+00:00,,,,,,,,
NON,2610735975,Flight Centre Retail - 20805531,"Brisbane City, AU",Brisbane City,AU,Travel Agency,-27.4697876,153.0246376,https://us.non.world/pages/store-locator,2026-08-31T20:04:52.271834+00:00,,,,,,,,
NON,2610735843,Alpha Box & Dice,"McLaren Vale, AU",McLaren Vale,AU,Winery,-35.2076374,138.5452995,https://us.non.world/pages/store-locator,2026-08-31T20:04:52.271834+00:00,,,,,,,,
NON,2610747724,James Parker Restaurant,"Northbridge, AU",Northbridge,AU,Japanese Restaurant,-31.9471511,115.8557728,https://us.non.world/pages/store-locator,2026-08-31T20:04:52.271834+00:00,,,,,,,,
NON,2610747529,Drift Kitchen,"Scarborough, AU",Scarborough,AU,Cafe,-31.8995817,115.7684578,https://us.non.world/pages/store-locator,2026-08-31T20:04:52.271834+00:00,,,,,,,,
NON,2610654810,Vincent Wine,"Perth, AU",Perth,AU,Bar,-31.94263539999999,115.8631445,https://us.non.world/pages/store-locator,2026-08-31T20:04:52.271834+00:00,,,,,,,,
NON,2610725046,Civico 47,"Paddington, AU",Paddington,AU,Italian Restaurant,-33.8848863,151.2329152,https://us.non.world/pages/store-locator,2026-08-31T20:04:52.271834+00:00,,,,,,,,
NON,2610695058,Alberto's Lounge PTY LTD,"Sydney, AU",Sydney,AU,Italian Restaurant,-33.8778491,151.210626,https://us.non.world/pages/store-locator,2026-08-31T20:04:52.271834+00:00,,,,,,,,
NON,2610724966,Teller,"Brunswick East, AU",Brunswick East,AU,Bar,-37.7764148,144.9707119,https://us.non.world/pages/store-locator,2026-08-31T20:04:52.271834+00:00,,,,,,,,
NON,2610724967,Liquorland Warehouse Werribee 2288,"Werribee, AU",Werribee,AU,Liquor Store,-37.9019925,144.6637106,https://us.non.world/pages/store-locator,2026-08-31T20:04:52.271834+00:00,,,,,,,,
NON,2610757421,The Ville Resort - Casino,"Townsville, AU",Townsville,AU,Hotel,-19.2542771,146.8256752,https://us.non.world/pages/store-locator,2026-08-31T20:04:52.271834+00:00,,,,,,,,
NON,2610694930,Liquorland Warehouse Kenmore 2255,"Kenmore, AU",Kenmore,AU,Liquor Store,-27.5063899,152.9485314,https://us.non.world/pages/store-locator,2026-08-31T20:04:52.271834+00:00,,,,,,,,
NON,2610757423,Donna Chang,"Brisbane, AU",Brisbane,AU,Restaurant,-27.4717305,153.0247511,https://us.non.world/pages/store-locator,2026-08-31T20:04:52.271834+00:00,,,,,,,,
NON,2610695011,Dorsia,"Byron Bay, AU",Byron Bay,AU,Restaurant,-28.6469324,153.6130492,https://us.non.world/pages/store-locator,2026-08-31T20:04:52.271834+00:00,,,,,,,,
NON,2610695087,Daughter in Law - Adelaide,"Adelaide, AU",Adelaide,AU,Indian Restaurant,-34.922268,138.6102075,https://us.non.world/pages/store-locator,2026-08-31T20:04:52.271834+00:00,,,,,,,,
NON,2610757299,Print Hall,"125 St George's Terrace, AU",125 St George's Terrace,AU,Bar,-31.9546003,115.8551076,https://us.non.world/pages/store-locator,2026-08-31T20:04:52.271834+00:00,,,,,,,,
NON,2610695003,The East Chinese Restaurant,"Sydney, AU",Sydney,AU,Chinese Restaurant,-33.8595275,151.2129696,https://us.non.world/pages/store-locator,2026-08-31T20:04:52.271834+00:00,,,,,,,,
NON,2610757453,Liquorland Darlinghusrt 2212,"Darlinghurst, AU",Darlinghurst,AU,Liquor Store,-33.8786824,151.2137066,https://us.non.world/pages/store-locator,2026-08-31T20:04:52.271834+00:00,,,,,,,,
NON,2610747670,Kemeny's Food & Liquor,"Bondi, AU",Bondi,AU,Liquor Store,-33.8939972,151.2631988,https://us.non.world/pages/store-locator,2026-08-31T20:04:52.271834+00:00,,,,,,,,
NON,2610735942,1001 Nights Restaurant and Bar,"Mount Eliza, AU",Mount Eliza,AU,Middle Eastern Restaurant,-38.1832824,145.0892198,https://us.non.world/pages/store-locator,2026-08-31T20:04:52.271834+00:00,,,,,,,,
NON,2610735929,The Flinders Golf Club,"Flinders, AU",Flinders,AU,Sports Club,-38.4773974,145.0224599,https://us.non.world/pages/store-locator,2026-08-31T20:04:52.271834+00:00,,,,,,,,
NON,2610747634,Treviso Bar and Dining,"Melbourne, AU",Melbourne,AU,Italian Restaurant,-37.8166927,144.9605845,https://us.non.world/pages/store-locator,2026-08-31T20:04:52.271834+00:00,,,,,,,,
NON,2610654925,Barringtons Liquor Liquid HQ,"South Yarra, AU",South Yarra,AU,Liquor Store,-37.8372111,144.9964086,https://us.non.world/pages/store-locator,2026-08-31T20:04:52.271834+00:00,,,,,,,,
NON,2610747620,Beverly Rooftop,"South Yarra, AU",South Yarra,AU,Restaurant,-37.8383599,144.9956174,https://us.non.world/pages/store-locator,2026-08-31T20:04:52.271834+00:00,,,,,,,,
NON,2610654843,The Lion and Wombat,"St Kilda, AU",St Kilda,AU,Pub,-37.863832,144.9811048,https://us.non.world/pages/store-locator,2026-08-31T20:04:52.271834+00:00,,,,,,,,
NON,2610747701,Le Bar Supper Club,"Beaumaris, AU",Beaumaris,AU,Restaurant,-37.98558999999999,145.034151,https://us.non.world/pages/store-locator,2026-08-31T20:04:52.271834+00:00,,,,,,,,
NON,2610654927,Rich & Rare Restaurant,"West End, AU",West End,AU,Restaurant,-27.4778999,153.0111736,https://us.non.world/pages/store-locator,2026-08-31T20:04:52.271834+00:00,,,,,,,,
NON,2610654928,Ferry Road Wine & Beer,"Southport, AU",Southport,AU,Liquor Store,-27.9798165,153.4098228,https://us.non.world/pages/store-locator,2026-08-31T20:04:52.271834+00:00,,,,,,,,
NON,2610655054,Byron Liquor Supplies,"Byron Bay, AU",Byron Bay,AU,Liquor Store,-28.6425704,153.6130902,https://us.non.world/pages/store-locator,2026-08-31T20:04:52.271834+00:00,,,,,,,,
NON,2610735982,Elements of Byron,"Byron Bay, AU",Byron Bay,AU,Hotel,-28.6258868,153.587066,https://us.non.world/pages/store-locator,2026-08-31T20:04:52.271834+00:00,,,,,,,,
NON,2610747647,Sky City Adelaide,"Adelaide, AU",Adelaide,AU,Casino,-34.9212178,138.6047935,https://us.non.world/pages/store-locator,2026-08-31T20:04:52.271834+00:00,,,,,,,,
NON,2610654942,Liquorland Warehouse Riverton 2310,"Riverton, AU",Riverton,AU,Liquor Store,-32.0389342,115.9079346,https://us.non.world/pages/store-locator,2026-08-31T20:04:52.271834+00:00,,,,,,,,
NON,2610654857,Liquorland Cellars Surry Hills 2186,"Redfern, AU",Redfern,AU,Liquor Store,-33.8916773,151.2123604,https://us.non.world/pages/store-locator,2026-08-31T20:04:52.271834+00:00,,,,,,,,
NON,2610695132,The Eveleigh Hotel,"Redfern, AU",Redfern,AU,Pub,-33.8894249,151.1983378,https://us.non.world/pages/store-locator,2026-08-31T20:04:52.271834+00:00,,,,,,,,
NON,2610725460,Olympus,"2 Baptist Street, AU",2 Baptist Street,AU,Greek Restaurant,-33.8918937,151.2123161,https://us.non.world/pages/store-locator,2026-08-31T20:04:52.271834+00:00,,,,,,,,
NON,2610725461,Seddon Wine Store,"Seddon, AU",Seddon,AU,Liquor Store,-37.8058832,144.8920485,https://us.non.world/pages/store-locator,2026-08-31T20:04:52.271834+00:00,,,,,,,,
NON,2610695135,The Mansion at Werribee Park,"Werribee, AU",Werribee,AU,Park,-37.9266872,144.6689634,https://us.non.world/pages/store-locator,2026-08-31T20:04:52.271834+00:00,,,,,,,,
NON,2610725466,Cru Bar & Cellar,"Fortitude Valley, AU",Fortitude Valley,AU,Wine Bar,-27.4560528,153.0392609,https://us.non.world/pages/store-locator,2026-08-31T20:04:52.271834+00:00,,,,,,,,
NON,2610695136,HSW Nominees Howard Smith Wharves,"Brisbane, AU",Brisbane,AU,Tourist Attraction,-27.4624151,153.0354082,https://us.non.world/pages/store-locator,2026-08-31T20:04:52.271834+00:00,,,,,,,,
NON,2610695070,Craft Coorparoo,"Coorparoo, AU",Coorparoo,AU,Liquor Store,-27.4953236,153.0573413,https://us.non.world/pages/store-locator,2026-08-31T20:04:52.271834+00:00,,,,,,,,
NON,2610695071,Mosconi,"Fortitude Valley, AU",Fortitude Valley,AU,European Restaurant,-27.4573331,153.0412841,https://us.non.world/pages/store-locator,2026-08-31T20:04:52.271834+00:00,,,,,,,,
NON,2610725082,Bianca Restaurant,"46 James Street, AU",46 James Street,AU,Italian Restaurant,-27.4561526,153.0404758,https://us.non.world/pages/store-locator,2026-08-31T20:04:52.271834+00:00,,,,,,,,
NON,2610694994,Liquorland Collinswood 5492,"Collinswood, AU",Collinswood,AU,Liquor Store,-34.8841337,138.619312,https://us.non.world/pages/store-locator,2026-08-31T20:04:52.271834+00:00,,,,,,,,
NON,2610724979,Sofia,"Adelaide, AU",Adelaide,AU,Restaurant,-34.9256097,138.6121497,https://us.non.world/pages/store-locator,2026-08-31T20:04:52.271834+00:00,,,,,,,,
NON,2610747625,Floreat Beach Kiosk,"City Beach, AU",City Beach,AU,Restaurant,-31.9414155,115.7559296,https://us.non.world/pages/store-locator,2026-08-31T20:04:52.271834+00:00,,,,,,,,
NON,2610736067,Paramount Liquor Brisbane,"Narangba, AU",Narangba,AU,Wholesaler,-27.2079788,152.9874995,https://us.non.world/pages/store-locator,2026-08-31T20:04:52.271834+00:00,,,,,,,,
NON,2610747626,Rae's Restaurant Watego's,"Byron Bay, AU",Byron Bay,AU,Hotel,-28.6373683,153.6327048,https://us.non.world/pages/store-locator,2026-08-31T20:04:52.271834+00:00,,,,,,,,
NON,2610654879,Liquorland Warehouse Ellenbrook 2317,"Ellenbrook, AU",Ellenbrook,AU,Liquor Store,-31.7813753,115.9676347,https://us.non.world/pages/store-locator,2026-08-31T20:04:52.271834+00:00,,,,,,,,
NON,2610695052,Ogee Restaurant,"North Hobart, AU",North Hobart,AU,Restaurant,-42.8757744,147.3152081,https://us.non.world/pages/store-locator,2026-08-31T20:04:52.271834+00:00,,,,,,,,
NON,2610757645,Liquorland Warehouse Concord 2233,"Concord West, AU",Concord West,AU,Liquor Store,-33.8403219,151.0886702,https://us.non.world/pages/store-locator,2026-08-31T20:04:52.271834+00:00,,,,,,,,
NON,2610725031,Liquorland Warehouse Naremburn 2234,"Naremburn, AU",Naremburn,AU,Liquor Store,-33.8169877,151.2010011,https://us.non.world/pages/store-locator,2026-08-31T20:04:52.271834+00:00,,,,,,,,
NON,2610736063,O Bar and Dining,"Level 47/264 George Street, AU",Level 47/264 George Street,AU,Restaurant,-33.8648535,151.2079675,https://us.non.world/pages/store-locator,2026-08-31T20:04:52.271834+00:00,,,,,,,,
NON,2610655036,The Big Group @ MCA,"140 George Street, AU",140 George Street,AU,Art museum,-33.8599358,151.2090295,https://us.non.world/pages/store-locator,2026-08-31T20:04:52.271834+00:00,,,,,,,,
NON,2610736073,Saltbush Bar and Grill,"Ballina, AU",Ballina,AU,Restaurant,-28.8727383,153.5624064,https://us.non.world/pages/store-locator,2026-08-31T20:04:52.271834+00:00,,,,,,,,
NON,2610736125,Lamanna Direct,"Essendon Fields, AU",Essendon Fields,AU,Supermarket,-37.72660279999999,144.8935811,https://us.non.world/pages/store-locator,2026-08-31T20:04:52.271834+00:00,,,,,,,,
NON,2610736169,Moon House 282,"Balaclava, AU",Balaclava,AU,Chinese Restaurant,-37.8686576,144.9935742,https://us.non.world/pages/store-locator,2026-08-31T20:04:52.271834+00:00,,,,,,,,
NON,2610736019,Act of Wine,"Southbank, AU",Southbank,AU,Liquor Store,-37.8223774,144.9667858,https://us.non.world/pages/store-locator,2026-08-31T20:04:52.271834+00:00,,,,,,,,
NON,2610736020,Bincho Boss,"Melbourne, AU",Melbourne,AU,Japanese Restaurant,-37.8137651,144.9614643,https://us.non.world/pages/store-locator,2026-08-31T20:04:52.271834+00:00,,,,,,,,
NON,2610736172,Frenchie,"Melbourne, AU",Melbourne,AU,Restaurant,-37.8139436,144.9734554,https://us.non.world/pages/store-locator,2026-08-31T20:04:52.271834+00:00,,,,,,,,
NON,2610736064,Liquorland Cellars New Farm 2239,"Shop 10/83 Merthyr Road, AU",Shop 10/83 Merthyr Road,AU,Liquor Store,-27.4669313,153.047282,https://us.non.world/pages/store-locator,2026-08-31T20:04:52.271834+00:00,,,,,,,,
NON,2610747891,Liquorland Newstead 2250,"Newstead, AU",Newstead,AU,Liquor Store,-27.4526897,153.0412309,https://us.non.world/pages/store-locator,2026-08-31T20:04:52.271834+00:00,,,,,,,,
NON,2610747690,Eltham Hotel,"Eltham, AU",Eltham,AU,Hotel,-28.7562532,153.3940053,https://us.non.world/pages/store-locator,2026-08-31T20:04:52.271834+00:00,,,,,,,,
NON,2610655169,Liquorland Ingle Farm 5482,"Montague Rd, AU",Montague Rd,AU,Liquor Store,-34.8274288,138.6463395,https://us.non.world/pages/store-locator,2026-08-31T20:04:52.271834+00:00,,,,,,,,
NON,2610654921,CU29,"West Perth, AU",West Perth,AU,Restaurant,-31.9483353,115.8399984,https://us.non.world/pages/store-locator,2026-08-31T20:04:52.271834+00:00,,,,,,,,
NON,2610725194,Winona Wine,"Manly, AU",Manly,AU,Liquor Store,-33.7952655,151.2854706,https://us.non.world/pages/store-locator,2026-08-31T20:04:52.271834+00:00,,,,,,,,
NON,2610694962,QT Sydney,"Sydney, AU",Sydney,AU,Hotel,-33.8707925,151.2074478,https://us.non.world/pages/store-locator,2026-08-31T20:04:52.271834+00:00,,,,,,,,
NON,2610695046,W Sydney,"Sydney, AU",Sydney,AU,Hotel,-33.8735409,151.2015508,https://us.non.world/pages/store-locator,2026-08-31T20:04:52.271834+00:00,,,,,,,,
NON,2610736180,Donny's,"Northcote, AU",Northcote,AU,Pub,-37.7807257,144.996576,https://us.non.world/pages/store-locator,2026-08-31T20:04:52.271834+00:00,,,,,,,,
NON,2610736181,Poodle Bar and Bistro,"Fitzroy, AU",Fitzroy,AU,Restaurant,-37.8055681,144.9766929,https://us.non.world/pages/store-locator,2026-08-31T20:04:52.271834+00:00,,,,,,,,
NON,2610747894,Liquorland Warehouse Pascoe Vale 2291,"Pascoe Vale, AU",Pascoe Vale,AU,Liquor Store,-37.731824,144.9391708,https://us.non.world/pages/store-locator,2026-08-31T20:04:52.271834+00:00,,,,,,,,
NON,2610747729,Oasis Fairfield,"Fairfield, AU",Fairfield,AU,Cafe,-37.777904,145.0180419,https://us.non.world/pages/store-locator,2026-08-31T20:04:52.271834+00:00,,,,,,,,
NON,2610747693,Rydges Melbourne,"Melbourne, AU",Melbourne,AU,Hotel,-37.8112832,144.9707745,https://us.non.world/pages/store-locator,2026-08-31T20:04:52.271834+00:00,,,,,,,,
NON,2610695253,Hotel Windsor,"Melbourne, AU",Melbourne,AU,Hotel,-37.8118979,144.9728088,https://us.non.world/pages/store-locator,2026-08-31T20:04:52.271834+00:00,,,,,,,,
NON,2610695120,The Kingston,"Richmond, AU",Richmond,AU,Pub,-37.81499900000001,144.9933267,https://us.non.world/pages/store-locator,2026-08-31T20:04:52.271834+00:00,,,,,,,,
NON,2610695122,Art Gallery of New South Wales,"Sydney, AU",Sydney,AU,Art Gallery,-33.8688312,151.2162173,https://us.non.world/pages/store-locator,2026-08-31T20:04:52.271834+00:00,,,,,,,,
NON,2610655066,Lindenderry At Red Hill,"Red Hill, AU",Red Hill,AU,Winery,-38.3702064,145.0169578,https://us.non.world/pages/store-locator,2026-08-31T20:04:52.271834+00:00,,,,,,,,
NON,2610736155,McCoppins - Fitzroy,"Fitzroy, AU",Fitzroy,AU,Liquor Store,-37.7982071,144.9804163,https://us.non.world/pages/store-locator,2026-08-31T20:04:52.271834+00:00,,,,,,,,
NON,2610747775,McCoppins Hawthorn,"Hawthorn East, AU",Hawthorn East,AU,Grocery Store,-37.8331776,145.0474547,https://us.non.world/pages/store-locator,2026-08-31T20:04:52.271834+00:00,,,,,,,,
NON,2610655129,NEWQUARTER83,"Williams Landing, AU",Williams Landing,AU,Restaurant,-37.8622254,144.7479385,https://us.non.world/pages/store-locator,2026-08-31T20:04:52.271834+00:00,,,,,,,,
NON,2610747696,Nick & Nora's Melbourne,"Melbourne, AU",Melbourne,AU,Bar,-37.8135003,144.9707349,https://us.non.world/pages/store-locator,2026-08-31T20:04:52.271834+00:00,,,,,,,,
NON,2610736189,Kent Hotel,"CARLTON NORTH, AU",CARLTON NORTH,AU,Pub,-37.7887189,144.9723024,https://us.non.world/pages/store-locator,2026-08-31T20:04:52.271834+00:00,,,,,,,,
NON,2610725127,Cellarbrations - Mackenzie Row,"East Toowoomba, AU",East Toowoomba,AU,Liquor Store,-27.5582698,151.9714949,https://us.non.world/pages/store-locator,2026-08-31T20:04:52.271834+00:00,,,,,,,,
NON,2610757559,Walters Steakhouse,"Brisbane, AU",Brisbane,AU,Steak House,-27.4720822,153.0303404,https://us.non.world/pages/store-locator,2026-08-31T20:04:52.271834+00:00,,,,,,,,
NON,2610725497,sAmesAme,"46 James Street, AU",46 James Street,AU,Thai Restaurant,-27.4561526,153.0404758,https://us.non.world/pages/store-locator,2026-08-31T20:04:52.271834+00:00,,,,,,,,
NON,2610747710,Gaia Retreat & Spa,"Brooklet, AU",Brooklet,AU,Health,-28.7322213,153.5054443,https://us.non.world/pages/store-locator,2026-08-31T20:04:52.271834+00:00,,,,,,,,
NON,2610736218,The Smoking Camel,"Byron Bay, AU",Byron Bay,AU,Restaurant,-28.6421544,153.6134936,https://us.non.world/pages/store-locator,2026-08-31T20:04:52.271834+00:00,,,,,,,,
NON,2610747814,Parade Cellars,"Norwood, AU",Norwood,AU,Liquor Store,-34.9205561,138.6351708,https://us.non.world/pages/store-locator,2026-08-31T20:04:52.271834+00:00,,,,,,,,
NON,2610736209,Anglesea,"Fremantle, AU",Fremantle,AU,Restaurant,-32.0550009,115.7489385,https://us.non.world/pages/store-locator,2026-08-31T20:04:52.271834+00:00,,,,,,,,
NON,2610736224,Warders Hotel,"Fremantle, AU",Fremantle,AU,Hotel,-32.0555181,115.7494528,https://us.non.world/pages/store-locator,2026-08-31T20:04:52.271834+00:00,,,,,,,,
NON,2610747815,Liquorland Warehouse Belconnen 2184,"Belconnen, AU",Belconnen,AU,Liquor Store,-35.2444859,149.0637969,https://us.non.world/pages/store-locator,2026-08-31T20:04:52.271834+00:00,,,,,,,,
NON,2610736190,a Mare Bar,"Level 1/1 Barangaroo Avenue, AU",Level 1/1 Barangaroo Avenue,AU,Italian Restaurant,-33.8624998,151.2010828,https://us.non.world/pages/store-locator,2026-08-31T20:04:52.271834+00:00,,,,,,,,
NON,2610747816,Woodcut Bar,"Level 1/1 Barangaroo Avenue, AU",Level 1/1 Barangaroo Avenue,AU,Australian Restaurant,-33.8624998,151.2010828,https://us.non.world/pages/store-locator,2026-08-31T20:04:52.271834+00:00,,,,,,,,
NON,2610747817,Alta Trattoria,"Fitzroy, AU",Fitzroy,AU,Restaurant,-37.799217,144.9785561,https://us.non.world/pages/store-locator,2026-08-31T20:04:52.271834+00:00,,,,,,,,
NON,2610748242,Marquis of Lorne,"Fitzroy, AU",Fitzroy,AU,Pub,-37.7972725,144.9819655,https://us.non.world/pages/store-locator,2026-08-31T20:04:52.271834+00:00,,,,,,,,
NON,2610736270,McCoppins Food & Wine - Clifton Hill,"Clifton Hill, AU",Clifton Hill,AU,Grocery Store,-37.7648818,144.9457062,https://us.non.world/pages/store-locator,2026-08-31T20:04:52.271834+00:00,,,,,,,,
NON,2610747837,Liquorland Cellars Brighton 2274,"Brighton, AU",Brighton,AU,Liquor Store,-37.9151699,144.995328,https://us.non.world/pages/store-locator,2026-08-31T20:04:52.271834+00:00,,,,,,,,
NON,2610736144,Maha Restaurant,"Melbourne, AU",Melbourne,AU,Middle Eastern Restaurant,-37.8181528,144.962662,https://us.non.world/pages/store-locator,2026-08-31T20:04:52.271834+00:00,,,,,,,,
NON,2610777448,Black Sheep Bottleshop Newmarket,"Newmarket, AU",Newmarket,AU,Liquor Store,-27.4371213,153.0067008,https://us.non.world/pages/store-locator,2026-08-31T20:04:52.271834+00:00,,,,,,,,
NON,2610725786,Ole & Sangria Restaurant and Tapas Bar,"South Brisbane, AU",South Brisbane,AU,Spanish Restaurant,-27.4779597,153.0213557,https://us.non.world/pages/store-locator,2026-08-31T20:04:52.271834+00:00,,,,,,,,
NON,2610725255,The Ellington Jazz Club,"Perth, AU",Perth,AU,Bar,-31.9466,115.86416,https://us.non.world/pages/store-locator,2026-08-31T20:04:52.271834+00:00,,,,,,,,
NON,2610725787,Gurner Wellness Operations (Collingwood) Pty Ltd,"Collingwood, AU",Collingwood,AU,Wellness Center,-37.8082313,144.9855712,https://us.non.world/pages/store-locator,2026-08-31T20:04:52.271834+00:00,,,,,,,,
NON,2610736272,Liquorland Townsville Warehouse 2252,"Townsville, AU",Townsville,AU,Liquor Store,-19.2669226,146.8080391,https://us.non.world/pages/store-locator,2026-08-31T20:04:52.271834+00:00,,,,,,,,
NON,2610665248,Yakisan Pty Ltd,"North Adelaide, AU",North Adelaide,AU,Japanese Restaurant,-34.9063487,138.5963404,https://us.non.world/pages/store-locator,2026-08-31T20:04:52.271834+00:00,,,,,,,,
NON,2610655164,Baillie Hill,"East Victoria Park, AU",East Victoria Park,AU,Community Center,-31.9922354,115.9092871,https://us.non.world/pages/store-locator,2026-08-31T20:04:52.271834+00:00,,,,,,,,
NON,2610665395,Liquorland Warehouse Ashfield 2219,"Ashfield, AU",Ashfield,AU,Liquor Store,-33.8906088,151.1283955,https://us.non.world/pages/store-locator,2026-08-31T20:04:52.271834+00:00,,,,,,,,
NON,2610736232,Sydney Tower Restaurant - 360 Bar & Dining,"108 Market Street, AU",108 Market Street,AU,Restaurant,-33.8705723,151.208515,https://us.non.world/pages/store-locator,2026-08-31T20:04:52.271834+00:00,,,,,,,,
NON,2610736274,Jefferies Family Supermarket,"Croydon Hills, AU",Croydon Hills,AU,Grocery Store,-37.7832766,145.2692894,https://us.non.world/pages/store-locator,2026-08-31T20:04:52.271834+00:00,,,,,,,,
NON,2610655021,Customs House,"Brisbane, AU",Brisbane,AU,Event Venue,-27.465465,153.031113,https://us.non.world/pages/store-locator,2026-08-31T20:04:52.271834+00:00,,,,,,,,
NON,2610736247,Joy Restaurant,"Fortitude Valley, AU",Fortitude Valley,AU,Restaurant,-27.4579687,153.0353057,https://us.non.world/pages/store-locator,2026-08-31T20:04:52.271834+00:00,,,,,,,,
NON,2610665295,Colac Port Adelaide,"Port Adelaide, AU",Port Adelaide,AU,Restaurant,-34.8427732,138.5109759,https://us.non.world/pages/store-locator,2026-08-31T20:04:52.271834+00:00,,,,,,,,
NON,2610736303,Liquorland City Beach 2296,"City Beach, AU",City Beach,AU,Liquor Store,-31.9262193,115.7672447,https://us.non.world/pages/store-locator,2026-08-31T20:04:52.271834+00:00,,,,,,,,
NON,2610736277,Duxton Hotel Perth,"Perth, AU",Perth,AU,Hotel,-31.9579385,115.8646634,https://us.non.world/pages/store-locator,2026-08-31T20:04:52.271834+00:00,,,,,,,,
NON,2610665261,Re Store,"Leederville, AU",Leederville,AU,Grocery Store,-31.9329858,115.8408545,https://us.non.world/pages/store-locator,2026-08-31T20:04:52.271834+00:00,,,,,,,,
NON,2610665239,Camperdown Cellars Kingston Road,"Camperdown, AU",Camperdown,AU,Liquor Store,-33.892431,151.172281,https://us.non.world/pages/store-locator,2026-08-31T20:04:52.271834+00:00,,,,,,,,
NON,2610777484,Aambra,"Rose Bay, AU",Rose Bay,AU,Middle Eastern Restaurant,-33.8734547,151.2732216,https://us.non.world/pages/store-locator,2026-08-31T20:04:52.271834+00:00,,,,,,,,
NON,2610777485,South Yarra Cellars,"South Yarra, AU",South Yarra,AU,Wine Bar,-37.8394531,144.9963319,https://us.non.world/pages/store-locator,2026-08-31T20:04:52.271834+00:00,,,,,,,,
NON,2610695374,Liquorland Warehouse Flemington 2284,"Ascot Vale, AU",Ascot Vale,AU,Liquor Store,-37.783266,144.916937,https://us.non.world/pages/store-locator,2026-08-31T20:04:52.271834+00:00,,,,,,,,
NON,2610725324,Liquorland Warehouse Cannon Hill 2265,"Cannon Hill, AU",Cannon Hill,AU,Liquor Store,-27.468216,153.09399,https://us.non.world/pages/store-locator,2026-08-31T20:04:52.271834+00:00,,,,,,,,
NON,2610725325,Liquorland Warehouse Toowong Regatta 2268,"Toowong, AU",Toowong,AU,Liquor Store,-27.4825789,152.995721,https://us.non.world/pages/store-locator,2026-08-31T20:04:52.271834+00:00,,,,,,,,
NON,2610777475,Yoko Brisbane,"Brisbane City, AU",Brisbane City,AU,Japanese Restaurant,-27.4624553,153.0351627,https://us.non.world/pages/store-locator,2026-08-31T20:04:52.271834+00:00,,,,,,,,
NON,2610777508,Lennox Hotel,"Lennox Head, AU",Lennox Head,AU,Pub,-28.79352739999999,153.5936492,https://us.non.world/pages/store-locator,2026-08-31T20:04:52.271834+00:00,,,,,,,,
NON,2610777546,Liquorland Warehouse Duncraig 2307,"Duncraig, AU",Duncraig,AU,Liquor Store,-31.8355124,115.7837173,https://us.non.world/pages/store-locator,2026-08-31T20:04:52.271834+00:00,,,,,,,,
NON,2610736296,Baz & Shaz Fruit & Veg,"Suffolk Park, AU",Suffolk Park,AU,Food Store,-28.6857882,153.6039916,https://us.non.world/pages/store-locator,2026-08-31T20:04:52.271834+00:00,,,,,,,,
NON,2610665301,Queen's Harvest,"D Shed Stalls 5-12, AU",D Shed Stalls 5-12,AU,Food Store,-37.8075798,144.956785,https://us.non.world/pages/store-locator,2026-08-31T20:04:52.271834+00:00,,,,,,,,
NON,2610748060,# Flannerys (Maroochydore QLD 1003),"45 Plaza Parade, AU",45 Plaza Parade,AU,Health Food Store,-26.6589844,153.0837536,https://us.non.world/pages/store-locator,2026-08-31T20:04:52.271834+00:00,,,,,,,,
NON,2610736297,Market Organics (Woolloongabba),"17 Deshon Street, AU",17 Deshon Street,AU,Grocery Store,-27.4920482,153.0419063,https://us.non.world/pages/store-locator,2026-08-31T20:04:52.271834+00:00,,,,,,,,
NON,2610748262,Market Organics (North Ipswich),"North Ipswich, AU",North Ipswich,AU,Grocery Store,-27.6037481,152.7617599,https://us.non.world/pages/store-locator,2026-08-31T20:04:52.271834+00:00,,,,,,,,
NON,2610665400,Market Organics (Chapel Hill),"Indooroopilly, AU",Indooroopilly,AU,Grocery Store,-27.5058978,152.9606579,https://us.non.world/pages/store-locator,2026-08-31T20:04:52.271834+00:00,,,,,,,,
NON,2610665275,Market Organics (Bulimba),"Bulimba, AU",Bulimba,AU,Grocery Store,-27.450225,153.0529022,https://us.non.world/pages/store-locator,2026-08-31T20:04:52.271834+00:00,,,,,,,,
NON,2610748265,Market Organics (Albion),"Albion, AU",Albion,AU,Grocery Store,-27.4363772,153.0190171,https://us.non.world/pages/store-locator,2026-08-31T20:04:52.271834+00:00,,,,,,,,
NON,2610665366,Market Organics (Rocklea),"Rocklea, AU",Rocklea,AU,Grocery Store,-27.5342383,153.0039692,https://us.non.world/pages/store-locator,2026-08-31T20:04:52.271834+00:00,,,,,,,,
NON,2610736238,Market Organics (Newmarket),"Newmarket, AU",Newmarket,AU,Grocery Store,-27.4358362,153.0058612,https://us.non.world/pages/store-locator,2026-08-31T20:04:52.271834+00:00,,,,,,,,
NON,2610665489,Market Organics (Loganholme),"Shailer Park, AU",Shailer Park,AU,Grocery Store,-27.6617124,153.1741002,https://us.non.world/pages/store-locator,2026-08-31T20:04:52.271834+00:00,,,,,,,,
NON,2610665225,Byron Bay IGA (K I Retail Group),"Byron Bay, AU",Byron Bay,AU,Supermarket,-28.6328172,153.5830086,https://us.non.world/pages/store-locator,2026-08-31T20:04:52.271834+00:00,,,,,,,,
NON,2610747909,# Flannerys (Benowa QLD 1002),"138-162 Slatyer Avenue, AU",138-162 Slatyer Avenue,AU,Health Food Store,-27.9959013,153.3994118,https://us.non.world/pages/store-locator,2026-08-31T20:04:52.271834+00:00,,,,,,,,
NON,2610665383,Ainslie IGA,"Ainslie, AU",Ainslie,AU,Grocery Store,-35.2616759,149.145445,https://us.non.world/pages/store-locator,2026-08-31T20:04:52.271834+00:00,,,,,,,,
NON,2610665278,Hill Street Grocer (S - South Hobart),"South Hobart, AU",South Hobart,AU,Grocery Store,-42.8929652,147.3153052,https://us.non.world/pages/store-locator,2026-08-31T20:04:52.271834+00:00,,,,,,,,
NON,2610695403,# Kunara Organic Marketplace (Flannerys QLD 1014),"Forest Glen, AU",Forest Glen,AU,Store,-26.6887414,153.0068423,https://us.non.world/pages/store-locator,2026-08-31T20:04:52.271834+00:00,,,,,,,,
NON,2610777446,Hill Street Grocer (S - West Hobart),"West Hobart, AU",West Hobart,AU,Supermarket,-42.8779483,147.309258,https://us.non.world/pages/store-locator,2026-08-31T20:04:52.271834+00:00,,,,,,,,
NON,2610777565,The Happy Apple Ascot Vale,"Ascot Vale, AU",Ascot Vale,AU,Grocery Store,-37.77338410000001,144.915643,https://us.non.world/pages/store-locator,2026-08-31T20:04:52.271834+00:00,,,,,,,,
NON,2610777577,The Happy Apple Seddon,"Seddon, AU",Seddon,AU,Grocery Store,-37.8060283,144.8916523,https://us.non.world/pages/store-locator,2026-08-31T20:04:52.271834+00:00,,,,,,,,
NON,2610777630,Panetta Mercato (Woolooware) (Panetta BC Pty Ltd),"Woolooware, AU",Woolooware,AU,Market,-34.0384451,151.1429673,https://us.non.world/pages/store-locator,2026-08-31T20:04:52.271834+00:00,,,,,,,,
NON,2610695406,This Earth This Food (East Brunswick) (Spiral Foods),"East Brunswick, AU",East Brunswick,AU,Grocery Store,-37.7719641,144.9790929,https://us.non.world/pages/store-locator,2026-08-31T20:04:52.271834+00:00,,,,,,,,
NON,2610777538,Bay Grocer (Vincent Lou Trading Pty Ltd),"Byron Bay, AU",Byron Bay,AU,Grocery Store,-28.6506056,153.6151438,https://us.non.world/pages/store-locator,2026-08-31T20:04:52.271834+00:00,,,,,,,,
NON,2610747916,Dungog Wholefood Co-op,"Dungog, AU",Dungog,AU,Grocery Store,-32.4014586,151.7579725,https://us.non.world/pages/store-locator,2026-08-31T20:04:52.271834+00:00,,,,,,,,
NON,2610736330,Ima Pantry (Ima Pantry Ichi Pty Ltd),"Brunswick, AU",Brunswick,AU,Deli,-37.763485,144.960441,https://us.non.world/pages/store-locator,2026-08-31T20:04:52.271834+00:00,,,,,,,,
NON,2610736312,Rob Roy Deli and Drinks,"Tweed Heads, AU",Tweed Heads,AU,Liquor Store,-28.1711059,153.5419797,https://us.non.world/pages/store-locator,2026-08-31T20:04:52.271834+00:00,,,,,,,,
NON,2610665312,# Fundies Wholefoods (Lismore NSW 1023),"Lismore, AU",Lismore,AU,Health Food Store,-28.8091812,153.2788165,https://us.non.world/pages/store-locator,2026-08-31T20:04:52.271834+00:00,,,,,,,,
NON,2610665440,Hill Street Grocer (S - Dodges Ferry),"Dodges Ferry, AU",Dodges Ferry,AU,Supermarket,-42.85811899999999,147.6169009,https://us.non.world/pages/store-locator,2026-08-31T20:04:52.271834+00:00,,,,,,,,
NON,2610736313,# Panetta Mercato (Marrickville),"Marrickville, AU",Marrickville,AU,Market,-33.908086,151.1721824,https://us.non.world/pages/store-locator,2026-08-31T20:04:52.271834+00:00,,,,,,,,
NON,2610748268,Salamanca Fresh Market (Bellerive),"Bellerive, AU",Bellerive,AU,Supermarket,-42.8749074,147.3706146,https://us.non.world/pages/store-locator,2026-08-31T20:04:52.271834+00:00,,,,,,,,
NON,2610748269,This Earth This Food (St Kilda) (Spiral Foods),"St Kilda, AU",St Kilda,AU,Grocery Store,-37.8688431,144.9807176,https://us.non.world/pages/store-locator,2026-08-31T20:04:52.271834+00:00,,,,,,,,
NON,2610777613,Yarraville Square Fresh Market Pty Ltd,"Yarraville, AU",Yarraville,AU,Grocery Store,-37.8162411,144.8812054,https://us.non.world/pages/store-locator,2026-08-31T20:04:52.271834+00:00,,,,,,,,
NON,2610777753,Foodworks Bangalow,"Bangalow, AU",Bangalow,AU,Supermarket,-28.6868563,153.5232406,https://us.non.world/pages/store-locator,2026-08-31T20:04:52.271834+00:00,,,,,,,,
NON,2610777583,BP Tugun (Whale Auto Wash Pty Ltd),"Tugun, AU",Tugun,AU,Gas Station,-28.1428265,153.493318,https://us.non.world/pages/store-locator,2026-08-31T20:04:52.271834+00:00,,,,,,,,
NON,2610777634,IGA Brunswick Heads,"Brunswick Heads, AU",Brunswick Heads,AU,Grocery Store,-28.538987,153.5501051,https://us.non.world/pages/store-locator,2026-08-31T20:04:52.271834+00:00,,,,,,,,
NON,2610725605,Hill Street Grocer (N - Longford),"Longford, AU",Longford,AU,Supermarket,-41.5881069,147.1201462,https://us.non.world/pages/store-locator,2026-08-31T20:04:52.271834+00:00,,,,,,,,
NON,2610725574,Hill Street Grocer (S - Sandy Bay),"Sandy Bay, AU",Sandy Bay,AU,Grocery Store,-42.9056462,147.3265355,https://us.non.world/pages/store-locator,2026-08-31T20:04:52.271834+00:00,,,,,,,,
NON,2610695465,Good Things Grocer,"Tarragindi, AU",Tarragindi,AU,Grocery Store,-27.5319542,153.0453432,https://us.non.world/pages/store-locator,2026-08-31T20:04:52.271834+00:00,,,,,,,,
NON,2610725596,# Flannerys (Murwillumbah NSW 1033),"Murwillumbah, AU",Murwillumbah,AU,Health Food Store,-28.3268529,153.3974116,https://us.non.world/pages/store-locator,2026-08-31T20:04:52.271834+00:00,,,,,,,,
NON,2610777807,Clay Health & Organics (Carlton North),"Carlton North, AU",Carlton North,AU,Health Food Store,-37.7880301,144.9718629,https://us.non.world/pages/store-locator,2026-08-31T20:04:52.271834+00:00,,,,,,,,
NON,2610777758,Spar Suffolk Park,"Suffolk Park, AU",Suffolk Park,AU,Supermarket,-28.6894016,153.6087579,https://us.non.world/pages/store-locator,2026-08-31T20:04:52.271834+00:00,,,,,,,,
NON,2610725597,Wholelife Healthfoods Markets Tweed Heads (Wholelife Healthfoods SQLD Pty Ltd),"Tweed Heads South, AU",Tweed Heads South,AU,Health Food Store,-28.2029483,153.54242,https://us.non.world/pages/store-locator,2026-08-31T20:04:52.271834+00:00,,,,,,,,
NON,2610725575,BP Murwillumbah (Gourmet Garage & Co Pty Ltd),"South Murwillumbah, AU",South Murwillumbah,AU,Grocery Store,-28.3272287,153.4083999,https://us.non.world/pages/store-locator,2026-08-31T20:04:52.271834+00:00,,,,,,,,
NON,2610748231,Hill Street Grocer (S - Lauderdale),"Lauderdale, AU",Lauderdale,AU,Grocery Store,-42.9141113,147.4859508,https://us.non.world/pages/store-locator,2026-08-31T20:04:52.271834+00:00,,,,,,,,
NON,2610748276,# Flannerys (Robina QLD 1005),"Easy T Centre, AU",Easy T Centre,AU,Health Food Store,-28.0850478,153.3920298,https://us.non.world/pages/store-locator,2026-08-31T20:04:52.271834+00:00,,,,,,,,
NON,2610665422,Watts Fresh,"Kyneton, AU",Kyneton,AU,General Store,-37.2454887,144.453712,https://us.non.world/pages/store-locator,2026-08-31T20:04:52.271834+00:00,,,,,,,,
NON,2610725601,IGA Barwon Heads,"Barwon Heads, AU",Barwon Heads,AU,Supermarket,-38.2826448,144.4923281,https://us.non.world/pages/store-locator,2026-08-31T20:04:52.271834+00:00,,,,,,,,
NON,2610695494,IGA Mt Cotton (Jones Retail / TP Jones Investments Pty Ltd),"Mt Cotton, AU",Mt Cotton,AU,Supermarket,-27.6141228,153.2362301,https://us.non.world/pages/store-locator,2026-08-31T20:04:52.271834+00:00,,,,,,,,
NON,2610777667,IGA Queen Street Village (Jones Retail / JRG Family Investments Pty Ltd),"150 Queen St, AU",150 Queen St,AU,Supermarket,-27.4692605,153.025534,https://us.non.world/pages/store-locator,2026-08-31T20:04:52.271834+00:00,,,,,,,,
NON,2610736470,Salamanca Fresh Market (Salamanca),"Hobart, AU",Hobart,AU,Grocery Store,-42.8869045,147.3321286,https://us.non.world/pages/store-locator,2026-08-31T20:04:52.271834+00:00,,,,,,,,
NON,2610725639,Blake Family Grocer (Life's A Picnic Pty Ltd - BFG),"Daylesford, AU",Daylesford,AU,Grocery Store,-37.3399553,144.1451577,https://us.non.world/pages/store-locator,2026-08-31T20:04:52.271834+00:00,,,,,,,,
NON,2610777723,Karellas Group SUPAMART TRAMSHEDS (Harold Park),"Forest Lodge, AU",Forest Lodge,AU,Grocery Store,-33.8761055,151.1783737,https://us.non.world/pages/store-locator,2026-08-31T20:04:52.271834+00:00,,,,,,,,
NON,2610665589,Barr St WholeLife Pharmacy & Healthfoods (Barr St Pharmacy Pty Ltd),"Cairns, AU",Cairns,AU,Pharmacy,-16.9452975,145.736215,https://us.non.world/pages/store-locator,2026-08-31T20:04:52.271834+00:00,,,,,,,,
NON,2610665590,Merediths Orchard,"Margate, AU",Margate,AU,Food Store,-43.0355116,147.265907,https://us.non.world/pages/store-locator,2026-08-31T20:04:52.271834+00:00,,,,,,,,
NON,2610748289,Piedimonte's Supermarket & Liquor (North Fitzroy),"Fitzroy North, AU",Fitzroy North,AU,Grocery Store,-37.78350229999999,144.9829224,https://us.non.world/pages/store-locator,2026-08-31T20:04:52.271834+00:00,,,,,,,,
NON,2610665591,Seed & Husk (G.P Chrysostomou & R.L Chrysostomou),"Lennox Head, AU",Lennox Head,AU,Store,-28.7959457,153.5935353,https://us.non.world/pages/store-locator,2026-08-31T20:04:52.271834+00:00,,,,,,,,
NON,2610736485,# Panetta Mercato (Kirrawee) (Kirrana Pty Ltd),"Shop G25/580 Princes Highway, AU",Shop G25/580 Princes Highway,AU,Market,-34.0333845,151.0731674,https://us.non.world/pages/store-locator,2026-08-31T20:04:52.271834+00:00,,,,,,,,
NON,2610736451,Apples and Sage Organic Wholefoods (Balwyn),"Balwyn, AU",Balwyn,AU,Grocery Store,-37.8127443,145.0822691,https://us.non.world/pages/store-locator,2026-08-31T20:04:52.271834+00:00,,,,,,,,
NON,2610748294,Bexhill Grocer Pty Ltd,"Bexhill, AU",Bexhill,AU,General Store,-28.7624906,153.3469065,https://us.non.world/pages/store-locator,2026-08-31T20:04:52.271834+00:00,,,,,,,,
NON,2610748369,Wholelife Healthfoods Markets Fairfield,"Fairfield Central Shopping Centre, AU",Fairfield Central Shopping Centre,AU,Health Food Store,-19.3155117,146.8172282,https://us.non.world/pages/store-locator,2026-08-31T20:04:52.271834+00:00,,,,,,,,
NON,2610748405,Postino Osteria,"Summer Hill, AU",Summer Hill,AU,Italian Restaurant,-33.8918027,151.1370655,https://us.non.world/pages/store-locator,2026-08-31T20:04:52.271834+00:00,,,,,,,,
NON,2610736629,RND Bondi,"Bondi Beach, AU",Bondi Beach,AU,Restaurant,-33.8882885,151.2784457,https://us.non.world/pages/store-locator,2026-08-31T20:04:52.271834+00:00,,,,,,,,
NON,2610725696,Blackhearts & Sparrows Braddon,"Braddon, AU",Braddon,AU,Liquor Store,-35.2716463,149.1327167,https://us.non.world/pages/store-locator,2026-08-31T20:04:52.271834+00:00,,,,,,,,
NON,2610777689,Hotel Sorrento,"Sorrento, AU",Sorrento,AU,Hotel,-38.3370188,144.7413721,https://us.non.world/pages/store-locator,2026-08-31T20:04:52.271834+00:00,,,,,,,,
NON,2610695677,Oak and Young,"Fairfield, AU",Fairfield,AU,Liquor Store,-37.7781141,145.0184699,https://us.non.world/pages/store-locator,2026-08-31T20:04:52.271834+00:00,,,,,,,,
NON,2610725864,The Rising Sun Hotel,"Richmond, AU",Richmond,AU,Pub,-37.826379,145.0068719,https://us.non.world/pages/store-locator,2026-08-31T20:04:52.271834+00:00,,,,,,,,
NON,2610695613,Cutler & Co Dining Room & Bar,"Fitzroy, AU",Fitzroy,AU,Restaurant,-37.805465,144.9758993,https://us.non.world/pages/store-locator,2026-08-31T20:04:52.271834+00:00,,,,,,,,
NON,2610695551,Studio Amaro,"Windsor, AU",Windsor,AU,Italian Restaurant,-37.8523056,144.9935337,https://us.non.world/pages/store-locator,2026-08-31T20:04:52.271834+00:00,,,,,,,,
NON,2610777745,Cellars Bentleigh,"Bentleigh, AU",Bentleigh,AU,Liquor Store,-37.9182041,145.0386924,https://us.non.world/pages/store-locator,2026-08-31T20:04:52.271834+00:00,,,,,,,,
NON,2610725865,CELLARS ON CARLISLE,"St Kilda, AU",St Kilda,AU,Liquor Store,-37.8689326,144.9927457,https://us.non.world/pages/store-locator,2026-08-31T20:04:52.271834+00:00,,,,,,,,
NON,2610725730,Comuna Cantina,"Brisbane City, AU",Brisbane City,AU,Mexican Restaurant,-27.4684905,153.029811,https://us.non.world/pages/store-locator,2026-08-31T20:04:52.271834+00:00,,,,,,,,
NON,2610748373,Empire Hotel,"Fortitude Valley, AU",Fortitude Valley,AU,Pub,-27.4587385,153.0351553,https://us.non.world/pages/store-locator,2026-08-31T20:04:52.271834+00:00,,,,,,,,
NON,2610736571,Florent Bistro,"Rockhampton, AU",Rockhampton,AU,Restaurant,-23.3823739,150.5105069,https://us.non.world/pages/store-locator,2026-08-31T20:04:52.271834+00:00,,,,,,,,
NON,2610747999,Agnes Restaurant,"Fortitude Valley, AU",Fortitude Valley,AU,Restaurant,-27.4579395,153.0308917,https://us.non.world/pages/store-locator,2026-08-31T20:04:52.271834+00:00,,,,,,,,
NON,2610665565,Restaurant Labart,"Burleigh Heads, AU",Burleigh Heads,AU,Restaurant,-28.0895999,153.4495901,https://us.non.world/pages/store-locator,2026-08-31T20:04:52.271834+00:00,,,,,,,,
NON,2610695599,Moonlight Japanese,"Byron Bay, AU",Byron Bay,AU,Bar & Grill,-28.6420126,153.6142046,https://us.non.world/pages/store-locator,2026-08-31T20:04:52.271834+00:00,,,,,,,,
NON,2610695684,Comida,"Hahndorf, AU",Hahndorf,AU,Spanish Restaurant,-35.0263962,138.8081609,https://us.non.world/pages/store-locator,2026-08-31T20:04:52.271834+00:00,,,,,,,,
NON,2610777743,Tom's Providore & Wine Bar,"290 Beaufort Street, AU",290 Beaufort Street,AU,Wine Bar,-31.94434919999999,115.8662657,https://us.non.world/pages/store-locator,2026-08-31T20:04:52.271834+00:00,,,,,,,,
NON,2610748042,Liqourland Warehouse Balwyn 2281,"Balwyn, AU",Balwyn,AU,Liquor Store,-37.8130137,145.0852625,https://us.non.world/pages/store-locator,2026-08-31T20:04:52.271834+00:00,,,,,,,,
NON,2610736574,Liquorland Lindfield 6514,"Lindfield, AU",Lindfield,AU,Liquor Store,-33.7773073,151.1489677,https://us.non.world/pages/store-locator,2026-08-31T20:04:52.271834+00:00,,,,,,,,
NON,2610748151,The Sanderson,"Sydney, AU",Sydney,AU,Restaurant,-33.8654969,151.2070469,https://us.non.world/pages/store-locator,2026-08-31T20:04:52.271834+00:00,,,,,,,,
NON,2610748050,Liquorland Melbourne 2278,"Melbourne, AU",Melbourne,AU,Liquor Store,-37.81306,144.96655,https://us.non.world/pages/store-locator,2026-08-31T20:04:52.271834+00:00,,,,,,,,
NON,2610665567,Liquorland Warehouse Tooronga 2292,"Glen Iris, AU",Glen Iris,AU,Liquor Store,-37.8462999,145.04572,https://us.non.world/pages/store-locator,2026-08-31T20:04:52.271834+00:00,,,,,,,,
NON,2610665568,HYDE MELBOURNE PLACE,"Melbourne, AU",Melbourne,AU,Hotel,-37.8132786,144.9685245,https://us.non.world/pages/store-locator,2026-08-31T20:04:52.271834+00:00,,,,,,,,
NON,2610748190,Liquorland Warehouse Mango Hill 2246,"Mango Hill, AU",Mango Hill,AU,Liquor Store,-27.234197,153.038139,https://us.non.world/pages/store-locator,2026-08-31T20:04:52.271834+00:00,,,,,,,,
NON,2610748147,O'Sushi Coolangatta,"Shop 32 Marine Parade, AU",Shop 32 Marine Parade,AU,Japanese Restaurant,-28.1675082,153.539217,https://us.non.world/pages/store-locator,2026-08-31T20:04:52.271834+00:00,,,,,,,,
NON,2610695579,Lost in Asia,"Hobart, AU",Hobart,AU,Asian Restaurant,-42.8810555,147.3229797,https://us.non.world/pages/store-locator,2026-08-31T20:04:52.271834+00:00,,,,,,,,
NON,2610777774,Audacious Monk Cellars,"Preston, AU",Preston,AU,Liquor Store,-37.729273,144.992104,https://us.non.world/pages/store-locator,2026-08-31T20:04:52.271834+00:00,,,,,,,,
NON,2610695558,Marriner Group,"Melbourne, AU",Melbourne,AU,Association / Organization,-37.8147159,144.9683408,https://us.non.world/pages/store-locator,2026-08-31T20:04:52.271834+00:00,,,,,,,,
NON,2610777821,Reserve Cellar Wilston,"Wilston, AU",Wilston,AU,Liquor Store,-27.4328092,153.0197289,https://us.non.world/pages/store-locator,2026-08-31T20:04:52.271834+00:00,,,,,,,,
NON,2610748193,Liquorland Leichhardt 2187,"Leichhardt, AU",Leichhardt,AU,Liquor Store,-33.8861738,151.1582129,https://us.non.world/pages/store-locator,2026-08-31T20:04:52.271834+00:00,,,,,,,,
NON,2610748006,Bottle Keg Can,"Jannali, AU",Jannali,AU,Liquor Store,-34.016552,151.0652687,https://us.non.world/pages/store-locator,2026-08-31T20:04:52.271834+00:00,,,,,,,,
NON,2610748413,Fitzroy Cellars,"Fitzroy, AU",Fitzroy,AU,Liquor Store,-37.79489,144.978858,https://us.non.world/pages/store-locator,2026-08-31T20:04:52.271834+00:00,,,,,,,,
NON,2610748380,Novotel ibis Melbourne Airport,"Melbourne Airport, AU",Melbourne Airport,AU,Hotel,-37.6755769,144.8504867,https://us.non.world/pages/store-locator,2026-08-31T20:04:52.271834+00:00,,,,,,,,
NON,2610736577,Cheapa Wines (Seddon),"Seddon, AU",Seddon,AU,Liquor Store,-37.8061713,144.8916657,https://us.non.world/pages/store-locator,2026-08-31T20:04:52.271834+00:00,,,,,,,,
NON,2610665619,Stratton Bar & Kitchen,"Newstead, AU",Newstead,AU,Bar,-27.452616,153.041972,https://us.non.world/pages/store-locator,2026-08-31T20:04:52.271834+00:00,,,,,,,,
NON,2610665621,Paloma,"Burleigh Heads, AU",Burleigh Heads,AU,Wine Bar,-28.0892509,153.4497718,https://us.non.world/pages/store-locator,2026-08-31T20:04:52.271834+00:00,,,,,,,,
NON,2610665623,Black Sheep Bottleshop Kingscliff,"Kingscliff, AU",Kingscliff,AU,Liquor Store,-28.2849591,153.5757581,https://us.non.world/pages/store-locator,2026-08-31T20:04:52.271834+00:00,,,,,,,,
NON,2610665532,Vandal Sydney,"Newtown, AU",Newtown,AU,Restaurant,-33.8999076,151.177805,https://us.non.world/pages/store-locator,2026-08-31T20:04:52.271834+00:00,,,,,,,,
NON,2610736548,Norma,"Albury, AU",Albury,AU,Restaurant,-36.0742029,146.9194682,https://us.non.world/pages/store-locator,2026-08-31T20:04:52.271834+00:00,,,,,,,,
NON,2610748150,North Byron Hotel,"Byron Bay, AU",Byron Bay,AU,Pub,-28.6299079,153.5835673,https://us.non.world/pages/store-locator,2026-08-31T20:04:52.271834+00:00,,,,,,,,
NON,2610748342,Tokyo Doll,"Byron Bay, AU",Byron Bay,AU,Asian Fusion Restaurant,-28.6470698,153.6124417,https://us.non.world/pages/store-locator,2026-08-31T20:04:52.271834+00:00,,,,,,,,
NON,2610736596,Embassy XO/XO Cellars,"Sunshine Beach, AU",Sunshine Beach,AU,Liquor Store,-26.4053755,153.1109241,https://us.non.world/pages/store-locator,2026-08-31T20:04:52.271834+00:00,,,,,,,,
NON,2610665627,Southern Ocean Lodge,"Kingscote, AU",Kingscote,AU,Lodging,-36.0171009,136.8523539,https://us.non.world/pages/store-locator,2026-08-31T20:04:52.271834+00:00,,,,,,,,
NON,2610777847,Felix Launceston,"Launceston, AU",Launceston,AU,Wine Bar,-41.4322581,147.1410458,https://us.non.world/pages/store-locator,2026-08-31T20:04:52.271834+00:00,,,,,,,,
NON,2610777833,Liquorland Balgowlah 2193,"Balgowlah, AU",Balgowlah,AU,Liquor Store,-33.7929122,151.2645298,https://us.non.world/pages/store-locator,2026-08-31T20:04:52.271834+00:00,,,,,,,,
NON,2610778045,Liquorland Cellars Avalon 2214,"Avalon Beach, AU",Avalon Beach,AU,Liquor Store,-33.6378952,151.3282124,https://us.non.world/pages/store-locator,2026-08-31T20:04:52.271834+00:00,,,,,,,,
NON,2610665669,Blairgowrie Licensed Grocery,"Blairgowrie, AU",Blairgowrie,AU,Grocery Store,-38.361377,144.779086,https://us.non.world/pages/store-locator,2026-08-31T20:04:52.271834+00:00,,,,,,,,
NON,2610736534,Philippe,"Melbourne, AU",Melbourne,AU,French Restaurant,-37.8147295,144.9700165,https://us.non.world/pages/store-locator,2026-08-31T20:04:52.271834+00:00,,,,,,,,
NON,2610748437,Sans Drinks,"Balgowlah, AU",Balgowlah,AU,Liquor Store,-33.7938754,151.2629726,https://us.non.world/pages/store-locator,2026-08-31T20:04:52.271834+00:00,,,,,,,,
NON,2610778047,Reine & La Rue,"Melbourne, AU",Melbourne,AU,French Restaurant,-37.81649410000001,144.961916,https://us.non.world/pages/store-locator,2026-08-31T20:04:52.271834+00:00,,,,,,,,
NON,2610725962,Liquorland Warehouse Lutwyche 2244,"Lutwyche, AU",Lutwyche,AU,Liquor Store,-27.4248,153.0327641,https://us.non.world/pages/store-locator,2026-08-31T20:04:52.271834+00:00,,,,,,,,
NON,2610695695,Berwick Springs Hotel (A Cut Above Bar and Grill),"Berwick, AU",Berwick,AU,Pub,-38.0591842,145.3376857,https://us.non.world/pages/store-locator,2026-08-31T20:04:52.271834+00:00,,,,,,,,
NON,2610725912,Pompette Portsea,"Portsea, AU",Portsea,AU,Bistro,-38.3198891,144.7141546,https://us.non.world/pages/store-locator,2026-08-31T20:04:52.271834+00:00,,,,,,,,
NON,2610695697,Liquorland Oxley 2248,"Oxley, AU",Oxley,AU,Liquor Store,-27.5657603,152.9788505,https://us.non.world/pages/store-locator,2026-08-31T20:04:52.271834+00:00,,,,,,,,
NON,2610725953,Comuna Cantina Everton Park,"Everton Park, AU",Everton Park,AU,Mexican Restaurant,-27.4064347,152.9921834,https://us.non.world/pages/store-locator,2026-08-31T20:04:52.271834+00:00,,,,,,,,
NON,2610726009,Randy Shaw,"Burlieigh Heads, AU",Burlieigh Heads,AU,Asian Fusion Restaurant,-28.1033061,153.4235791,https://us.non.world/pages/store-locator,2026-08-31T20:04:52.271834+00:00,,,,,,,,
NON,2610726010,Beach Byron Bay,"Byron Bay, AU",Byron Bay,AU,Restaurant,-28.642606,153.6224078,https://us.non.world/pages/store-locator,2026-08-31T20:04:52.271834+00:00,,,,,,,,
NON,2610736650,Berry Bottle Shop,"Berry, AU",Berry,AU,Liquor Store,-34.7758166,150.6977682,https://us.non.world/pages/store-locator,2026-08-31T20:04:52.271834+00:00,,,,,,,,
NON,2610665722,Botanic House,"Sydney, AU",Sydney,AU,Vietnamese Restaurant,-33.8647287,151.2170285,https://us.non.world/pages/store-locator,2026-08-31T20:04:52.271834+00:00,,,,,,,,
NON,2610748482,Intercontinental Sydney Coogee Beach,"Coogee, AU",Coogee,AU,Hotel,-33.9224078,151.2560046,https://us.non.world/pages/store-locator,2026-08-31T20:04:52.271834+00:00,,,,,,,,
NON,2610695789,Blackhearts & Sparrows,"Fitzroy, AU",Fitzroy,AU,Liquor Store,-37.8053122,144.9829473,https://us.non.world/pages/store-locator,2026-08-31T20:04:52.271834+00:00,,,,,,,,
NON,2610695767,Entrecote - Paris Steakhouse & Winebar,"Prahran, AU",Prahran,AU,French Restaurant,-37.849427,144.991519,https://us.non.world/pages/store-locator,2026-08-31T20:04:52.271834+00:00,,,,,,,,
NON,2610695737,Hardimans Hotel,"Kensington, AU",Kensington,AU,Pub,-37.794421,144.928354,https://us.non.world/pages/store-locator,2026-08-31T20:04:52.271834+00:00,,,,,,,,
NON,2610748484,Liquorland Claremont 2302,"Shop 135/23 St Quentin Avenue, AU",Shop 135/23 St Quentin Avenue,AU,Liquor Store,-31.9826404,115.7787027,https://us.non.world/pages/store-locator,2026-08-31T20:04:52.271834+00:00,,,,,,,,
NON,2610665747,Boatshed Market Pty Ltd,"Cottesloe, AU",Cottesloe,AU,Market,-31.9987049,115.7614944,https://us.non.world/pages/store-locator,2026-08-31T20:04:52.271834+00:00,,,,,,,,
NON,2610748557,Koorak Kings Park,"Kings Park, AU",Kings Park,AU,Cafe,-31.9533232,115.8375838,https://us.non.world/pages/store-locator,2026-08-31T20:04:52.271834+00:00,,,,,,,,
NON,2610665583,Liquorland Brighton East 5485,"Brighton East, AU",Brighton East,AU,Liquor Store,-37.90662,145.008426,https://us.non.world/pages/store-locator,2026-08-31T20:04:52.271834+00:00,,,,,,,,
NON,2610748202,Liquorland Surrey Hills 2736,"Surrey Hills, AU",Surrey Hills,AU,Liquor Store,-37.8236991,145.0975473,https://us.non.world/pages/store-locator,2026-08-31T20:04:52.271834+00:00,,,,,,,,
NON,2610665603,Liquorland Freshwater 2206,"Freshwater, AU",Freshwater,AU,Liquor Store,-33.7786561,151.2841582,https://us.non.world/pages/store-locator,2026-08-31T20:04:52.271834+00:00,,,,,,,,
NON,2610736756,Liquorland Lilly Pilli 2197,"Caringbah, AU",Caringbah,AU,Liquor Store,-34.0637692,151.1200841,https://us.non.world/pages/store-locator,2026-08-31T20:04:52.271834+00:00,,,,,,,,
NON,2610748640,Jackalope Mornington Peninsula,"Merricks North, AU",Merricks North,AU,Hotel,-38.3450236,145.0972409,https://us.non.world/pages/store-locator,2026-08-31T20:04:52.271834+00:00,,,,,,,,
NON,2610736717,Liquorland Daylesford 5928,"Daylesford, AU",Daylesford,AU,Liquor Store,-37.3421206,144.1415884,https://us.non.world/pages/store-locator,2026-08-31T20:04:52.271834+00:00,,,,,,,,
NON,2610665642,Sheraton Mirage Port Douglas,"Port Douglas, AU",Port Douglas,AU,Hotel,-16.5059993,145.4651618,https://us.non.world/pages/store-locator,2026-08-31T20:04:52.271834+00:00,,,,,,,,
NON,2610778159,East End Cellars,"Adelaide, AU",Adelaide,AU,Wine Bar,-34.9230176,138.6101045,https://us.non.world/pages/store-locator,2026-08-31T20:04:52.271834+00:00,,,,,,,,
NON,2610695862,Liquorland Spring Hill 2237,"Spring Hill, AU",Spring Hill,AU,Liquor Store,-27.4623657,153.030056,https://us.non.world/pages/store-locator,2026-08-31T20:04:52.271834+00:00,,,,,,,,
NON,2610748646,Uraidla Hotel,"Uraidla, AU",Uraidla,AU,Restaurant,-34.9569406,138.7452656,https://us.non.world/pages/store-locator,2026-08-31T20:04:52.271834+00:00,,,,,,,,
NON,2610665550,Bondi Beach Cellars,"Bondi Beach, AU",Bondi Beach,AU,Liquor Store,-33.889965,151.2717133,https://us.non.world/pages/store-locator,2026-08-31T20:04:52.271834+00:00,,,,,,,,
NON,2610748647,Le Foote,"The Rocks, AU",The Rocks,AU,French Restaurant,-33.8595034,151.2085885,https://us.non.world/pages/store-locator,2026-08-31T20:04:52.271834+00:00,,,,,,,,
NON,2610665569,Crittenden Restaurant,"Dromana, AU",Dromana,AU,Winery,-38.33537219999999,145.0193686,https://us.non.world/pages/store-locator,2026-08-31T20:04:52.271834+00:00,,,,,,,,
NON,2610736728,Wine Republic,"Northcote, AU",Northcote,AU,Liquor Store,-37.773521,144.9984377,https://us.non.world/pages/store-locator,2026-08-31T20:04:52.271834+00:00,,,,,,,,
NON,2610665857,Swords Wines - South Melbourne,"South Melbourne, AU",South Melbourne,AU,Liquor Store,-37.8320573,144.9561287,https://us.non.world/pages/store-locator,2026-08-31T20:04:52.271834+00:00,,,,,,,,
NON,2610748529,Ritchies Mt Eliza,"Mt Eliza, AU",Mt Eliza,AU,Grocery Store,-38.183408,145.0898515,https://us.non.world/pages/store-locator,2026-08-31T20:04:52.271834+00:00,,,,,,,,
NON,2610665858,Bangalow Cellars,"Bangalow, AU",Bangalow,AU,Liquor Store,-28.6861433,153.5250591,https://us.non.world/pages/store-locator,2026-08-31T20:04:52.271834+00:00,,,,,,,,
NON,2610665860,Top Pub Mullumbimby,"Mullumbimby, AU",Mullumbimby,AU,Pub,-28.5535139,153.4999387,https://us.non.world/pages/store-locator,2026-08-31T20:04:52.271834+00:00,,,,,,,,
NON,2610748669,Trak Restaurant,"Toorak Gardens, AU",Toorak Gardens,AU,Restaurant,-34.9389256,138.6415334,https://us.non.world/pages/store-locator,2026-08-31T20:04:52.271834+00:00,,,,,,,,
NON,2610748544,Liquorland Warehouse Bunbury 2308,"Bunbury, AU",Bunbury,AU,Liquor Store,-33.3348789,115.6472919,https://us.non.world/pages/store-locator,2026-08-31T20:04:52.271834+00:00,,,,,,,,
NON,2610665801,Camperdown Cellars Darlinghurst,"Darlinghurst, AU",Darlinghurst,AU,Liquor Store,-33.8746507,151.2221976,https://us.non.world/pages/store-locator,2026-08-31T20:04:52.271834+00:00,,,,,,,,
NON,2610748685,Capella Sydney,"Sydney, AU",Sydney,AU,Hotel,-33.8638573,151.2104054,https://us.non.world/pages/store-locator,2026-08-31T20:04:52.271834+00:00,,,,,,,,
NON,2610665705,Kurumba,"Surry Hills, AU",Surry Hills,AU,Sri Lankan Restaurant,-33.8906166,151.212833,https://us.non.world/pages/store-locator,2026-08-31T20:04:52.271834+00:00,,,,,,,,
NON,2610748742,Camden Hotel,"Caulfield South, AU",Caulfield South,AU,Pub,-37.8896318,145.021216,https://us.non.world/pages/store-locator,2026-08-31T20:04:52.271834+00:00,,,,,,,,
NON,2610748565,Riserva,"Malvern East, AU",Malvern East,AU,Restaurant,-37.8648202,145.0495868,https://us.non.world/pages/store-locator,2026-08-31T20:04:52.271834+00:00,,,,,,,,
NON,2610695884,VenuesLive Management Services,"West End, AU",West End,AU,Pub,-27.4857519,153.0017741,https://us.non.world/pages/store-locator,2026-08-31T20:04:52.271834+00:00,,,,,,,,
NON,2610726136,Hotel Marvell,"Byron Bay, AU",Byron Bay,AU,Hotel,-28.6454409,153.6136484,https://us.non.world/pages/store-locator,2026-08-31T20:04:52.271834+00:00,,,,,,,,
NON,2610695951,Light Years Byron Bay,"Byron Bay, AU",Byron Bay,AU,Asian Restaurant,-28.6499544,153.6136958,https://us.non.world/pages/store-locator,2026-08-31T20:04:52.271834+00:00,,,,,,,,
NON,2610696150,Old Bridge Cellars,"North Fremantle, AU",North Fremantle,AU,Liquor Store,-32.0360863,115.7532829,https://us.non.world/pages/store-locator,2026-08-31T20:04:52.271834+00:00,,,,,,,,
NON,2610695911,Liquorland Frenchs Forest 2192,"Frenchs Forest, AU",Frenchs Forest,AU,Liquor Store,-33.7506228,151.2246335,https://us.non.world/pages/store-locator,2026-08-31T20:04:52.271834+00:00,,,,,,,,
NON,2610726189,Le Pont Wine Store - Milsons Point,"Milsons Point, AU",Milsons Point,AU,Liquor Store,-33.8454402,151.211111,https://us.non.world/pages/store-locator,2026-08-31T20:04:52.271834+00:00,,,,,,,,
NON,2610696152,Liquorland Cellars Ashburton 2276,"Ashburton, AU",Ashburton,AU,Liquor Store,-37.8631689,145.0797048,https://us.non.world/pages/store-locator,2026-08-31T20:04:52.271834+00:00,,,,,,,,
NON,2610778307,Liquorland Warehouse Ringwood 2290,"Ringwood, AU",Ringwood,AU,Liquor Store,-37.4103587,145.7066956,https://us.non.world/pages/store-locator,2026-08-31T20:04:52.271834+00:00,,,,,,,,
NON,2610665932,Liquorland Chadstone 6027,"Malvern East, AU",Malvern East,AU,Liquor Store,-37.8865468,145.0831083,https://us.non.world/pages/store-locator,2026-08-31T20:04:52.271834+00:00,,,,,,,,
NON,2610665933,Liquorland Subiaco 2295,"Subiaco, AU",Subiaco,AU,Liquor Store,-31.9473932,115.8325544,https://us.non.world/pages/store-locator,2026-08-31T20:04:52.271834+00:00,,,,,,,,
NON,2610778246,Bar Bellamy,"Carlton, AU",Carlton,AU,Cocktail Bar,-37.7954743,144.9711544,https://us.non.world/pages/store-locator,2026-08-31T20:04:52.271834+00:00,,,,,,,,
NON,2610696043,Southside Fruit & Veg Pty Ltd,"South Yarra, AU",South Yarra,AU,Grocery Store,-37.8460808,144.9924635,https://us.non.world/pages/store-locator,2026-08-31T20:04:52.271834+00:00,,,,,,,,
NON,2610726161,Camp Grounds,"Tamworth, AU",Tamworth,AU,Cafe,-31.089727,150.929168,https://us.non.world/pages/store-locator,2026-08-31T20:04:52.271834+00:00,,,,,,,,
NON,2610726163,Curtin House Rooftop Bar and Cinema,"Melbourne, AU",Melbourne,AU,Bar,-37.8120083,144.9651728,https://us.non.world/pages/store-locator,2026-08-31T20:04:52.271834+00:00,,,,,,,,
NON,2610778299,Mary Maes,"New Farm, AU",New Farm,AU,Restaurant,-27.4686969,153.0539404,https://us.non.world/pages/store-locator,2026-08-31T20:04:52.271834+00:00,,,,,,,,
NON,2610778402,Light Years Noosa Heads,"Noosa Heads, AU",Noosa Heads,AU,Restaurant,-26.3961005,153.0898764,https://us.non.world/pages/store-locator,2026-08-31T20:04:52.271834+00:00,,,,,,,,
NON,2610696122,Treasury WA (Petition Bar and Merchant),"St Georges Terrace & Barrack Street, AU",St Georges Terrace & Barrack Street,AU,Restaurant,-31.955477,115.860422,https://us.non.world/pages/store-locator,2026-08-31T20:04:52.271834+00:00,,,,,,,,
NON,2610748713,Liquorland Warehouse Keperra 2251,"Keperra, AU",Keperra,AU,Liquor Store,-27.4154132,152.9492514,https://us.non.world/pages/store-locator,2026-08-31T20:04:52.271834+00:00,,,,,,,,
NON,2610665894,La Lune Wine Co,"South Brisbane, AU",South Brisbane,AU,Restaurant,-27.4749687,153.0157993,https://us.non.world/pages/store-locator,2026-08-31T20:04:52.271834+00:00,,,,,,,,
NON,2610778238,Penelope Bistro,"Fortitude Valley, AU",Fortitude Valley,AU,Restaurant,-27.456328,153.0389498,https://us.non.world/pages/store-locator,2026-08-31T20:04:52.271834+00:00,,,,,,,,
NON,2610736939,D'Arenberg,"McLaren Vale, AU",McLaren Vale,AU,Winery,-35.1981314,138.548422,https://us.non.world/pages/store-locator,2026-08-31T20:04:52.271834+00:00,,,,,,,,
NON,2610778383,Liquorland South Yarra 2731,"South Yarra, AU",South Yarra,AU,Liquor Store,-37.8390407,144.9909309,https://us.non.world/pages/store-locator,2026-08-31T20:04:52.271834+00:00,,,,,,,,
NON,2610696356,Liquorland St Helena 2738,"St Helena, AU",St Helena,AU,Liquor Store,-37.6849123,145.1358185,https://us.non.world/pages/store-locator,2026-08-31T20:04:52.271834+00:00,,,,,,,,
NON,2610696063,Liquorland Yarraville 2277,"Yarraville, AU",Yarraville,AU,Liquor Store,-37.8169087,144.8911094,https://us.non.world/pages/store-locator,2026-08-31T20:04:52.271834+00:00,,,,,,,,
NON,2610726548,De Vine Cellars,"Inglewood, AU",Inglewood,AU,Liquor Store,-31.9203637,115.8867733,https://us.non.world/pages/store-locator,2026-08-31T20:04:52.271834+00:00,,,,,,,,
NON,2610778317,Elwood Bathers,"Elwood, AU",Elwood,AU,Restaurant,-37.88871049999999,144.9853393,https://us.non.world/pages/store-locator,2026-08-31T20:04:52.271834+00:00,,,,,,,,
NON,2610696710,Omnia Bistro and Bar,"South Yarra, AU",South Yarra,AU,Restaurant,-37.8388868,144.9956068,https://us.non.world/pages/store-locator,2026-08-31T20:04:52.271834+00:00,,,,,,,,
NON,2610736997,Liquorland Bulimba 2240,"Bulimba, AU",Bulimba,AU,Liquor Store,-27.4508384,153.0570745,https://us.non.world/pages/store-locator,2026-08-31T20:04:52.271834+00:00,,,,,,,,
NON,2610666009,Liquorland Southport 2245,"Southport Park Shopping Centre, AU",Southport Park Shopping Centre,AU,Liquor Store,-27.9854426,153.4101407,https://us.non.world/pages/store-locator,2026-08-31T20:04:52.271834+00:00,,,,,,,,
NON,2610749008,Longwang Chopstick House,"Brisbane City, AU",Brisbane City,AU,Restaurant,-27.4696668,153.0280657,https://us.non.world/pages/store-locator,2026-08-31T20:04:52.271834+00:00,,,,,,,,
NON,2610726523,Liquorland Cellars Dalkeith 2300,"Dalkeith, AU",Dalkeith,AU,Liquor Store,-31.9945904,115.7986249,https://us.non.world/pages/store-locator,2026-08-31T20:04:52.271834+00:00,,,,,,,,
NON,2610696713,Liquorland Fremantle 2400,"Fremantle, AU",Fremantle,AU,Liquor Store,-32.051648,115.7473494,https://us.non.world/pages/store-locator,2026-08-31T20:04:52.271834+00:00,,,,,,,,
NON,2610778624,Albert Park Hotel,"Albert Park, AU",Albert Park,AU,Restaurant,-37.8412761,144.9556948,https://us.non.world/pages/store-locator,2026-08-31T20:04:52.271834+00:00,,,,,,,,
NON,2610696411,Carnegie Cellars,"Carnegie, AU",Carnegie,AU,Liquor Store,-37.8887015,145.0568771,https://us.non.world/pages/store-locator,2026-08-31T20:04:52.271834+00:00,,,,,,,,
NON,2610778625,Gerard's Bistro,"Fortitude Valley, AU",Fortitude Valley,AU,Restaurant,-27.4564232,153.0389729,https://us.non.world/pages/store-locator,2026-08-31T20:04:52.271834+00:00,,,,,,,,
NON,2610778450,Blackbird Bar & Restaurant,"123 Eagle Street, AU",123 Eagle Street,AU,Bar & Grill,-27.467152,153.0302001,https://us.non.world/pages/store-locator,2026-08-31T20:04:52.271834+00:00,,,,,,,,
NON,2610778438,Liquorland Hindmarsh 5491,"Hindmarsh, AU",Hindmarsh,AU,Liquor Store,-34.9029492,138.5667655,https://us.non.world/pages/store-locator,2026-08-31T20:04:52.271834+00:00,,,,,,,,
NON,2610778451,Liquorland Unley 5478,"Malvern, AU",Malvern,AU,Liquor Store,-34.9564551,138.6082709,https://us.non.world/pages/store-locator,2026-08-31T20:04:52.271834+00:00,,,,,,,,
NON,2610696172,Tighes Hill Cellars,"Tighes Hill, AU",Tighes Hill,AU,Liquor Store,-32.90896480000001,151.7479102,https://us.non.world/pages/store-locator,2026-08-31T20:04:52.271834+00:00,,,,,,,,
NON,2610696335,Le Bouchon French Cuisine,"Balnarring, AU",Balnarring,AU,French Restaurant,-38.3727644,145.1244907,https://us.non.world/pages/store-locator,2026-08-31T20:04:52.271834+00:00,,,,,,,,
NON,2610696175,W MELBOURNE,"Melbourne, AU",Melbourne,AU,Hotel,-37.8182825,144.9600762,https://us.non.world/pages/store-locator,2026-08-31T20:04:52.271834+00:00,,,,,,,,
NON,2610696309,Nomad (Melbourne),"Melbourne, AU",Melbourne,AU,Fine Dining Restaurant,-37.8162518,144.9683247,https://us.non.world/pages/store-locator,2026-08-31T20:04:52.271834+00:00,,,,,,,,
NON,2610696413,Rowanos Croydon,"Croydon South, AU",Croydon South,AU,Italian Restaurant,-37.8118892,145.2689802,https://us.non.world/pages/store-locator,2026-08-31T20:04:52.271834+00:00,,,,,,,,
NON,2610696310,Liquorland Warehouse Spring Lakes 2249,"Springfield Lakes, AU",Springfield Lakes,AU,Liquor Store,-27.6695111,152.915811,https://us.non.world/pages/store-locator,2026-08-31T20:04:52.271834+00:00,,,,,,,,
NON,2610778795,Bar Ricci,"Main Beach, AU",Main Beach,AU,Restaurant,-27.9792824,153.4248059,https://us.non.world/pages/store-locator,2026-08-31T20:04:52.271834+00:00,,,,,,,,
NON,2610778494,Central Hotel,"Port Douglas, AU",Port Douglas,AU,Pub,-16.4813964,145.4627991,https://us.non.world/pages/store-locator,2026-08-31T20:04:52.271834+00:00,,,,,,,,
NON,2610726455,Magill Estate Restaurant,"Adelaide, AU",Adelaide,AU,Fine Dining Restaurant,-34.9211669,138.6801104,https://us.non.world/pages/store-locator,2026-08-31T20:04:52.271834+00:00,,,,,,,,
NON,2610696731,Rafi Sydney,"North Sydney, AU",North Sydney,AU,Restaurant,-33.839262,151.2085622,https://us.non.world/pages/store-locator,2026-08-31T20:04:52.271834+00:00,,,,,,,,
NON,2610726435,Sydney Harbour Marriott,"Sydney, AU",Sydney,AU,Hotel,-33.8624891,151.2093453,https://us.non.world/pages/store-locator,2026-08-31T20:04:52.271834+00:00,,,,,,,,
NON,2610778502,Lina Rooftop,"South Brisbane, AU",South Brisbane,AU,Restaurant,-27.4818639,153.0206079,https://us.non.world/pages/store-locator,2026-08-31T20:04:52.271834+00:00,,,,,,,,
NON,2610778569,G. McBean Family Butcher,"South Yarra, AU",South Yarra,AU,Butcher Shop,-37.8460808,144.9924635,https://us.non.world/pages/store-locator,2026-08-31T20:04:52.271834+00:00,,,,,,,,
NON,2610696390,Liquorland Warehouse Bentleigh 2294,"Bentleigh, AU",Bentleigh,AU,Liquor Store,-37.9182217,145.0414568,https://us.non.world/pages/store-locator,2026-08-31T20:04:52.271834+00:00,,,,,,,,
NON,2610737058,Point Leo Estate,"Merricks, AU",Merricks,AU,Winery,-38.4061423,145.0747605,https://us.non.world/pages/store-locator,2026-08-31T20:04:52.271834+00:00,,,,,,,,
NON,2610666141,Cicciolina,"St Kilda, AU",St Kilda,AU,Restaurant,-37.8685591,144.9800192,https://us.non.world/pages/store-locator,2026-08-31T20:04:52.271834+00:00,,,,,,,,
NON,2610736929,Toni Pasta & Wine,"Moonee Ponds, AU",Moonee Ponds,AU,Restaurant,-37.7660288,144.9229537,https://us.non.world/pages/store-locator,2026-08-31T20:04:52.271834+00:00,,,,,,,,
NON,2610736973,Northcote Bottle Shop,"Northcote, AU",Northcote,AU,Liquor Store,-37.7730738,144.9984153,https://us.non.world/pages/store-locator,2026-08-31T20:04:52.271834+00:00,,,,,,,,
NON,2610778520,Bills Surry Hills,"Surry Hills, AU",Surry Hills,AU,Australian Restaurant,-33.8841393,151.2140485,https://us.non.world/pages/store-locator,2026-08-31T20:04:52.271834+00:00,,,,,,,,
NON,2610778854,Babines,"Collingwood, AU",Collingwood,AU,Bar,-37.8052578,144.983375,https://us.non.world/pages/store-locator,2026-08-31T20:04:52.271834+00:00,,,,,,,,
NON,2610696456,Alfie's Sydney,"4/6 Bligh Street, AU",4/6 Bligh Street,AU,Steak House,-33.8657476,151.2105208,https://us.non.world/pages/store-locator,2026-08-31T20:04:52.271834+00:00,,,,,,,,
NON,2610726728,The Ritz-Carlton Melbourne,"650 Lonsdale Street, AU",650 Lonsdale Street,AU,Hotel,-37.8146551,144.9526747,https://us.non.world/pages/store-locator,2026-08-31T20:04:52.271834+00:00,,,,,,,,
NON,2610778565,Lalla Rookh,"Perth, AU",Perth,AU,Bar,-31.9560736,115.8581478,https://us.non.world/pages/store-locator,2026-08-31T20:04:52.271834+00:00,,,,,,,,
NON,2610749110,Nomad (Sydney),"Surry Hills, AU",Surry Hills,AU,Australian Restaurant,-33.879874,151.210327,https://us.non.world/pages/store-locator,2026-08-31T20:04:52.271834+00:00,,,,,,,,
NON,2610749249,Liqourland Warehouse Port Melbourne 2762,"South Melbourne, AU",South Melbourne,AU,Liquor Store,-37.8409881,144.9404907,https://us.non.world/pages/store-locator,2026-08-31T20:04:52.271834+00:00,,,,,,,,
NON,2610749328,Little Betty's,"Kiama, AU",Kiama,AU,Restaurant,-34.6687589,150.8528258,https://us.non.world/pages/store-locator,2026-08-31T20:04:52.271834+00:00,,,,,,,,
NON,2610737284,Mount Monument,"Romsey, AU",Romsey,AU,Restaurant,-37.3414317,144.6833188,https://us.non.world/pages/store-locator,2026-08-31T20:04:52.271834+00:00,,,,,,,,
NON,2610737573,Cognoscenti Food and Wine,"Belgrave, AU",Belgrave,AU,Restaurant,-37.9096109,145.3522723,https://us.non.world/pages/store-locator,2026-08-31T20:04:52.271834+00:00,,,,,,,,
NON,2610749455,Liquorland Hay Street 2301,"Perth, AU",Perth,AU,Liquor Store,-31.95244,115.8530242,https://us.non.world/pages/store-locator,2026-08-31T20:04:52.271834+00:00,,,,,,,,
NON,2610737469,Tanuki,"Double Bay, AU",Double Bay,AU,Japanese Restaurant,-33.8774917,151.2418043,https://us.non.world/pages/store-locator,2026-08-31T20:04:52.271834+00:00,,,,,,,,
NON,2610737206,Midnight In Paris,"Prahran, AU",Prahran,AU,Art Gallery,-37.8510492,144.988313,https://us.non.world/pages/store-locator,2026-08-31T20:04:52.271834+00:00,,,,,,,,
NON,2610737575,Naughton's Parkville Hotel,"Parkville, AU",Parkville,AU,Pub,-37.795573,144.9575478,https://us.non.world/pages/store-locator,2026-08-31T20:04:52.271834+00:00,,,,,,,,
NON,2610726664,CHAPLIN'S,"Brunswick, AU",Brunswick,AU,Wine Bar,-37.773934,144.9715002,https://us.non.world/pages/store-locator,2026-08-31T20:04:52.271834+00:00,,,,,,,,
NON,2610726844,Leigh Street Wine Room,"Adelaide, AU",Adelaide,AU,Restaurant,-34.9236007,138.5974108,https://us.non.world/pages/store-locator,2026-08-31T20:04:52.271834+00:00,,,,,,,,
NON,2610696698,Liquor Barons East Fremantle,"East Fremantle, AU",East Fremantle,AU,Liquor Store,-32.0440228,115.7599724,https://us.non.world/pages/store-locator,2026-08-31T20:04:52.271834+00:00,,,,,,,,
NON,2610726863,Yarri,"Dunsborough, AU",Dunsborough,AU,Restaurant,-33.6150549,115.1042968,https://us.non.world/pages/store-locator,2026-08-31T20:04:52.271834+00:00,,,,,,,,
NON,2610666451,Half Moon,"Brighton, AU",Brighton,AU,Pub,-37.9155926,144.9959737,https://us.non.world/pages/store-locator,2026-08-31T20:04:52.271834+00:00,,,,,,,,
NON,2610737630,Spicers Clovelly Estate,"Montville, AU",Montville,AU,Hotel,-26.6987931,152.9027565,https://us.non.world/pages/store-locator,2026-08-31T20:04:52.271834+00:00,,,,,,,,
NON,2610749337,Rambla On Swan,"South Perth, AU",South Perth,AU,Restaurant,-31.97192,115.8535717,https://us.non.world/pages/store-locator,2026-08-31T20:04:52.271834+00:00,,,,,,,,
NON,2610726676,Archive Wine Bar,"Belmont, AU",Belmont,AU,Bar,-38.1733571,144.3443197,https://us.non.world/pages/store-locator,2026-08-31T20:04:52.271834+00:00,,,,,,,,
NON,2610696622,Liquorland Cellars Mosman Park 2297,"Mosman Park, AU",Mosman Park,AU,Liquor Store,-32.0093768,115.7633229,https://us.non.world/pages/store-locator,2026-08-31T20:04:52.271834+00:00,,,,,,,,
NON,2610737532,Simply Better Wine Pty Ltd,"Avoca Beach, AU",Avoca Beach,AU,Liquor Store,-33.466224,151.4335935,https://us.non.world/pages/store-locator,2026-08-31T20:04:52.271834+00:00,,,,,,,,
NON,2610666506,Mayerling Cellars Croydon,"Croydon, AU",Croydon,AU,Liquor Store,-37.7967125,145.2566988,https://us.non.world/pages/store-locator,2026-08-31T20:04:52.271834+00:00,,,,,,,,
NON,2610779034,L Heritage,"Mosman, AU",Mosman,AU,French Restaurant,-33.8389718,151.2552202,https://us.non.world/pages/store-locator,2026-08-31T20:04:52.271834+00:00,,,,,,,,
NON,2610696933,Vintage Cellars Seaforth 2200,"Seaforth, AU",Seaforth,AU,Liquor Store,-33.7967614,151.2511761,https://us.non.world/pages/store-locator,2026-08-31T20:04:52.271834+00:00,,,,,,,,
NON,2610779035,Indibrew Pty Ltd,"Ultimo, AU",Ultimo,AU,Liquor Store,-33.876498,151.1953316,https://us.non.world/pages/store-locator,2026-08-31T20:04:52.271834+00:00,,,,,,,,
NON,2610749500,Emme,"Fortitude Valley, AU",Fortitude Valley,AU,Restaurant,-27.4558517,153.0394005,https://us.non.world/pages/store-locator,2026-08-31T20:04:52.271834+00:00,,,,,,,,
NON,2610749610,Shellhouse - Menzies,"Sydney, AU",Sydney,AU,Bar,-33.8651655,151.2067182,https://us.non.world/pages/store-locator,2026-08-31T20:04:52.271834+00:00,,,,,,,,
NON,2610726917,Harris Farms Markets Pty Ltd,"Lane Cove, AU",Lane Cove,AU,Grocery Store,-33.814909,151.1676882,https://us.non.world/pages/store-locator,2026-08-31T20:04:52.271834+00:00,,,,,,,,
NON,2610749622,Liquorland Karrinyup 2734,"Karrinyup, AU",Karrinyup,AU,Liquor Store,-31.8769194,115.7789658,https://us.non.world/pages/store-locator,2026-08-31T20:04:52.271834+00:00,,,,,,,,
NON,2610749573,Chef's Hat,"South Melbourne, AU",South Melbourne,AU,Furniture Store,-37.8322544,144.9577173,https://us.non.world/pages/store-locator,2026-08-31T20:04:52.271834+00:00,,,,,,,,
NON,2610749626,Ritchies Pentridge,"Coburg, AU",Coburg,AU,Grocery Store,-37.7362916,144.9692412,https://us.non.world/pages/store-locator,2026-08-31T20:04:52.271834+00:00,,,,,,,,
NON,2610749617,Fisher and Paykel Experience Centre Melbourne,"Fitzroy, AU",Fitzroy,AU,Store,-37.7953079,144.9791964,https://us.non.world/pages/store-locator,2026-08-31T20:04:52.271834+00:00,,,,,,,,
NON,2610666559,Mostyn Street Cellars,"Castlemaine, AU",Castlemaine,AU,Wine Bar,-37.0661474,144.219985,https://us.non.world/pages/store-locator,2026-08-31T20:04:52.271834+00:00,,,,,,,,
NON,2610737785,Liqourland Warehouse Mildura 2287,"Mildura, AU",Mildura,AU,Liquor Store,-34.2109151,142.1396439,https://us.non.world/pages/store-locator,2026-08-31T20:04:52.271834+00:00,,,,,,,,
NON,2610749668,P & V Wine and Liquor,"Newtown, AU",Newtown,AU,Liquor Store,-33.8988125,151.1760282,https://us.non.world/pages/store-locator,2026-08-31T20:04:52.271834+00:00,,,,,,,,
NON,2610749503,The Press Cellars,"Warragul, AU",Warragul,AU,Liquor Store,-38.160039,145.93253,https://us.non.world/pages/store-locator,2026-08-31T20:04:52.271834+00:00,,,,,,,,
NON,2610779160,The National,"Richmond, AU",Richmond,AU,Pub,-37.8109398,145.0028715,https://us.non.world/pages/store-locator,2026-08-31T20:04:52.271834+00:00,,,,,,,,
NON,2610696974,Commodore Hotel,"McMahons Point, AU",McMahons Point,AU,Pub,-33.8426964,151.2048242,https://us.non.world/pages/store-locator,2026-08-31T20:04:52.271834+00:00,,,,,,,,
NON,2610666605,Liquorland Warehouse Penrith 2226,"Penrith, AU",Penrith,AU,Liquor Store,-33.7587295,150.6928213,https://us.non.world/pages/store-locator,2026-08-31T20:04:52.271834+00:00,,,,,,,,
NON,2610666616,Liquorland Warehouse Bendigo 2286,"Bendigo, AU",Bendigo,AU,Liquor Store,-36.7608605,144.2835974,https://us.non.world/pages/store-locator,2026-08-31T20:04:52.271834+00:00,,,,,,,,
NON,2610666674,Liquorland Warehouse Maroubra 2228,"Maroubra, AU",Maroubra,AU,Liquor Store,-33.9405212,151.2385306,https://us.non.world/pages/store-locator,2026-08-31T20:04:52.271834+00:00,,,,,,,,
NON,2610749843,Liquorland Warehouse Raby Bay 2757,"Cleveland, AU",Cleveland,AU,Liquor Store,-27.5259,153.26715,https://us.non.world/pages/store-locator,2026-08-31T20:04:52.271834+00:00,,,,,,,,
NON,2610749688,Establishment 203,"Fortitude Valley, AU",Fortitude Valley,AU,Restaurant,-27.4594932,153.0349666,https://us.non.world/pages/store-locator,2026-08-31T20:04:52.271834+00:00,,,,,,,,
NON,2610727191,Liquorland Warehouse Melton 2753,"Melton, AU",Melton,AU,Liquor Store,-37.6829969,144.5799415,https://us.non.world/pages/store-locator,2026-08-31T20:04:52.271834+00:00,,,,,,,,
NON,2610727237,Liquorland Warehouse Wodonga 2282,"Wodonga, AU",Wodonga,AU,Liquor Store,-36.1193227,146.8903214,https://us.non.world/pages/store-locator,2026-08-31T20:04:52.271834+00:00,,,,,,,,
NON,2610779263,Cloudwine Pty Ltd,"South Melbourne, AU",South Melbourne,AU,Liquor Store,-37.8343189,144.9614616,https://us.non.world/pages/store-locator,2026-08-31T20:04:52.271834+00:00,,,,,,,,
NON,2610696960,Byron Crystalbrook Collection,"Byron Bay, AU",Byron Bay,AU,Resort hotel,-28.6787601,153.6103055,https://us.non.world/pages/store-locator,2026-08-31T20:04:52.271834+00:00,,,,,,,,
NON,2610666648,Liquorland Warehouse Albury 2749,"Albury, AU",Albury,AU,Liquor Store,-36.0819104,146.9232163,https://us.non.world/pages/store-locator,2026-08-31T20:04:52.271834+00:00,,,,,,,,
NON,2610696998,Liquorland Warehouse Sylvania 2235,"Sylvania, AU",Sylvania,AU,Liquor Store,-34.0094627,151.1048522,https://us.non.world/pages/store-locator,2026-08-31T20:04:52.271834+00:00,,,,,,,,
NON,2610696999,Liquorland Warehouse Ballina 2227,"Ballina, AU",Ballina,AU,Liquor Store,-28.860109,153.559122,https://us.non.world/pages/store-locator,2026-08-31T20:04:52.271834+00:00,,,,,,,,
NON,2610779249,Liquorland Warehouse Fountain Gate 2774,"Narre Warren, AU",Narre Warren,AU,Liquor Store,-38.0193611,145.3050376,https://us.non.world/pages/store-locator,2026-08-31T20:04:52.271834+00:00,,,,,,,,
NON,2610697054,Hop & Vin Cellars,"Kensington, AU",Kensington,AU,Liquor Store,-37.7941868,144.9292293,https://us.non.world/pages/store-locator,2026-08-31T20:04:52.271834+00:00,,,,,,,,
NON,2610779403,Liquorland East Village 2188,"Zetland, AU",Zetland,AU,Liquor Store,-33.9053693,151.2129762,https://us.non.world/pages/store-locator,2026-08-31T20:04:52.271834+00:00,,,,,,,,
NON,2610727194,Liquorland Forestville 2199,"S17 Starkey Street, AU",S17 Starkey Street,AU,Liquor Store,-33.7654993,151.215793,https://us.non.world/pages/store-locator,2026-08-31T20:04:52.271834+00:00,,,,,,,,
NON,2610697084,The Right Drop,"NSW, AU",NSW,AU,,-33.8708464,151.20733,https://us.non.world/pages/store-locator,2026-08-31T20:04:52.271834+00:00,,,,,,,,
NON,2610779405,Liquorland San Remo 2225,"San Remo, AU",San Remo,AU,Liquor Store,-33.2161052,151.5100454,https://us.non.world/pages/store-locator,2026-08-31T20:04:52.271834+00:00,,,,,,,,
NON,2610737801,Liquorland Warehouse Singleton 2220,"Singleton, AU",Singleton,AU,Liquor Store,-32.5663261,151.1647169,https://us.non.world/pages/store-locator,2026-08-31T20:04:52.271834+00:00,,,,,,,,
NON,2610737841,Dier Makr,"Hobart, AU",Hobart,AU,Restaurant,-42.8837927,147.3264403,https://us.non.world/pages/store-locator,2026-08-31T20:04:52.271834+00:00,,,,,,,,
NON,2610779230,Liquorland St Leonards 2185,"St Leonards, AU",St Leonards,AU,Liquor Store,-33.8237649,151.1952963,https://us.non.world/pages/store-locator,2026-08-31T20:04:52.271834+00:00,,,,,,,,
NON,2610697098,Liquorland Warehouse Rockdale 2217,"Banksia, AU",Banksia,AU,Liquor Store,-33.947348,151.1407729,https://us.non.world/pages/store-locator,2026-08-31T20:04:52.271834+00:00,,,,,,,,
NON,2610779369,Merivale Ivy,"Sydney, AU",Sydney,AU,Bar,-33.8666235,151.2074877,https://us.non.world/pages/store-locator,2026-08-31T20:04:52.271834+00:00,,,,,,,,
NON,2610779458,Claremont Specialty Liquor,"Claremont, AU",Claremont,AU,Liquor Store,-31.9746427,115.7813768,https://us.non.world/pages/store-locator,2026-08-31T20:04:52.271834+00:00,,,,,,,,
NON,2610697298,Cecconi's Toorak,"489 Toorak Rd, AU",489 Toorak Rd,AU,Italian Restaurant,-37.84095629999999,145.0092667,https://us.non.world/pages/store-locator,2026-08-31T20:04:52.271834+00:00,,,,,,,,
NON,2610727544,ReWine,"Brunswick East, AU",Brunswick East,AU,Wine Bar,-37.7623902,144.9736184,https://us.non.world/pages/store-locator,2026-08-31T20:04:52.271834+00:00,,,,,,,,
NON,2610779528,The Royal Hotel Perth,"Perth, AU",Perth,AU,Pub,-31.9512577,115.8577402,https://us.non.world/pages/store-locator,2026-08-31T20:04:52.271834+00:00,,,,,,,,
NON,2610779628,Denmark Unit Hotel,"Denmark, AU",Denmark,AU,Premise,-34.9604965,117.3563207,https://us.non.world/pages/store-locator,2026-08-31T20:04:52.271834+00:00,,,,,,,,
NON,2610697448,Liquorland Warehouse Goulburn 2232,"Goulburn, AU",Goulburn,AU,Liquor Store,-34.7735023,149.6907679,https://us.non.world/pages/store-locator,2026-08-31T20:04:52.271834+00:00,,,,,,,,
NON,2610779731,Spicers Hidden Vale,"Grandchester, AU",Grandchester,AU,Hotel,-27.7173219,152.4671094,https://us.non.world/pages/store-locator,2026-08-31T20:04:52.271834+00:00,,,,,,,,
NON,2610750270,Chambers Cellars Tramsheds - Forest Lodge,"Forest Lodge, AU",Forest Lodge,AU,Liquor Store,-33.8761055,151.1783737,https://us.non.world/pages/store-locator,2026-08-31T20:04:52.271834+00:00,,,,,,,,
NON,2610750306,Ra Restaurant and Bar,"Sunshine Beach QLD 4567, AU",Sunshine Beach QLD 4567,AU,Restaurant,-26.4054849,153.1107228,https://us.non.world/pages/store-locator,2026-08-31T20:04:52.271834+00:00,,,,,,,,
NON,2610697497,Liquorland Woodend 2270,"Woodend, AU",Woodend,AU,Liquor Store,-37.3588489,144.5264905,https://us.non.world/pages/store-locator,2026-08-31T20:04:52.271834+00:00,,,,,,,,
NON,2610779744,Liquorland South Perth 2299,"South Perth, AU",South Perth,AU,Liquor Store,-31.9764861,115.8728821,https://us.non.world/pages/store-locator,2026-08-31T20:04:52.271834+00:00,,,,,,,,
NON,2610779687,Sails in the Desert Hotel,"Yulara, AU",Yulara,AU,Hotel,-25.2385986,130.9832929,https://us.non.world/pages/store-locator,2026-08-31T20:04:52.271834+00:00,,,,,,,,
NON,2610750202,Liqourland Cooks Hill 2191,"Cooks Hill, AU",Cooks Hill,AU,Liquor Store,-32.9359814,151.768353,https://us.non.world/pages/store-locator,2026-08-31T20:04:52.271834+00:00,,,,,,,,
NON,2610667119,LIPT Bentleigh,"Bentleigh, AU",Bentleigh,AU,Wine Bar,-37.9156188,145.0742928,https://us.non.world/pages/store-locator,2026-08-31T20:04:52.271834+00:00,,,,,,,,
NON,2610738342,Liquorland Warehouse Jandakot 2304,"Jandakot, AU",Jandakot,AU,Liquor Store,-32.1195095,115.8460187,https://us.non.world/pages/store-locator,2026-08-31T20:04:52.271834+00:00,,,,,,,,
NON,2610667112,Liquorland Warehouse Caroline Springs 2752,"Caroline Springs, AU",Caroline Springs,AU,Liquor Store,-37.73322599999999,144.741374,https://us.non.world/pages/store-locator,2026-08-31T20:04:52.271834+00:00,,,,,,,,
NON,2610738344,Liquorland Warehouse Mornington 2285,"Mornington, AU",Mornington,AU,Liquor Store,-38.2204363,145.0388517,https://us.non.world/pages/store-locator,2026-08-31T20:04:52.271834+00:00,,,,,,,,
NON,2610750290,Liquorland Warehouse Upper Mt Gravatt 2263,"Upper Mount Gravatt, AU",Upper Mount Gravatt,AU,Liquor Store,-27.5604944,153.0901156,https://us.non.world/pages/store-locator,2026-08-31T20:04:52.271834+00:00,,,,,,,,
NON,2610750385,Sense of Taste Tarragindi,"Tarragindi, AU",Tarragindi,AU,Liquor Store,-27.5155579,153.0391568,https://us.non.world/pages/store-locator,2026-08-31T20:04:52.271834+00:00,,,,,,,,
NON,2610727738,Hawthorne Garage,"Hawthorne, AU",Hawthorne,AU,Grocery Store,-27.4614397,153.0607357,https://us.non.world/pages/store-locator,2026-08-31T20:04:52.271834+00:00,,,,,,,,
NON,2610779853,Adelita Wine Bar,"Wynnum, AU",Wynnum,AU,Restaurant,-27.4361433,153.1717927,https://us.non.world/pages/store-locator,2026-08-31T20:04:52.271834+00:00,,,,,,,,
NON,2610750505,Dino's IGA Mullumbimby,"Mullumbimby, AU",Mullumbimby,AU,Supermarket,-28.5530957,153.5015514,https://us.non.world/pages/store-locator,2026-08-31T20:04:52.271834+00:00,,,,,,,,
NON,2610738302,Next Hotel Melbourne,"Melbourne, AU",Melbourne,AU,Hotel,-37.8134213,144.9703466,https://us.non.world/pages/store-locator,2026-08-31T20:04:52.271834+00:00,,,,,,,,
NON,2610697620,Blackhearts and Sparrows,"Fitzroy North, AU",Fitzroy North,AU,Liquor Store,-37.7829594,144.982887,https://us.non.world/pages/store-locator,2026-08-31T20:04:52.271834+00:00,,,,,,,,
NON,2610738313,Stella's Pantry,"Warragul, AU",Warragul,AU,Coffee Shop,-38.162279,145.930853,https://us.non.world/pages/store-locator,2026-08-31T20:04:52.271834+00:00,,,,,,,,
NON,2610738613,Liquorland Warehouse Kellyville 2231,"Kellyville, AU",Kellyville,AU,Liquor Store,-33.7121228,150.9582863,https://us.non.world/pages/store-locator,2026-08-31T20:04:52.271834+00:00,,,,,,,,
NON,2610750552,Dan Murphy’s Engadine 1812,"Engadine, AU",Engadine,AU,Liquor Store,-34.0655637,151.0141158,https://us.non.world/pages/store-locator,2026-08-31T20:04:52.271834+00:00,,,,,,,,
NON,2610750509,Dan Murphy’s Kirrawee 1618,"32 Flora Street, AU",32 Flora Street,AU,Liquor Store,-34.0344677,151.0731816,https://us.non.world/pages/store-locator,2026-08-31T20:04:52.271834+00:00,,,,,,,,
NON,2610750673,Dan Murphys Tuggeranong 1555,"Greenway, AU",Greenway,AU,Liquor Store,-35.4186654,149.0671141,https://us.non.world/pages/store-locator,2026-08-31T20:04:52.271834+00:00,,,,,,,,
NON,2610750704,IGA Stanmore,"Stanmore, AU",Stanmore,AU,Grocery Store,-33.894945,151.1640341,https://us.non.world/pages/store-locator,2026-08-31T20:04:52.271834+00:00,,,,,,,,
NON,2610750690,Qualia Hamilton Island,"Whitsundays, AU",Whitsundays,AU,Resort hotel,-20.3338006,148.9486059,https://us.non.world/pages/store-locator,2026-08-31T20:04:52.271834+00:00,,,,,,,,
NON,2610738395,Dan Murphys Marden 5703,"Marden Shopping Centre, AU",Marden Shopping Centre,AU,Liquor Store,-34.8952225,138.6387021,https://us.non.world/pages/store-locator,2026-08-31T20:04:52.271834+00:00,,,,,,,,
NON,2610780032,Dan Murphys Mt Gambier 5105,"Mount Gambier, AU",Mount Gambier,AU,Liquor Store,-37.8307231,140.7871369,https://us.non.world/pages/store-locator,2026-08-31T20:04:52.271834+00:00,,,,,,,,
NON,2610697788,Liquorland Warehouse Bairnsdale 2283,"Bairnsdale, AU",Bairnsdale,AU,Liquor Store,-37.8249651,147.6325868,https://us.non.world/pages/store-locator,2026-08-31T20:04:52.271834+00:00,,,,,,,,
NON,2610727919,Clay Health & Organics (Collingwood),"Collingwood, AU",Collingwood,AU,Grocery Store,-37.79788569999999,144.9846335,https://us.non.world/pages/store-locator,2026-08-31T20:04:52.271834+00:00,,,,,,,,
NON,2610779954,Dan Murphy's Blacktown 1900,"Lacey Place, AU",Lacey Place,AU,Liquor Store,-33.7770886,150.9201607,https://us.non.world/pages/store-locator,2026-08-31T20:04:52.271834+00:00,,,,,,,,
NON,2610727824,Dan Murphy's Campbelltown 1535,"C048-C049 Macarthur Square Shopping Centre, AU",C048-C049 Macarthur Square Shopping Centre,AU,Liquor Store,-34.0748527,150.7979477,https://us.non.world/pages/store-locator,2026-08-31T20:04:52.271834+00:00,,,,,,,,
NON,2610727825,Dan Murphys Colyton 1558,"Colyton, AU",Colyton,AU,Liquor Store,-33.786104,150.8002066,https://us.non.world/pages/store-locator,2026-08-31T20:04:52.271834+00:00,,,,,,,,
NON,2610727934,Dan Murphy's Emu Plains 1498,"Emu Plains, AU",Emu Plains,AU,Liquor Store,-33.7429678,150.6506155,https://us.non.world/pages/store-locator,2026-08-31T20:04:52.271834+00:00,,,,,,,,
NON,2610780038,Dan Murphy's Katoomba 1679,"Katoomba, AU",Katoomba,AU,Liquor Store,-33.715357,150.3096175,https://us.non.world/pages/store-locator,2026-08-31T20:04:52.271834+00:00,,,,,,,,
NON,2610697797,Dan Murphy's Narellan 1390,"Narellan, AU",Narellan,AU,Liquor Store,-34.036851,150.7337734,https://us.non.world/pages/store-locator,2026-08-31T20:04:52.271834+00:00,,,,,,,,
NON,2610779872,Dan Murphys Penrith 1568,"Penrith, AU",Penrith,AU,Liquor Store,-33.7525594,150.7046379,https://us.non.world/pages/store-locator,2026-08-31T20:04:52.271834+00:00,,,,,,,,
NON,2610779931,Dan Murphys Richmond 1246,"Richmond, AU",Richmond,AU,Liquor Store,-33.5967733,150.753121,https://us.non.world/pages/store-locator,2026-08-31T20:04:52.271834+00:00,,,,,,,,
NON,2610779876,Dan Murphy's Wagga Wagga 1441,"Wagga Wagga, AU",Wagga Wagga,AU,Liquor Store,-35.1197864,147.3695169,https://us.non.world/pages/store-locator,2026-08-31T20:04:52.271834+00:00,,,,,,,,
NON,2610728127,Dan Murphy's Warwick Farm 1971,"Warwick Farm, AU",Warwick Farm,AU,Liquor Store,-33.9144555,150.9286774,https://us.non.world/pages/store-locator,2026-08-31T20:04:52.271834+00:00,,,,,,,,
NON,2610687464,Liquorland Jindalee 2258,"Jindalee, AU",Jindalee,AU,Liquor Store,-27.534815,152.9479618,https://us.non.world/pages/store-locator,2026-08-31T20:04:52.271834+00:00,,,,,,,,
NON,2610697923,Dan Murphys Alphington 3600,"Alphington, AU",Alphington,AU,Liquor Store,-37.7800062,145.033056,https://us.non.world/pages/store-locator,2026-08-31T20:04:52.271834+00:00,,,,,,,,
NON,2610728036,Dan Murphys Ascot Vale 3441,"Ascot Vale, AU",Ascot Vale,AU,Liquor Store,-37.7767872,144.9288638,https://us.non.world/pages/store-locator,2026-08-31T20:04:52.271834+00:00,,,,,,,,
NON,2610728067,Dan Murphys Brighton 3440,"Brighton, AU",Brighton,AU,Liquor Store,-37.9081762,145.0109741,https://us.non.world/pages/store-locator,2026-08-31T20:04:52.271834+00:00,,,,,,,,
NON,2610697924,Dan Murphy's Chirnside Park 3818,"Chirnside Park, AU",Chirnside Park,AU,Liquor Store,-37.7613603,145.3106309,https://us.non.world/pages/store-locator,2026-08-31T20:04:52.271834+00:00,,,,,,,,
NON,2610687381,Dan Murphy's Collingwood 3962,"Collingwood, AU",Collingwood,AU,Liquor Store,-37.7960277,144.9851707,https://us.non.world/pages/store-locator,2026-08-31T20:04:52.271834+00:00,,,,,,,,
NON,2610687606,Dan Murphys East Brunswick 3778,"Brunswick East, AU",Brunswick East,AU,Liquor Store,-37.7622109,144.9730917,https://us.non.world/pages/store-locator,2026-08-31T20:04:52.271834+00:00,,,,,,,,
NON,2610738463,Dan Murphys East Malvern 3605,"Malvern East, AU",Malvern East,AU,Liquor Store,-37.874251,145.0400585,https://us.non.world/pages/store-locator,2026-08-31T20:04:52.271834+00:00,,,,,,,,
NON,2610738464,Dan Murphys Eltham 3372,"2/20 Luck Street, AU",2/20 Luck Street,AU,Liquor Store,-37.7128815,145.1503651,https://us.non.world/pages/store-locator,2026-08-31T20:04:52.271834+00:00,,,,,,,,
NON,2610750568,Dan Murphys Malvern 3625,"Malvern, AU",Malvern,AU,Liquor Store,-37.8611073,145.0293368,https://us.non.world/pages/store-locator,2026-08-31T20:04:52.271834+00:00,,,,,,,,
NON,2610687383,Dan Murphy's Mildura 5203,"Mildura, AU",Mildura,AU,Liquor Store,-34.2064249,142.1381304,https://us.non.world/pages/store-locator,2026-08-31T20:04:52.271834+00:00,,,,,,,,
NON,2610687706,Dan Murphy's Prahran Arcade 3252,"Prahran, AU",Prahran,AU,Liquor Store,-37.848721,144.9941891,https://us.non.world/pages/store-locator,2026-08-31T20:04:52.271834+00:00,,,,,,,,
NON,2610750623,Dan Murphys South Melbourne 3619,"Southbank, AU",Southbank,AU,Liquor Store,-37.8301127,144.9569134,https://us.non.world/pages/store-locator,2026-08-31T20:04:52.271834+00:00,,,,,,,,
NON,2610687707,Dan Murphy's Bunbury (ALH) 4255,"Bunbury, AU",Bunbury,AU,Liquor Store,-33.3358613,115.6405842,https://us.non.world/pages/store-locator,2026-08-31T20:04:52.271834+00:00,,,,,,,,
NON,2610750558,The Pillars,"Sydney, AU",Sydney,AU,Association / Organization,-33.867832,151.2063766,https://us.non.world/pages/store-locator,2026-08-31T20:04:52.271834+00:00,,,,,,,,
NON,2610687384,Dan Murphys Armidale 1871,"Armidale, AU",Armidale,AU,Liquor Store,-30.5129441,151.6642024,https://us.non.world/pages/store-locator,2026-08-31T20:04:52.271834+00:00,,,,,,,,
NON,2610687395,Dan Murphys Batemans Bay 1847,"Batemans Bay, AU",Batemans Bay,AU,Liquor Store,-35.7101262,150.1776857,https://us.non.world/pages/store-locator,2026-08-31T20:04:52.271834+00:00,,,,,,,,
NON,2610751018,Dan Murphys Bathurst 1822,"Bathurst, AU",Bathurst,AU,Liquor Store,-33.4141724,149.5812066,https://us.non.world/pages/store-locator,2026-08-31T20:04:52.271834+00:00,,,,,,,,
NON,2610687575,Dan Murphy's Bega 1043,"106 Auckland Street, AU",106 Auckland Street,AU,Liquor Store,-36.675791,149.8415658,https://us.non.world/pages/store-locator,2026-08-31T20:04:52.271834+00:00,,,,,,,,
NON,2610750561,Dan Murphys Belconnen 1640,"Shop 6, AU",Shop 6,AU,Liquor Store,-35.2385539,149.0671399,https://us.non.world/pages/store-locator,2026-08-31T20:04:52.271834+00:00,,,,,,,,
NON,2610750522,Dan Murphys Dubbo ALH 1851,"Dubbo, AU",Dubbo,AU,Liquor Store,-32.2540068,148.6434417,https://us.non.world/pages/store-locator,2026-08-31T20:04:52.271834+00:00,,,,,,,,
NON,2610738566,Dan Murphys Jesmond 1357,"Jesmond Central, AU",Jesmond Central,AU,Liquor Store,-32.902489,151.6898707,https://us.non.world/pages/store-locator,2026-08-31T20:04:52.271834+00:00,,,,,,,,
NON,2610687563,Dan Murphy's Leichhardt 1862,"Leichhardt, AU",Leichhardt,AU,Liquor Store,-33.8751981,151.1538146,https://us.non.world/pages/store-locator,2026-08-31T20:04:52.271834+00:00,,,,,,,,
NON,2610750628,Dan Murphy's Orange 1438,"Orange, AU",Orange,AU,Liquor Store,-33.2838337,149.0947964,https://us.non.world/pages/store-locator,2026-08-31T20:04:52.271834+00:00,,,,,,,,
NON,2610687656,Dan Murphy's Parramatta 1968,"Parramatta, AU",Parramatta,AU,Liquor Store,-33.8090726,151.015443,https://us.non.world/pages/store-locator,2026-08-31T20:04:52.271834+00:00,,,,,,,,
NON,2610728022,Dan Murphy's Queanbeyan 1657,"Queanbeyan, AU",Queanbeyan,AU,Liquor Store,-35.3515162,149.2329428,https://us.non.world/pages/store-locator,2026-08-31T20:04:52.271834+00:00,,,,,,,,
NON,2610780002,Dan Murphys Strathfield 1233,"Strathfield South, AU",Strathfield South,AU,Liquor Store,-33.888864,151.0907631,https://us.non.world/pages/store-locator,2026-08-31T20:04:52.271834+00:00,,,,,,,,
NON,2610780166,Dan Murphys Swansea 1849,"Swansea, AU",Swansea,AU,Liquor Store,-33.088887,151.638007,https://us.non.world/pages/store-locator,2026-08-31T20:04:52.271834+00:00,,,,,,,,
NON,2610697861,Dan Murphy's Tamworth 1819,"Tamworth, UK",Tamworth,UK,Liquor Store,-31.0974632,150.9376196,https://us.non.world/pages/store-locator,2026-08-31T20:04:52.271834+00:00,,,,,,,,
NON,2610697914,Liquorland Warehouse Chancellor Park 2266,"Sippy Downs, AU",Sippy Downs,AU,Liquor Store,-26.7187513,153.0493866,https://us.non.world/pages/store-locator,2026-08-31T20:04:52.271834+00:00,,,,,,,,
NON,2610738695,Dan Murphy's Mitchelton (ALH) 2423,"Mitchelton, AU",Mitchelton,AU,Liquor Store,-27.4076612,152.9790727,https://us.non.world/pages/store-locator,2026-08-31T20:04:52.271834+00:00,,,,,,,,
NON,2610750616,Dan Murphys Villa Noosa 2421,"15/21 Mary Street, AU",15/21 Mary Street,AU,Liquor Store,-26.4014357,153.0635991,https://us.non.world/pages/store-locator,2026-08-31T20:04:52.271834+00:00,,,,,,,,
NON,2610750584,Dan Murphy’s Cranbourne East 3842,"Cranbourne East, AU",Cranbourne East,AU,Liquor Store,-38.0986348,145.2929328,https://us.non.world/pages/store-locator,2026-08-31T20:04:52.271834+00:00,,,,,,,,
NON,2610750617,Dan Murphy’s Harpley 7714,"Werribee, AU",Werribee,AU,Liquor Store,-37.9114481,144.6152965,https://us.non.world/pages/store-locator,2026-08-31T20:04:52.271834+00:00,,,,,,,,
NON,2610738700,Dan Murphy’s Kilsyth 3808,"518 Mount Dandenong Road, AU",518 Mount Dandenong Road,AU,Liquor Store,-37.8029203,145.3100628,https://us.non.world/pages/store-locator,2026-08-31T20:04:52.271834+00:00,,,,,,,,
NON,2610750534,Dan Murphy's Bairnsdale 3432,"Bairnsdale, AU",Bairnsdale,AU,Liquor Store,-37.8275128,147.6262939,https://us.non.world/pages/store-locator,2026-08-31T20:04:52.271834+00:00,,,,,,,,
NON,2610750634,Dan Murphys Bellarine 3451,"Newcomb, AU",Newcomb,AU,Liquor Store,-38.16877059999999,144.3886406,https://us.non.world/pages/store-locator,2026-08-31T20:04:52.271834+00:00,,,,,,,,
NON,2610750536,Dan Murphys Belmont 3387,"Belmont, AU",Belmont,AU,Liquor Store,-38.1713013,144.3481706,https://us.non.world/pages/store-locator,2026-08-31T20:04:52.271834+00:00,,,,,,,,
NON,2610738933,Dan Murphy's Bundoora 3081,"1056-1140 Plenty Road, AU",1056-1140 Plenty Road,AU,Liquor Store,-37.7125902,145.0478379,https://us.non.world/pages/store-locator,2026-08-31T20:04:52.271834+00:00,,,,,,,,
NON,2610780195,Dan Murphys Burvale 3220,"Vermont South, AU",Vermont South,AU,Liquor Store,-37.8543077,145.1699229,https://us.non.world/pages/store-locator,2026-08-31T20:04:52.271834+00:00,,,,,,,,
NON,2610697943,Dan Murphy's Caroline Springs 3792,"Caroline Springs, AU",Caroline Springs,AU,Liquor Store,-37.7536198,144.7393963,https://us.non.world/pages/store-locator,2026-08-31T20:04:52.271834+00:00,,,,,,,,
NON,2610697983,Dan Murphys Clyde North 7716,"Clyde North, AU",Clyde North,AU,Liquor Store,-38.0925663,145.342837,https://us.non.world/pages/store-locator,2026-08-31T20:04:52.271834+00:00,,,,,,,,
NON,2610780171,Dan Murphys Corio ALH 3005,"Corio, AU",Corio,AU,Liquor Store,-38.0806714,144.3632813,https://us.non.world/pages/store-locator,2026-08-31T20:04:52.271834+00:00,,,,,,,,
NON,2610780278,Dan Murphys Doveton ALH 3237,"Doveton, AU",Doveton,AU,Liquor Store,-38.00059359999999,145.2331784,https://us.non.world/pages/store-locator,2026-08-31T20:04:52.271834+00:00,,,,,,,,
NON,2610738936,Dan Murphys Echuca 3624,"Echuca, AU",Echuca,AU,Liquor Store,-36.1284866,144.7524557,https://us.non.world/pages/store-locator,2026-08-31T20:04:52.271834+00:00,,,,,,,,
NON,2610750588,Dan Murphys Endeavour Hills WOW 3346,"Endeavour Hills Shopping Centre, AU",Endeavour Hills Shopping Centre,AU,Liquor Store,-37.97681360000001,145.2596227,https://us.non.world/pages/store-locator,2026-08-31T20:04:52.271834+00:00,,,,,,,,
NON,2610750731,Dan Murphy's Epping 3865,"Epping, AU",Epping,AU,Liquor Store,-37.6541553,145.0183354,https://us.non.world/pages/store-locator,2026-08-31T20:04:52.271834+00:00,,,,,,,,
NON,2610750664,Dan Murphys Forest Hill 3630,"5 Brentford Square, AU",5 Brentford Square,AU,Liquor Store,-37.8364627,145.1829976,https://us.non.world/pages/store-locator,2026-08-31T20:04:52.271834+00:00,,,,,,,,
NON,2610751043,Dan Murphys Frankston 3375,"Frankston, AU",Frankston,AU,Liquor Store,-38.1443379,145.1204128,https://us.non.world/pages/store-locator,2026-08-31T20:04:52.271834+00:00,,,,,,,,
NON,2610780183,Dan Murphys Hogan's Corner 3082,"Hogan's Corner Shopping Centre, AU",Hogan's Corner Shopping Centre,AU,Liquor Store,-37.862105,144.6873663,https://us.non.world/pages/store-locator,2026-08-31T20:04:52.271834+00:00,,,,,,,,
NON,2610698017,Dan Murphy's Karingal 3031,"Frankston, AU",Frankston,AU,Liquor Store,-38.1544308,145.1659984,https://us.non.world/pages/store-locator,2026-08-31T20:04:52.271834+00:00,,,,,,,,
NON,2610728171,Dan Murphy's Marriott Waters 3085,"Marriott Waters Shopping Centre, AU",Marriott Waters Shopping Centre,AU,Liquor Store,-38.0776253,145.2497864,https://us.non.world/pages/store-locator,2026-08-31T20:04:52.271834+00:00,,,,,,,,
NON,2610697951,Dan Murphys Mulgrave ALH 3446,"Mulgrave, AU",Mulgrave,AU,Liquor Store,-37.9313205,145.1549158,https://us.non.world/pages/store-locator,2026-08-31T20:04:52.271834+00:00,,,,,,,,
NON,2610698163,Dan Murphys Oakleigh South 3628,"Oakleigh South, AU",Oakleigh South,AU,Liquor Store,-37.910081,145.0855597,https://us.non.world/pages/store-locator,2026-08-31T20:04:52.271834+00:00,,,,,,,,
NON,2610687516,Dan Murphys Ocean Grove 3793,"Ocean Grove, AU",Ocean Grove,AU,Liquor Store,-38.2463827,144.5387248,https://us.non.world/pages/store-locator,2026-08-31T20:04:52.271834+00:00,,,,,,,,
NON,2610750590,Dan Murphys Pakenham 3262,"Pakenham, AU",Pakenham,AU,Liquor Store,-38.0625834,145.4560869,https://us.non.world/pages/store-locator,2026-08-31T20:04:52.271834+00:00,,,,,,,,
NON,2610687524,Dan Murphys Point Cook 3618,"Point Cook, AU",Point Cook,AU,Liquor Store,-37.8826395,144.7340811,https://us.non.world/pages/store-locator,2026-08-31T20:04:52.271834+00:00,,,,,,,,
NON,2610738722,Dan Murphy's Sale 3959,"Sale, AU",Sale,AU,Liquor Store,-38.1076208,147.0686914,https://us.non.world/pages/store-locator,2026-08-31T20:04:52.271834+00:00,,,,,,,,
NON,2610738574,Dan Murphy's Seaford 3086,"Seaford, AU",Seaford,AU,Liquor Store,-38.1130188,145.155136,https://us.non.world/pages/store-locator,2026-08-31T20:04:52.271834+00:00,,,,,,,,
NON,2610750683,Dan Murphys Shepparton 3692,"Shepparton, AU",Shepparton,AU,Liquor Store,-36.384167,145.3981049,https://us.non.world/pages/store-locator,2026-08-31T20:04:52.271834+00:00,,,,,,,,
NON,2610738723,Dan Murphy's South Morang (ALH) 3073,"South Morang, AU",South Morang,AU,Liquor Store,-37.6505698,145.0901546,https://us.non.world/pages/store-locator,2026-08-31T20:04:52.271834+00:00,,,,,,,,
NON,2610738444,Dan Murphy's Sunbury 3710,"Sunbury, AU",Sunbury,AU,Liquor Store,-37.577812,144.7269741,https://us.non.world/pages/store-locator,2026-08-31T20:04:52.271834+00:00,,,,,,,,
NON,2610738749,Dan Murphy's Sunshine 3627,"Sunshine North, AU",Sunshine North,AU,Liquor Store,-37.78451,144.8276547,https://us.non.world/pages/store-locator,2026-08-31T20:04:52.271834+00:00,,,,,,,,
NON,2610738941,Dan Murphys Traralgon 3406,"Traralgon, AU",Traralgon,AU,Liquor Store,-38.1981099,146.5359157,https://us.non.world/pages/store-locator,2026-08-31T20:04:52.271834+00:00,,,,,,,,
NON,2610750686,Dan Murphys Wangaratta 3973,"Wangaratta, AU",Wangaratta,AU,Liquor Store,-36.3539427,146.322265,https://us.non.world/pages/store-locator,2026-08-31T20:04:52.271834+00:00,,,,,,,,
NON,2610750668,Dan Murphys Warrnambool 3696,"Warrnambool, AU",Warrnambool,AU,Liquor Store,-38.3789341,142.5201938,https://us.non.world/pages/store-locator,2026-08-31T20:04:52.271834+00:00,,,,,,,,
NON,2610751056,Dan Murphys Watergardens 3623,"Taylors Lakes, AU",Taylors Lakes,AU,Liquor Store,-37.6984796,144.7755371,https://us.non.world/pages/store-locator,2026-08-31T20:04:52.271834+00:00,,,,,,,,
NON,2610738725,Dan Murphy's Wodonga 3334,"Wodonga, AU",Wodonga,AU,Liquor Store,-36.1222747,146.8883687,https://us.non.world/pages/store-locator,2026-08-31T20:04:52.271834+00:00,,,,,,,,
NON,2610751057,Dan Murphy's Woodgrove 3257,"Woodgrove Shopping Centre, AU",Woodgrove Shopping Centre,AU,Liquor Store,-37.6629001,144.5676372,https://us.non.world/pages/store-locator,2026-08-31T20:04:52.271834+00:00,,,,,,,,
NON,2610728203,Dan Murphys Albany 4003,"Albany, AU",Albany,AU,Liquor Store,-35.0277266,117.8834295,https://us.non.world/pages/store-locator,2026-08-31T20:04:52.271834+00:00,,,,,,,,
NON,2610728331,Dan Murphys Mandurah 4415,"Mandurah, AU",Mandurah,AU,Liquor Store,-32.5348025,115.7211192,https://us.non.world/pages/store-locator,2026-08-31T20:04:52.271834+00:00,,,,,,,,
NON,2610728259,Dan Murphy's Rockingham (ALH) 4162,"Rockingham, AU",Rockingham,AU,Liquor Store,-32.2886464,115.741617,https://us.non.world/pages/store-locator,2026-08-31T20:04:52.271834+00:00,,,,,,,,
NON,2610780249,Dan Murphy's Secret Harbour 4667,"Secret Harbour, AU",Secret Harbour,AU,Liquor Store,-32.4078256,115.758629,https://us.non.world/pages/store-locator,2026-08-31T20:04:52.271834+00:00,,,,,,,,
NON,2610728261,Dan Murphy's Guildford 1768,"Guildford, AU",Guildford,AU,Liquor Store,-33.8618031,150.9939369,https://us.non.world/pages/store-locator,2026-08-31T20:04:52.271834+00:00,,,,,,,,
NON,2610780146,Dan Murphys Wentworthville 1801,"Wentworthville, AU",Wentworthville,AU,Liquor Store,-33.8154694,150.9687343,https://us.non.world/pages/store-locator,2026-08-31T20:04:52.271834+00:00,,,,,,,,
NON,2610780343,Dan Murphy's Pasadena 5063,"Pasadena, AU",Pasadena,AU,Liquor Store,-35.0017977,138.5900322,https://us.non.world/pages/store-locator,2026-08-31T20:04:52.271834+00:00,,,,,,,,
NON,2610780257,Dan Murphy's Brickworks 5638,"Torrensville, AU",Torrensville,AU,Liquor Store,-34.9137973,138.5640671,https://us.non.world/pages/store-locator,2026-08-31T20:04:52.271834+00:00,,,,,,,,
NON,2610687591,Dan Murphy's Busselton 4904,"Busselton, AU",Busselton,AU,Liquor Store,-33.6539087,115.3416325,https://us.non.world/pages/store-locator,2026-08-31T20:04:52.271834+00:00,,,,,,,,
NON,2610687592,Dan Murphy's Byford 4908,"Byford, AU",Byford,AU,Liquor Store,-32.2209592,116.0083697,https://us.non.world/pages/store-locator,2026-08-31T20:04:52.271834+00:00,,,,,,,,
NON,2610738592,Dan Murphys Canning Vale 4414,"Canning Vale, AU",Canning Vale,AU,Liquor Store,-32.0901613,115.9185272,https://us.non.world/pages/store-locator,2026-08-31T20:04:52.271834+00:00,,,,,,,,
NON,2610750833,Dan Murphys Cannington 4257,"Beckenham, AU",Beckenham,AU,Liquor Store,-32.0257506,115.9474382,https://us.non.world/pages/store-locator,2026-08-31T20:04:52.271834+00:00,,,,,,,,
NON,2610750943,Dan Murphys Perth Airport 4501,"Perth Airport, AU",Perth Airport,AU,Liquor Store,-31.9370417,115.9505093,https://us.non.world/pages/store-locator,2026-08-31T20:04:52.271834+00:00,,,,,,,,
NON,2610687680,Liquorland Warehouse Redcliffe 2254,"Redcliffe, AU",Redcliffe,AU,Liquor Store,-27.2305833,153.113944,https://us.non.world/pages/store-locator,2026-08-31T20:04:52.271834+00:00,,,,,,,,
NON,2610750736,Dan Murphys Norwood 5719,"Norwood, AU",Norwood,AU,Liquor Store,-34.9192575,138.6815723,https://us.non.world/pages/store-locator,2026-08-31T20:04:52.271834+00:00,,,,,,,,
NON,2610698140,Dan Murphys Gladesville 1885,"Gladesville, AU",Gladesville,AU,Liquor Store,-33.8265159,151.125847,https://us.non.world/pages/store-locator,2026-08-31T20:04:52.271834+00:00,,,,,,,,
NON,2610698249,Dan Murphys Mittagong 1795,"Mittagong, AU",Mittagong,AU,Liquor Store,-34.4517639,150.4448844,https://us.non.world/pages/store-locator,2026-08-31T20:04:52.271834+00:00,,,,,,,,
NON,2610728290,Dan Murphys Willoughby 1285,"Willoughby, AU",Willoughby,AU,Liquor Store,-33.8010458,151.1989324,https://us.non.world/pages/store-locator,2026-08-31T20:04:52.271834+00:00,,,,,,,,
NON,2610698190,Dan Murphy's Woolooware Bay 1678,"Woolooware, AU",Woolooware,AU,Liquor Store,-34.0392095,151.141663,https://us.non.world/pages/store-locator,2026-08-31T20:04:52.271834+00:00,,,,,,,,
NON,2610728397,Smokey’s Bottle Shop,"Lennox Head, AU",Lennox Head,AU,Liquor Store,-28.7955471,153.5935887,https://us.non.world/pages/store-locator,2026-08-31T20:04:52.271834+00:00,,,,,,,,
NON,2610750790,Dan Murphy’s Newstead 2543,"Newstead, AU",Newstead,AU,Liquor Store,-27.4546082,153.041953,https://us.non.world/pages/store-locator,2026-08-31T20:04:52.271834+00:00,,,,,,,,
NON,2610750774,Dan Murphys Hamilton 2061,"Hamilton, AU",Hamilton,AU,Liquor Store,-27.439257,153.0643223,https://us.non.world/pages/store-locator,2026-08-31T20:04:52.271834+00:00,,,,,,,,
NON,2610738671,Dan Murphy's Miami 2058,"Miami, AU",Miami,AU,Liquor Store,-28.0727465,153.4441765,https://us.non.world/pages/store-locator,2026-08-31T20:04:52.271834+00:00,,,,,,,,
NON,2610738672,Dan Murphy's Robina 2997,"Robina, AU",Robina,AU,Liquor Store,-28.0833201,153.3923795,https://us.non.world/pages/store-locator,2026-08-31T20:04:52.271834+00:00,,,,,,,,
NON,2610750948,Dan Murphys Woolloongabba 2424,"Woolloongabba, AU",Woolloongabba,AU,Liquor Store,-27.4873622,153.0400077,https://us.non.world/pages/store-locator,2026-08-31T20:04:52.271834+00:00,,,,,,,,
NON,2610728389,Moonah Links,"Fingal, AU",Fingal,AU,Resort hotel,-38.4058031,144.8527803,https://us.non.world/pages/store-locator,2026-08-31T20:04:52.271834+00:00,,,,,,,,
NON,2610780273,Dan Murphy’s Spotswood 3976,"Spotswood, AU",Spotswood,AU,Liquor Store,-37.8315204,144.8824786,https://us.non.world/pages/store-locator,2026-08-31T20:04:52.271834+00:00,,,,,,,,
NON,2610728344,Dan Murphys Geelong 3611,"Geelong West, AU",Geelong West,AU,Liquor Store,-38.1413062,144.3476546,https://us.non.world/pages/store-locator,2026-08-31T20:04:52.271834+00:00,,,,,,,,
NON,2610698211,Dan Murphys Melbourne City QV 3419,"Level 1 Cnr Lonsdale & Swanston Street, AU",Level 1 Cnr Lonsdale & Swanston Street,AU,Liquor Store,-37.810632,144.9656403,https://us.non.world/pages/store-locator,2026-08-31T20:04:52.271834+00:00,,,,,,,,
NON,2610687781,Dan Murphys Richmond 3616,"Richmond, AU",Richmond,AU,Liquor Store,-37.8193997,145.0096396,https://us.non.world/pages/store-locator,2026-08-31T20:04:52.271834+00:00,,,,,,,,
NON,2610738685,Dan Murphys Burwood 1906,"Burwood, AU",Burwood,AU,Liquor Store,-33.8694985,151.1077991,https://us.non.world/pages/store-locator,2026-08-31T20:04:52.271834+00:00,,,,,,,,
NON,2610687671,Dan Murphy's Double Bay 1276,"Double Bay, AU",Double Bay,AU,Liquor Store,-33.8778324,151.2440036,https://us.non.world/pages/store-locator,2026-08-31T20:04:52.271834+00:00,,,,,,,,
NON,2610687672,Dan Murphys French's Forest 1856,"Frenchs Forest, AU",Frenchs Forest,AU,Liquor Store,-33.7518611,151.2405321,https://us.non.world/pages/store-locator,2026-08-31T20:04:52.271834+00:00,,,,,,,,
NON,2610738778,Dan Murphys Gungahlin 1608,"Gungahlin, AU",Gungahlin,AU,Liquor Store,-35.1836577,149.1275598,https://us.non.world/pages/store-locator,2026-08-31T20:04:52.271834+00:00,,,,,,,,
NON,2610738798,Dan Murphys Phillip 1437,"Phillip, AU",Phillip,AU,Liquor Store,-35.3490144,149.0882748,https://us.non.world/pages/store-locator,2026-08-31T20:04:52.271834+00:00,,,,,,,,
NON,2610750754,Dan Murphys Welland 5722,"Welland, AU",Welland,AU,Liquor Store,-34.89574650000001,138.5564583,https://us.non.world/pages/store-locator,2026-08-31T20:04:52.271834+00:00,,,,,,,,
NON,2610738483,Dan Murphy's Launceston 7230,"Launceston, AU",Launceston,AU,Liquor Store,-41.4410269,147.1352362,https://us.non.world/pages/store-locator,2026-08-31T20:04:52.271834+00:00,,,,,,,,
NON,2610750852,Dan Murphys Burwood Brickworks 3621,"Burwood East, AU",Burwood East,AU,Liquor Store,-37.8481588,145.1334564,https://us.non.world/pages/store-locator,2026-08-31T20:04:52.271834+00:00,,,,,,,,
NON,2610751224,Dan Murphy's Cheltenham 3881,"Cheltenham, AU",Cheltenham,AU,Liquor Store,-37.9563437,145.0411466,https://us.non.world/pages/store-locator,2026-08-31T20:04:52.271834+00:00,,,,,,,,
NON,2610687751,Dan Murphys Hawthorn East 3578,"Hawthorn East, AU",Hawthorn East,AU,Liquor Store,-37.8456763,145.0418097,https://us.non.world/pages/store-locator,2026-08-31T20:04:52.271834+00:00,,,,,,,,
NON,2610728434,Dan Murphys Preston 3691,"Preston, AU",Preston,AU,Liquor Store,-37.746662,145.014691,https://us.non.world/pages/store-locator,2026-08-31T20:04:52.271834+00:00,,,,,,,,
NON,2610728311,Dan Murphy's South Fremantle 4044,"South Fremantle, AU",South Fremantle,AU,Liquor Store,-32.0737709,115.7581265,https://us.non.world/pages/store-locator,2026-08-31T20:04:52.271834+00:00,,,,,,,,
NON,2610780365,Dan Murphys Middle Park 2401,"Middle Park, AU",Middle Park,AU,Liquor Store,-27.5627124,152.9316208,https://us.non.world/pages/store-locator,2026-08-31T20:04:52.271834+00:00,,,,,,,,
NON,2610728533,Dan Murphy's Mosman 1038,"Mosman, AU",Mosman,AU,Liquor Store,-33.8249619,151.2425454,https://us.non.world/pages/store-locator,2026-08-31T20:04:52.271834+00:00,,,,,,,,
NON,2610728482,Liquorland Warehouse Brookvale 2229,"Brookvale, AU",Brookvale,AU,Liquor Store,-33.7627457,151.2748028,https://us.non.world/pages/store-locator,2026-08-31T20:04:52.271834+00:00,,,,,,,,
NON,2610728892,Ace Hotel Sydney,"Sydney, AU",Sydney,AU,Hotel,-33.8787954,151.2099903,https://us.non.world/pages/store-locator,2026-08-31T20:04:52.271834+00:00,,,,,,,,
NON,2610698403,Dan Murphy's Caringbah 1990,"Caringbah, AU",Caringbah,AU,Liquor Store,-34.0436736,151.1230254,https://us.non.world/pages/store-locator,2026-08-31T20:04:52.271834+00:00,,,,,,,,
NON,2610728495,Dan Murphys Coogee 1671,"Coogee, AU",Coogee,AU,Liquor Store,-33.9190757,151.2543273,https://us.non.world/pages/store-locator,2026-08-31T20:04:52.271834+00:00,,,,,,,,
NON,2610780459,Dan Murphys Ballina 2971,"Ballina, AU",Ballina,AU,Liquor Store,-28.8646536,153.5352891,https://us.non.world/pages/store-locator,2026-08-31T20:04:52.271834+00:00,,,,,,,,
NON,2610728894,Dan Murphy's Benowa 2799,"Benowa, AU",Benowa,AU,Liquor Store,-28.0082385,153.3988373,https://us.non.world/pages/store-locator,2026-08-31T20:04:52.271834+00:00,,,,,,,,
NON,2610728896,Dan Murphys Brisbane Airport 2060,"1/7 The Circuit, AU",1/7 The Circuit,AU,Liquor Store,-27.414081,153.0813538,https://us.non.world/pages/store-locator,2026-08-31T20:04:52.271834+00:00,,,,,,,,
NON,2610698406,Dan Murphy's Coolum 2428,"Coolum Beach, AU",Coolum Beach,AU,Liquor Store,-26.5258821,153.0896921,https://us.non.world/pages/store-locator,2026-08-31T20:04:52.271834+00:00,,,,,,,,
NON,2610698466,Dan Murphys Smithfield 2084,"Smithfield, AU",Smithfield,AU,Liquor Store,-16.8389045,145.6878952,https://us.non.world/pages/store-locator,2026-08-31T20:04:52.271834+00:00,,,,,,,,
NON,2610780561,Dan Murphy's West End 6979,"West End, AU",West End,AU,Liquor Store,-27.4857519,153.0017741,https://us.non.world/pages/store-locator,2026-08-31T20:04:52.271834+00:00,,,,,,,,
NON,2610750977,Dan Murphy's Marion 5656,"Oaklands Park, AU",Oaklands Park,AU,Liquor Store,-35.0148766,138.5416232,https://us.non.world/pages/store-locator,2026-08-31T20:04:52.271834+00:00,,,,,,,,
NON,2610687624,Dan Murphys St Peters 5718,"St Peters, AU",St Peters,AU,Liquor Store,-34.9115864,138.6253605,https://us.non.world/pages/store-locator,2026-08-31T20:04:52.271834+00:00,,,,,,,,
NON,2610750904,Dan Murphys Albury 3342,"Albury, AU",Albury,AU,Liquor Store,-36.0809028,146.9231901,https://us.non.world/pages/store-locator,2026-08-31T20:04:52.271834+00:00,,,,,,,,
NON,2610728637,Dan Murphys Fawkner 3254,"Fawkner, AU",Fawkner,AU,Liquor Store,-37.6902361,144.9576327,https://us.non.world/pages/store-locator,2026-08-31T20:04:52.271834+00:00,,,,,,,,
NON,2610728500,Dan Murphys Glen Waverley 3635,"Glen Waverley, AU",Glen Waverley,AU,Liquor Store,-37.8791113,145.1635694,https://us.non.world/pages/store-locator,2026-08-31T20:04:52.271834+00:00,,,,,,,,
NON,2610728501,Dan Murphys Mornington East WOW 3423,"Mornington, AU",Mornington,AU,Liquor Store,-38.2463267,145.0460368,https://us.non.world/pages/store-locator,2026-08-31T20:04:52.271834+00:00,,,,,,,,
NON,2610780468,Dan Murphy's Innaloo 4432,"Innaloo, AU",Innaloo,AU,Liquor Store,-31.9036634,115.8004784,https://us.non.world/pages/store-locator,2026-08-31T20:04:52.271834+00:00,,,,,,,,
NON,2610738756,Dan Murphys Port Macquarie 1886,"Port Macquarie, AU",Port Macquarie,AU,Liquor Store,-31.4342876,152.9085554,https://us.non.world/pages/store-locator,2026-08-31T20:04:52.271834+00:00,,,,,,,,
NON,2610687995,Dan Murphy's The Gap ALH 2817,"The Gap, AU",The Gap,AU,Liquor Store,-27.4507646,152.9671177,https://us.non.world/pages/store-locator,2026-08-31T20:04:52.271834+00:00,,,,,,,,
NON,2610738759,Dan Murphy's Broadmeadows 3080,"Broadmeadows, AU",Broadmeadows,AU,Liquor Store,-37.6771073,144.9218712,https://us.non.world/pages/store-locator,2026-08-31T20:04:52.271834+00:00,,,,,,,,
NON,2610738973,Dan Murphy's Chadstone 3741,"Chadstone, AU",Chadstone,AU,Liquor Store,-37.8758467,145.0919717,https://us.non.world/pages/store-locator,2026-08-31T20:04:52.271834+00:00,,,,,,,,
NON,2610688185,Dan Murphys Coburg 3609,"Coburg, AU",Coburg,AU,Liquor Store,-37.7443412,144.9637864,https://us.non.world/pages/store-locator,2026-08-31T20:04:52.271834+00:00,,,,,,,,
NON,2610687698,Dan Murphy's Fishermans Bend 3414,"Port Melbourne, AU",Port Melbourne,AU,Liquor Store,-37.8313771,144.9303478,https://us.non.world/pages/store-locator,2026-08-31T20:04:52.271834+00:00,,,,,,,,
NON,2610688189,Dan Murphys Melbourne CFC 7688,"Melbourne, AU",Melbourne,AU,Liquor Store,-37.81774850000001,144.9581769,https://us.non.world/pages/store-locator,2026-08-31T20:04:52.271834+00:00,,,,,,,,
NON,2610738883,Dan Murphys Thomastown ALH 3407,"Thomastown, AU",Thomastown,AU,Liquor Store,-37.6923944,145.0007726,https://us.non.world/pages/store-locator,2026-08-31T20:04:52.271834+00:00,,,,,,,,
NON,2610738978,Dan Murphy's Bicton 4063,"Bicton, AU",Bicton,AU,Liquor Store,-32.0344633,115.790133,https://us.non.world/pages/store-locator,2026-08-31T20:04:52.271834+00:00,,,,,,,,
NON,2610687886,Dan Murphys Morley WOW 4195,"Centro Galleria, AU",Centro Galleria,AU,Liquor Store,-31.8969918,115.9002316,https://us.non.world/pages/store-locator,2026-08-31T20:04:52.271834+00:00,,,,,,,,
NON,2610728517,Red Bottle Hunter Street,"Sydney, AU",Sydney,AU,Liquor Store,-33.8662665,151.2098322,https://us.non.world/pages/store-locator,2026-08-31T20:04:52.271834+00:00,,,,,,,,
NON,2610698497,Dan Murphys Kawana 2412,"Buddina, AU",Buddina,AU,Liquor Store,-26.701618,153.1279228,https://us.non.world/pages/store-locator,2026-08-31T20:04:52.271834+00:00,,,,,,,,
NON,2610698349,Dan Murphys Mermaid Waters 2418,"Mermaid Waters, AU",Mermaid Waters,AU,Liquor Store,-28.0480655,153.4272135,https://us.non.world/pages/store-locator,2026-08-31T20:04:52.271834+00:00,,,,,,,,
NON,2610728911,Dan Murphy's Bellerive 7569,"Bellerive, AU",Bellerive,AU,Liquor Store,-42.8753412,147.3693406,https://us.non.world/pages/store-locator,2026-08-31T20:04:52.271834+00:00,,,,,,,,
NON,2610698385,Dan Murphy's New Town 7600,"New Town, AU",New Town,AU,Liquor Store,-42.8554499,147.3036846,https://us.non.world/pages/store-locator,2026-08-31T20:04:52.271834+00:00,,,,,,,,
NON,2610780571,Dan Murphy's Lismore 2974,"Lismore, AU",Lismore,AU,Liquor Store,-28.8139506,153.2833681,https://us.non.world/pages/store-locator,2026-08-31T20:04:52.271834+00:00,,,,,,,,
NON,2610687726,The Happy Apple Essendon,"Essendon, AU",Essendon,AU,Supermarket,-37.7482582,144.9120686,https://us.non.world/pages/store-locator,2026-08-31T20:04:52.271834+00:00,,,,,,,,
NON,2610687933,Dan Murphy's Bondi Junction 1603,"Bondi Junction, AU",Bondi Junction,AU,Liquor Store,-33.89294460000001,151.2480344,https://us.non.world/pages/store-locator,2026-08-31T20:04:52.271834+00:00,,,,,,,,
NON,2610738988,Dan Murphy's Castle Hill 1469,"Castle Hill, AU",Castle Hill,AU,Liquor Store,-33.734384,151.0030199,https://us.non.world/pages/store-locator,2026-08-31T20:04:52.271834+00:00,,,,,,,,
NON,2610780530,Dan Murphys Grafton 2999,"42 Duke Street, AU",42 Duke Street,AU,Liquor Store,-29.69172,152.9363,https://us.non.world/pages/store-locator,2026-08-31T20:04:52.271834+00:00,,,,,,,,
NON,2610728453,Dan Murphys Hurstville 1553,"Corner Cross Street &, AU",Corner Cross Street &,AU,Liquor Store,-33.9658825,151.1060334,https://us.non.world/pages/store-locator,2026-08-31T20:04:52.271834+00:00,,,,,,,,
NON,2610780538,Dan Murphys Shellharbour 1292,"Stocklands Retail Park, AU",Stocklands Retail Park,AU,Liquor Store,-34.5631869,150.8393072,https://us.non.world/pages/store-locator,2026-08-31T20:04:52.271834+00:00,,,,,,,,
NON,2610728714,Dan Murphys Aitkenvale St 2455,"Aitkenvale, AU",Aitkenvale,AU,Liquor Store,-19.2973987,146.7726368,https://us.non.world/pages/store-locator,2026-08-31T20:04:52.271834+00:00,,,,,,,,
NON,2610780639,Dan Murphys Albany Store 2415,"Albany Creek, AU",Albany Creek,AU,Liquor Store,-27.3448648,152.9671637,https://us.non.world/pages/store-locator,2026-08-31T20:04:52.271834+00:00,,,,,,,,
NON,2610738899,Dan Murphys Allenstown 2822,"Allenstown, AU",Allenstown,AU,Liquor Store,-23.3889856,150.5021903,https://us.non.world/pages/store-locator,2026-08-31T20:04:52.271834+00:00,,,,,,,,
NON,2610687937,Dan Murphys Beenleigh 2532,"95-97 George Street, AU",95-97 George Street,AU,Liquor Store,-27.7157882,153.20078,https://us.non.world/pages/store-locator,2026-08-31T20:04:52.271834+00:00,,,,,,,,
NON,2610688198,Dan Murphys Burleigh Waters 2427,"Burleigh Waters, AU",Burleigh Waters,AU,Liquor Store,-28.0753764,153.4220014,https://us.non.world/pages/store-locator,2026-08-31T20:04:52.271834+00:00,,,,,,,,
NON,2610688199,Dan Murphy's Jimboomba 2783,"Jimboomba, AU",Jimboomba,AU,Liquor Store,-27.8301857,153.0186118,https://us.non.world/pages/store-locator,2026-08-31T20:04:52.271834+00:00,,,,,,,,
NON,2610750924,Dan Murphys Kippa-Ring 2849,"272 Anzac Avenue, AU",272 Anzac Avenue,AU,Liquor Store,-27.225485,153.0879818,https://us.non.world/pages/store-locator,2026-08-31T20:04:52.271834+00:00,,,,,,,,
NON,2610688063,Dan Murphys Mackay 2425,"189 Victoria Street, AU",189 Victoria Street,AU,Liquor Store,-21.1406879,149.1798553,https://us.non.world/pages/store-locator,2026-08-31T20:04:52.271834+00:00,,,,,,,,
NON,2610750925,Dan Murphys Mango Hills St 2102,"Shop 1039/ 1 North Lakes Drive, AU",Shop 1039/ 1 North Lakes Drive,AU,Liquor Store,-27.2406494,153.0165622,https://us.non.world/pages/store-locator,2026-08-31T20:04:52.271834+00:00,,,,,,,,
NON,2610750926,Dan Murphys Redbank Plains 2081,"Redbank Plains, AU",Redbank Plains,AU,Liquor Store,-27.6441871,152.8717064,https://us.non.world/pages/store-locator,2026-08-31T20:04:52.271834+00:00,,,,,,,,
NON,2610738902,Dan Murphy's South Tweed 2091,"Tweed Heads South, AU",Tweed Heads South,AU,Liquor Store,-28.1927667,153.5407285,https://us.non.world/pages/store-locator,2026-08-31T20:04:52.271834+00:00,,,,,,,,
NON,2610739052,Dan Murphys Springwood St 2414,"Springwood, AU",Springwood,AU,Liquor Store,-27.6110619,153.1243213,https://us.non.world/pages/store-locator,2026-08-31T20:04:52.271834+00:00,,,,,,,,
NON,2610728931,Dan Murphys Victoria Point 2237,"Building 1/355-369 Colburn Avenue, AU",Building 1/355-369 Colburn Avenue,AU,Liquor Store,-27.5865102,153.2844465,https://us.non.world/pages/store-locator,2026-08-31T20:04:52.271834+00:00,,,,,,,,
NON,2610729057,Dan Murphy's Wilsonton 2891,"Wilsonton, AU",Wilsonton,AU,Liquor Store,-27.5421154,151.9244947,https://us.non.world/pages/store-locator,2026-08-31T20:04:52.271834+00:00,,,,,,,,
NON,2610728772,Dan Murphy Unley 5110,"Malvern, AU",Malvern,AU,Liquor Store,-34.960443,138.608665,https://us.non.world/pages/store-locator,2026-08-31T20:04:52.271834+00:00,,,,,,,,
NON,2610729058,Dan Murphys Glenunga 5651,"Glenunga, AU",Glenunga,AU,Liquor Store,-34.9493453,138.6428822,https://us.non.world/pages/store-locator,2026-08-31T20:04:52.271834+00:00,,,,,,,,
NON,2610728721,Dan Murphys Noarlunga WOW 5202,"Noarlunga Downs, AU",Noarlunga Downs,AU,Liquor Store,-35.1439013,138.4955965,https://us.non.world/pages/store-locator,2026-08-31T20:04:52.271834+00:00,,,,,,,,
NON,2610739011,Dan Murphy's Sandy Bay 7712,"Sandy Bay, AU",Sandy Bay,AU,Liquor Store,-42.8966989,147.3284404,https://us.non.world/pages/store-locator,2026-08-31T20:04:52.271834+00:00,,,,,,,,
NON,2610751417,Dan Murphy’s Rosebud 3982,"Rosebud, AU",Rosebud,AU,Liquor Store,-38.3598965,144.8908033,https://us.non.world/pages/store-locator,2026-08-31T20:04:52.271834+00:00,,,,,,,,
NON,2610738858,Dan Murphy's Armstrong Creek 3791,"Armstrong Creek, AU",Armstrong Creek,AU,Liquor Store,-38.2244911,144.3372755,https://us.non.world/pages/store-locator,2026-08-31T20:04:52.271834+00:00,,,,,,,,
NON,2610751201,Dan Murphys Berwick 3615,"Berwick, AU",Berwick,AU,Liquor Store,-38.0299089,145.3474803,https://us.non.world/pages/store-locator,2026-08-31T20:04:52.271834+00:00,,,,,,,,
NON,2610780552,Dan Murphys Camberwell 3626,"Hawthorn East, AU",Hawthorn East,AU,Liquor Store,-37.8296541,145.0553058,https://us.non.world/pages/store-locator,2026-08-31T20:04:52.271834+00:00,,,,,,,,
NON,2610780553,Dan Murphys Essendon 3296,"111 Bulla Road, AU",111 Bulla Road,AU,Liquor Store,-37.7332554,144.9028839,https://us.non.world/pages/store-locator,2026-08-31T20:04:52.271834+00:00,,,,,,,,
NON,2610780704,Dan Murphys Ringwood ALH 3408,"Ringwood, AU",Ringwood,AU,Liquor Store,-37.8279813,145.2133497,https://us.non.world/pages/store-locator,2026-08-31T20:04:52.271834+00:00,,,,,,,,
NON,2610728950,Dan Murphy's Duncraig 4902,"Duncraig, AU",Duncraig,AU,Liquor Store,-31.8452385,115.7874917,https://us.non.world/pages/store-locator,2026-08-31T20:04:52.271834+00:00,,,,,,,,
NON,2610780706,Dan Murphys Alexandria 1879,"Alexandria, AU",Alexandria,AU,Liquor Store,-33.9024296,151.1950657,https://us.non.world/pages/store-locator,2026-08-31T20:04:52.271834+00:00,,,,,,,,
NON,2610698510,Dan Murphy's Bateau Bay 1578,"Bateau Bay, AU",Bateau Bay,AU,Liquor Store,-33.384969,151.4724099,https://us.non.world/pages/store-locator,2026-08-31T20:04:52.271834+00:00,,,,,,,,
NON,2610698584,Dan Murphys Carnes Hill 1652,"Horningsea Park, AU",Horningsea Park,AU,Liquor Store,-33.9366843,150.8430518,https://us.non.world/pages/store-locator,2026-08-31T20:04:52.271834+00:00,,,,,,,,
NON,2610729072,Dan Murphys Casula 1277,"Casula, AU",Casula,AU,Liquor Store,-33.9514719,150.9038743,https://us.non.world/pages/store-locator,2026-08-31T20:04:52.271834+00:00,,,,,,,,
NON,2610698424,Dan Murphys Corrimal 1796,"Corrimal, AU",Corrimal,AU,Liquor Store,-34.3740996,150.8974668,https://us.non.world/pages/store-locator,2026-08-31T20:04:52.271834+00:00,,,,,,,,
NON,2610728578,Dan Murphys Erina WOW 1839,"13/148 The Entrance Road, AU",13/148 The Entrance Road,AU,Liquor Store,-33.4388152,151.3830654,https://us.non.world/pages/store-locator,2026-08-31T20:04:52.271834+00:00,,,,,,,,
NON,2610728827,Dan Murphys Glendale 1151,"387 Lake Road, AU",387 Lake Road,AU,Liquor Store,-32.9328575,151.6392318,https://us.non.world/pages/store-locator,2026-08-31T20:04:52.271834+00:00,,,,,,,,
NON,2610698585,Dan Murphy's Green Hills 1721,"1 Molly Morgan Drive, AU",1 Molly Morgan Drive,AU,Liquor Store,-32.7627913,151.5913572,https://us.non.world/pages/store-locator,2026-08-31T20:04:52.271834+00:00,,,,,,,,
NON,2610780724,Dan Murphys Hornsby 1725,"Shop 1005, AU",Shop 1005,AU,Liquor Store,-33.7032273,151.100776,https://us.non.world/pages/store-locator,2026-08-31T20:04:52.271834+00:00,,,,,,,,
NON,2610780680,Dan Murphy's Lake Haven 1964,"Shop 904/7 Bannister Drive, AU",Shop 904/7 Bannister Drive,AU,Liquor Store,-33.2406759,151.5038558,https://us.non.world/pages/store-locator,2026-08-31T20:04:52.271834+00:00,,,,,,,,
NON,2610738921,Dan Murphys Raymond Terrace 1650,"Raymond Terrace, AU",Raymond Terrace,AU,Liquor Store,-32.7587089,151.7452269,https://us.non.world/pages/store-locator,2026-08-31T20:04:52.271834+00:00,,,,,,,,
NON,2610751187,Dan Murphys Rouse Hill 1524,"Kellyville Ridge, AU",Kellyville Ridge,AU,Liquor Store,-33.7014396,150.927977,https://us.non.world/pages/store-locator,2026-08-31T20:04:52.271834+00:00,,,,,,,,
NON,2610751245,Dan Murphys Tuggerah 1549,"Shop M8/50 Wyong Road, AU",Shop M8/50 Wyong Road,AU,Liquor Store,-33.3072606,151.4096702,https://us.non.world/pages/store-locator,2026-08-31T20:04:52.271834+00:00,,,,,,,,
NON,2610750985,Liquorland Warehouse Waterford 2247,"Waterford, AU",Waterford,AU,Liquor Store,-27.6929998,153.1416811,https://us.non.world/pages/store-locator,2026-08-31T20:04:52.271834+00:00,,,,,,,,
NON,2610738911,Dan Murphy’s Norman Gardens 6467,"Norman Gardens, AU",Norman Gardens,AU,Liquor Store,-23.3344702,150.5199286,https://us.non.world/pages/store-locator,2026-08-31T20:04:52.271834+00:00,,,,,,,,
NON,2610688272,Dan Murphys Holland Park 2416,"Holland Park West, AU",Holland Park West,AU,Liquor Store,-27.5189889,153.0604415,https://us.non.world/pages/store-locator,2026-08-31T20:04:52.271834+00:00,,,,,,,,
NON,2610738916,Dan Murphy’s Bacchus Marsh 7717,"Bacchus Marsh, AU",Bacchus Marsh,AU,Liquor Store,-37.6734854,144.430828,https://us.non.world/pages/store-locator,2026-08-31T20:04:52.271834+00:00,,,,,,,,
NON,2610751190,Dan Murphys Epsom 3885,"Epsom, AU",Epsom,AU,Liquor Store,-36.7040922,144.3182607,https://us.non.world/pages/store-locator,2026-08-31T20:04:52.271834+00:00,,,,,,,,
NON,2610739072,Wholefoods Warehouse,"Malvern East, AU",Malvern East,AU,Supermarket,-37.862884,145.028449,https://us.non.world/pages/store-locator,2026-08-31T20:04:52.271834+00:00,,,,,,,,
NON,2610751405,Amelia Park Restaurant,"Wilyabrup, AU",Wilyabrup,AU,Restaurant,-33.7794439,115.0357632,https://us.non.world/pages/store-locator,2026-08-31T20:04:52.271834+00:00,,,,,,,,
NON,2610729134,Dan Murphy's Balga 4413,"Corner Culloton Crescent &, AU",Corner Culloton Crescent &,AU,Liquor Store,-31.8483552,115.8252851,https://us.non.world/pages/store-locator,2026-08-31T20:04:52.271834+00:00,,,,,,,,
NON,2610698713,Dan Murphy's Bull Creek (ALH) 4038,"Bull Creek, AU",Bull Creek,AU,Liquor Store,-32.064744,115.8579626,https://us.non.world/pages/store-locator,2026-08-31T20:04:52.271834+00:00,,,,,,,,
NON,2610729086,Dan Murphys Kelmscott 4440,"Kelmscott, AU",Kelmscott,AU,Liquor Store,-32.1113586,116.0137732,https://us.non.world/pages/store-locator,2026-08-31T20:04:52.271834+00:00,,,,,,,,
NON,2610780588,Dan Murphys Midland 4036,"295 Great Eastern Highway, AU",295 Great Eastern Highway,AU,Liquor Store,-31.890399,116.0040649,https://us.non.world/pages/store-locator,2026-08-31T20:04:52.271834+00:00,,,,,,,,
NON,2610729087,Liquorland Warehouse Sans Souci 2221,"Sans Souci, AU",Sans Souci,AU,Liquor Store,-33.9896398,151.1339934,https://us.non.world/pages/store-locator,2026-08-31T20:04:52.271834+00:00,,,,,,,,
NON,2610751287,Matteo Downtown,"Sydney, AU",Sydney,AU,Italian Restaurant,-33.8645913,151.2084985,https://us.non.world/pages/store-locator,2026-08-31T20:04:52.271834+00:00,,,,,,,,
NON,2610687948,Liquorland Warehouse Forestville 2218,"Forestville, AU",Forestville,AU,Liquor Store,-33.7602687,151.2085594,https://us.non.world/pages/store-locator,2026-08-31T20:04:52.271834+00:00,,,,,,,,
NON,2610739099,Liquorland Warehouse Baldivis 2316,"Baldivis, AU",Baldivis,AU,Liquor Store,-32.3337469,115.8138342,https://us.non.world/pages/store-locator,2026-08-31T20:04:52.271834+00:00,,,,,,,,
NON,2610688017,Dan Murphys Manly Vale WOW 1237,"Manly Vale, AU",Manly Vale,AU,Liquor Store,-33.7856804,151.2666251,https://us.non.world/pages/store-locator,2026-08-31T20:04:52.271834+00:00,,,,,,,,
NON,2610688040,Dan Murphys Thornleigh 1546,"2-12 The Comenarra Parkway & Bellevue Street, AU",2-12 The Comenarra Parkway & Bellevue Street,AU,Liquor Store,-33.7311389,151.081242,https://us.non.world/pages/store-locator,2026-08-31T20:04:52.271834+00:00,,,,,,,,
NON,2610751453,Dan Murphy's Oxenford 2758,"Oxenford, AU",Oxenford,AU,Liquor Store,-27.8838611,153.3146543,https://us.non.world/pages/store-locator,2026-08-31T20:04:52.271834+00:00,,,,,,,,
NON,2610688222,Dan Murphys Parkdale 3740,"Parkdale, AU",Parkdale,AU,Liquor Store,-37.9961612,145.0836428,https://us.non.world/pages/store-locator,2026-08-31T20:04:52.271834+00:00,,,,,,,,
NON,2610688380,Dan Murphy's Hyde Park (ALP) 4256,"West Perth, AU",West Perth,AU,Liquor Store,-31.9381514,115.8573357,https://us.non.world/pages/store-locator,2026-08-31T20:04:52.271834+00:00,,,,,,,,
NON,2610780823,Liquorland Warehouse Capalaba 2261,"Capalaba, AU",Capalaba,AU,Liquor Store,-27.5231613,153.196566,https://us.non.world/pages/store-locator,2026-08-31T20:04:52.271834+00:00,,,,,,,,
NON,2610728998,Geckos Café,"Yulara, AU",Yulara,AU,Restaurant,-25.2410615,130.9836006,https://us.non.world/pages/store-locator,2026-08-31T20:04:52.271834+00:00,,,,,,,,
NON,2610780867,Park Hyatt Melbourne,"Melbourne, AU",Melbourne,AU,Hotel,-37.8112178,144.9759998,https://us.non.world/pages/store-locator,2026-08-31T20:04:52.271834+00:00,,,,,,,,
NON,2610780868,Dan Murphys Sunnybank St 2747,"Sunnybank, AU",Sunnybank,AU,Liquor Store,-27.5730836,153.0629664,https://us.non.world/pages/store-locator,2026-08-31T20:04:52.271834+00:00,,,,,,,,
NON,2610688228,Salamanca Fresh Market (Kingston),"Channel Court, AU",Channel Court,AU,Supermarket,-42.9767033,147.3099082,https://us.non.world/pages/store-locator,2026-08-31T20:04:52.271834+00:00,,,,,,,,
NON,2610739066,Dan Murphy's Canberra Airport 1462,"Corner Mustang Avenue & Catalina Drive, AU",Corner Mustang Avenue & Catalina Drive,AU,Liquor Store,-35.2956193,149.1917088,https://us.non.world/pages/store-locator,2026-08-31T20:04:52.271834+00:00,,,,,,,,
NON,2610688473,Dan Murphys Chermside 2411,"395 Hamilton Road, AU",395 Hamilton Road,AU,Liquor Store,-27.3804032,153.0333615,https://us.non.world/pages/store-locator,2026-08-31T20:04:52.271834+00:00,,,,,,,,
NON,2610688106,Liquorland Mudgeeraba 2264,"Mudgeeraba, AU",Mudgeeraba,AU,Liquor Store,-28.0771534,153.3648398,https://us.non.world/pages/store-locator,2026-08-31T20:04:52.271834+00:00,,,,,,,,
NON,2610739068,Stockade Cellars,"Ballarat, AU",Ballarat,AU,Liquor Store,-37.5597774,143.8563362,https://us.non.world/pages/store-locator,2026-08-31T20:04:52.271834+00:00,,,,,,,,
NON,2610729165,Dan Murphy's Bulleen 3084,"Bulleen, AU",Bulleen,AU,Liquor Store,-37.7773733,145.0815255,https://us.non.world/pages/store-locator,2026-08-31T20:04:52.271834+00:00,,,,,,,,
NON,2610698873,Liquorland Cellars York Street 2213,"Sydney, AU",Sydney,AU,Liquor Store,-33.8694324,151.206284,https://us.non.world/pages/store-locator,2026-08-31T20:04:52.271834+00:00,,,,,,,,
NON,2610688366,University House - VIC,"Melbourne Law School, AU",Melbourne Law School,AU,Educational Institution,-37.8022961,144.9601344,https://us.non.world/pages/store-locator,2026-08-31T20:04:52.271834+00:00,,,,,,,,
NON,2610751564,Liquorland Warehouse Sunbury 2289,"Sunbury, AU",Sunbury,AU,Liquor Store,-37.5779838,144.7298766,https://us.non.world/pages/store-locator,2026-08-31T20:04:52.271834+00:00,,,,,,,,
NON,2610739176,Dan Murphy's Rosebery 1365,"Rosebery, AU",Rosebery,AU,Liquor Store,-33.917137,151.200346,https://us.non.world/pages/store-locator,2026-08-31T20:04:52.271834+00:00,,,,,,,,
NON,2610688426,Dan Murphy's The District 3418,"MO2/94 Waterfront Way, AU",MO2/94 Waterfront Way,AU,Liquor Store,-37.8125455,144.9392782,https://us.non.world/pages/store-locator,2026-08-31T20:04:52.271834+00:00,,,,,,,,
NON,2610688414,Dan Murphy’s Vaucluse Cellars 1010,"Vaucluse, AU",Vaucluse,AU,Liquor Store,-33.8780071,151.2347185,https://us.non.world/pages/store-locator,2026-08-31T20:04:52.271834+00:00,,,,,,,,
NON,2610751531,Liquorland Varsity Lakes 2267,"Varsity Lakes, AU",Varsity Lakes,AU,Liquor Store,-28.0854424,153.4246382,https://us.non.world/pages/store-locator,2026-08-31T20:04:52.271834+00:00,,,,,,,,
NON,2610728980,Quaff Wine Bar,"Mount Beauty, AU",Mount Beauty,AU,Wine Bar,-36.7429031,147.1696813,https://us.non.world/pages/store-locator,2026-08-31T20:04:52.271834+00:00,,,,,,,,
NON,2610729306,Liquorland Warehouse Midland 2319,"Midland, AU",Midland,AU,Liquor Store,-31.8907402,116.0060605,https://us.non.world/pages/store-locator,2026-08-31T20:04:52.271834+00:00,,,,,,,,
NON,2610698791,Dan Murphy's Charlestown 1187,"Charlestown, AU",Charlestown,AU,Liquor Store,-32.9640912,151.6936233,https://us.non.world/pages/store-locator,2026-08-31T20:04:52.271834+00:00,,,,,,,,
NON,2610698850,Nest Cinema Cafe Books,"Tumbarumba, AU",Tumbarumba,AU,Cafe,-35.7779185,148.0117061,https://us.non.world/pages/store-locator,2026-08-31T20:04:52.271834+00:00,,,,,,,,
NON,2610698897,Liquorland Warehouse Salisbury 2257,"Salisbury, AU",Salisbury,AU,Liquor Store,-27.544597,153.0395582,https://us.non.world/pages/store-locator,2026-08-31T20:04:52.271834+00:00,,,,,,,,
NON,2610698851,Dan Murphys Kew 3620,"Kew, AU",Kew,AU,Liquor Store,-37.804837,145.0353861,https://us.non.world/pages/store-locator,2026-08-31T20:04:52.271834+00:00,,,,,,,,
NON,2610751480,Dan Murphy's Swanbourne Cellar 4444,"Swanbourne, AU",Swanbourne,AU,Liquor Store,-31.9823565,115.7703936,https://us.non.world/pages/store-locator,2026-08-31T20:04:52.271834+00:00,,,,,,,,
NON,2610739386,Lulu Bondi,"Bondi Beach, AU",Bondi Beach,AU,Restaurant,-33.8895378,151.2722077,https://us.non.world/pages/store-locator,2026-08-31T20:04:52.271834+00:00,,,,,,,,
NON,2610698830,Muse Restaurant and Cafe,"Pokolbin, AU",Pokolbin,AU,Fine Dining Restaurant,-32.7777849,151.3361371,https://us.non.world/pages/store-locator,2026-08-31T20:04:52.271834+00:00,,,,,,,,
NON,2610688628,Dan Murphy’s Martin Place Cellar 1026,"Sydney, AU",Sydney,AU,Liquor Store,-33.8680106,151.2109011,https://us.non.world/pages/store-locator,2026-08-31T20:04:52.271834+00:00,,,,,,,,
NON,2610688540,Dan Murphy's Balwyn 7713,"Balwyn, AU",Balwyn,AU,Liquor Store,-37.8132958,145.0832345,https://us.non.world/pages/store-locator,2026-08-31T20:04:52.271834+00:00,,,,,,,,
NON,2610739262,Dan Murphys Doncaster East WOW 3402,"Doncaster East, AU",Doncaster East,AU,Liquor Store,-37.7879599,145.1487258,https://us.non.world/pages/store-locator,2026-08-31T20:04:52.271834+00:00,,,,,,,,
NON,2610688541,Dan Murphy's Como 4064,"Como, AU",Como,AU,Liquor Store,-31.9883844,115.8707514,https://us.non.world/pages/store-locator,2026-08-31T20:04:52.271834+00:00,,,,,,,,
NON,2610688497,At Sixes and Sevens,"Fortitude Valley, AU",Fortitude Valley,AU,Cocktail Bar,-27.457731,153.0409046,https://us.non.world/pages/store-locator,2026-08-31T20:04:52.271834+00:00,,,,,,,,
NON,2610688529,Dan Murphys Lane Cove 1490,"Lane Cove, AU",Lane Cove,AU,Liquor Store,-33.8158066,151.1514268,https://us.non.world/pages/store-locator,2026-08-31T20:04:52.271834+00:00,,,,,,,,
NON,2610739688,Dan Murphys Top Ryde 1478,"Ryde, AU",Ryde,AU,Liquor Store,-33.8112301,151.1060056,https://us.non.world/pages/store-locator,2026-08-31T20:04:52.271834+00:00,,,,,,,,
NON,2610739307,Dan Murphys Barangaroo 1260,"Barangaroo, AU",Barangaroo,AU,Liquor Store,-33.864384,151.2022388,https://us.non.world/pages/store-locator,2026-08-31T20:04:52.271834+00:00,,,,,,,,
NON,2610751637,Dan Murphy's Southport 2753,"Southport, AU",Southport,AU,Liquor Store,-27.9733764,153.4149417,https://us.non.world/pages/store-locator,2026-08-31T20:04:52.271834+00:00,,,,,,,,
NON,2610739344,The Fox's Pantry,"Tugun, AU",Tugun,AU,Convenience Store,-28.1428265,153.493318,https://us.non.world/pages/store-locator,2026-08-31T20:04:52.271834+00:00,,,,,,,,
NON,2610739308,Dan Murphy's Glenelg 5085,"Glenelg North, AU",Glenelg North,AU,Liquor Store,-34.9760767,138.5146656,https://us.non.world/pages/store-locator,2026-08-31T20:04:52.271834+00:00,,,,,,,,
NON,2610739487,Red Bluff Cellars,"Black Rock, AU",Black Rock,AU,Liquor Store,-37.9741118,145.0166307,https://us.non.world/pages/store-locator,2026-08-31T20:04:52.271834+00:00,,,,,,,,
NON,2610688547,Botanica at Plantation House,"Duranbah, AU",Duranbah,AU,Wedding Venue,-28.2818369,153.522335,https://us.non.world/pages/store-locator,2026-08-31T20:04:52.271834+00:00,,,,,,,,
NON,2610751853,Liquorland Toorak 2275,"Toorak, AU",Toorak,AU,Liquor Store,-37.8409379,145.0090585,https://us.non.world/pages/store-locator,2026-08-31T20:04:52.271834+00:00,,,,,,,,
NON,2610781155,Auscellardoor Pty Ltd,"Port Melbourne, AU",Port Melbourne,AU,Store,-37.8324721,144.9208416,https://us.non.world/pages/store-locator,2026-08-31T20:04:52.271834+00:00,,,,,,,,
NON,2610781470,Liquorland Warehouse Flacon 2309,"Falcon, AU",Falcon,AU,Liquor Store,-32.5824554,115.6616542,https://us.non.world/pages/store-locator,2026-08-31T20:04:52.271834+00:00,,,,,,,,
NON,2610688553,Dan Murphy's Dickson 1082,"Dickson, AU",Dickson,AU,Liquor Store,-35.2506382,149.1401208,https://us.non.world/pages/store-locator,2026-08-31T20:04:52.271834+00:00,,,,,,,,
NON,2610751736,Dan Murphy’s Fulham Gardens 5089,"Fulham Gardens, AU",Fulham Gardens,AU,Liquor Store,-34.9146358,138.5134919,https://us.non.world/pages/store-locator,2026-08-31T20:04:52.271834+00:00,,,,,,,,
NON,2610781022,Liquorland Bentley 2306,"Bentley, AU",Bentley,AU,Liquor Store,-32.0018474,115.9210676,https://us.non.world/pages/store-locator,2026-08-31T20:04:52.271834+00:00,,,,,,,,
NON,2610698985,Dan Murphys Kingsford 1264,"Kingsford, AU",Kingsford,AU,Liquor Store,-33.929138,151.233849,https://us.non.world/pages/store-locator,2026-08-31T20:04:52.271834+00:00,,,,,,,,
NON,2610751737,Mondrian Gold Coast,"Burleigh Heads, AU",Burleigh Heads,AU,Hotel,-28.0859192,153.4503627,https://us.non.world/pages/store-locator,2026-08-31T20:04:52.271834+00:00,,,,,,,,
NON,2610688644,Liquorland Cellars Mosman 2210,"Mosman, AU",Mosman,AU,Liquor Store,-33.8303866,151.2445361,https://us.non.world/pages/store-locator,2026-08-31T20:04:52.271834+00:00,,,,,,,,
NON,2610699030,Shu Restaurant,"Collingwood, AU",Collingwood,AU,Vegan Restaurant,-37.7997598,144.9898797,https://us.non.world/pages/store-locator,2026-08-31T20:04:52.271834+00:00,,,,,,,,
NON,2610739423,Saffire Resort,"Coles Bay, AU",Coles Bay,AU,Hotel,-42.110441,148.2664621,https://us.non.world/pages/store-locator,2026-08-31T20:04:52.271834+00:00,,,,,,,,
NON,2610688611,Dan Murphy's Bullimba 6710,"Bulimba, AU",Bulimba,AU,Liquor Store,-27.4511791,153.0590429,https://us.non.world/pages/store-locator,2026-08-31T20:04:52.271834+00:00,,,,,,,,
NON,2610781169,Bells At Killcare,"Killcare Heights, AU",Killcare Heights,AU,Hotel,-33.5210711,151.3746645,https://us.non.world/pages/store-locator,2026-08-31T20:04:52.271834+00:00,,,,,,,,
NON,2610781173,Liquorland Southbank 2238,"South Brisbane, AU",South Brisbane,AU,Liquor Store,-27.480693,153.0228174,https://us.non.world/pages/store-locator,2026-08-31T20:04:52.271834+00:00,,,,,,,,
NON,2610699028,Liquorland Warehouse Runaway Bay 2259,"Runaway Bay, AU",Runaway Bay,AU,Liquor Store,-27.912864,153.39967,https://us.non.world/pages/store-locator,2026-08-31T20:04:52.271834+00:00,,,,,,,,
NON,2610729448,Liquorland Warehouse Clarkson 2305,"Clarkson, AU",Clarkson,AU,Liquor Store,-31.68925729999999,115.7162172,https://us.non.world/pages/store-locator,2026-08-31T20:04:52.271834+00:00,,,,,,,,
NON,2610699044,Portsea Hotel,"Portsea, AU",Portsea,AU,Pub,-38.3197734,144.7146907,https://us.non.world/pages/store-locator,2026-08-31T20:04:52.271834+00:00,,,,,,,,
NON,2610739574,Liquorland Thurgoona 2798,"Thurgoona, AU",Thurgoona,AU,Liquor Store,-36.0442601,146.9962177,https://us.non.world/pages/store-locator,2026-08-31T20:04:52.271834+00:00,,,,,,,,
NON,2610781284,Liquorland Hunters Hill 2205,"Hunters Hill, AU",Hunters Hill,AU,Liquor Store,-33.8339033,151.144046,https://us.non.world/pages/store-locator,2026-08-31T20:04:52.271834+00:00,,,,,,,,
NON,2610739465,The Happy Apple Newport,"Newport, AU",Newport,AU,Grocery Store,-37.84214559999999,144.882127,https://us.non.world/pages/store-locator,2026-08-31T20:04:52.271834+00:00,,,,,,,,
NON,2610739466,The Barn Burringbar (The Two Storey Pty Ltd),"Burringbar, AU",Burringbar,AU,Cafe,-28.4346314,153.4707416,https://us.non.world/pages/store-locator,2026-08-31T20:04:52.271834+00:00,,,,,,,,
NON,2610739726,# Flannerys (Chermside QLD 1001),"Chermside, AU",Chermside,AU,Health Food Store,-27.3925428,153.0204473,https://us.non.world/pages/store-locator,2026-08-31T20:04:52.271834+00:00,,,,,,,,
NON,2610739531,Liquorland Warehouse Rockhampton 2243,"Rockhampton, AU",Rockhampton,AU,Liquor Store,-23.3783365,150.5114187,https://us.non.world/pages/store-locator,2026-08-31T20:04:52.271834+00:00,,,,,,,,
NON,2610781555,Liquorland Green Hills 5472,"East Maitland, AU",East Maitland,AU,Liquor Store,-32.7629142,151.5943148,https://us.non.world/pages/store-locator,2026-08-31T20:04:52.271834+00:00,,,,,,,,
NON,2610781418,Hervey Bay Wholelife Pharmacy & Healthfoods,"Pialba, AU",Pialba,AU,Pharmacy,-25.2879729,152.841351,https://us.non.world/pages/store-locator,2026-08-31T20:04:52.271834+00:00,,,,,,,,
NON,2610729630,Mr Wine and Jungle,"Highett, AU",Highett,AU,Liquor Store,-37.9491652,145.0438913,https://us.non.world/pages/store-locator,2026-08-31T20:04:52.271834+00:00,,,,,,,,
NON,2610699305,Liquorland Boomerang Hotel B 8603,"Mackay, AU",Mackay,AU,Liquor Store,-21.1656498,149.1560275,https://us.non.world/pages/store-locator,2026-08-31T20:04:52.271834+00:00,,,,,,,,
NON,2610729653,Liquorland Bundaberg 2253,"Shop 3/16 Maryborough Street, AU",Shop 3/16 Maryborough Street,AU,Liquor Store,-24.8719372,152.3497317,https://us.non.world/pages/store-locator,2026-08-31T20:04:52.271834+00:00,,,,,,,,
NON,2610717546,Dan Murphys North Ryde 1428,"North Ryde, AU",North Ryde,AU,Liquor Store,-33.7815117,151.1126082,https://us.non.world/pages/store-locator,2026-08-31T20:04:52.271834+00:00,,,,,,,,
NON,2610717551,Liquorland Stanmore 2195,"Stanmore, AU",Stanmore,AU,Liquor Store,-33.8883538,151.1647396,https://us.non.world/pages/store-locator,2026-08-31T20:04:52.271834+00:00,,,,,,,,
NON,2610739885,Hyatt House South Melbourne,"South Melbourne, AU",South Melbourne,AU,Hotel,-37.8338549,144.9695317,https://us.non.world/pages/store-locator,2026-08-31T20:04:52.271834+00:00,,,,,,,,
NON,2610740033,Barwon Heads Winestore,"Barwon Heads, AU",Barwon Heads,AU,Liquor Store,-38.2787885,144.4924509,https://us.non.world/pages/store-locator,2026-08-31T20:04:52.271834+00:00,,,,,,,,
NON,2610729993,Liquorland Runaway Bay 5494,"Runaway Bay, AU",Runaway Bay,AU,Liquor Store,-27.9141832,153.4016239,https://us.non.world/pages/store-locator,2026-08-31T20:04:52.271834+00:00,,,,,,,,
NON,2610781810,Dan Murphy's Biggera Waters 2188,"Biggera Waters, AU",Biggera Waters,AU,Liquor Store,-27.9287592,153.3885543,https://us.non.world/pages/store-locator,2026-08-31T20:04:52.271834+00:00,,,,,,,,
NON,2610752174,Alex Hotel - Shadow Wine Bar,"Perth, AU",Perth,AU,Restaurant,-31.9488867,115.8597249,https://us.non.world/pages/store-locator,2026-08-31T20:04:52.271834+00:00,,,,,,,,
NON,2610689100,Paper Tiger,"Adelaide, AU",Adelaide,AU,Restaurant,-34.9226204,138.6101145,https://us.non.world/pages/store-locator,2026-08-31T20:04:52.271834+00:00,,,,,,,,
NON,2610740146,Fourth Village Providore (Mosman),"Mosman, AU",Mosman,AU,Caterer,-33.8252203,151.2407198,https://us.non.world/pages/store-locator,2026-08-31T20:04:52.271834+00:00,,,,,,,,
NON,2610715356,Liquorland Browns Plains 5486,"Browns Plains, AU",Browns Plains,AU,Liquor Store,-27.6600159,153.0429122,https://us.non.world/pages/store-locator,2026-08-31T20:04:52.271834+00:00,,,,,,,,
NON,2610740173,Liquorland Cleveland 5487,"Shop 63, AU",Shop 63,AU,Liquor Store,-27.5255053,153.2688324,https://us.non.world/pages/store-locator,2026-08-31T20:04:52.271834+00:00,,,,,,,,
NON,2610781997,Madalenas Bar,"South Fremantle, AU",South Fremantle,AU,Seafood Restaurant,-32.0736629,115.7533482,https://us.non.world/pages/store-locator,2026-08-31T20:04:52.271834+00:00,,,,,,,,
NON,2610689331,Wine Emporium,"76 Skyring Terrace, AU",76 Skyring Terrace,AU,Liquor Store,-27.4506462,153.0446752,https://us.non.world/pages/store-locator,2026-08-31T20:04:52.271834+00:00,,,,,,,,
NON,2610740532,Brisbane Entertainment Centre,"Boondall, AU",Boondall,AU,Concert Hall,-27.3422784,153.0706395,https://us.non.world/pages/store-locator,2026-08-31T20:04:52.271834+00:00,,,,,,,,
NON,2610815754,Norton Rose Fulbright Australia Services,"108 St Georges Terrace, AU",108 St Georges Terrace,AU,Consultant,-31.9545206,115.8568714,https://us.non.world/pages/store-locator,2026-08-31T20:04:52.271834+00:00,,,,,,,,
NON,2610715470,Dan Murphys Mona Vale WOW 1263,"Mona Vale, AU",Mona Vale,AU,Liquor Store,-33.6755483,151.3023397,https://us.non.world/pages/store-locator,2026-08-31T20:04:52.271834+00:00,,,,,,,,
NON,2610718356,Maker & Monger,"Stall 98/163 Commercial Road, AU",Stall 98/163 Commercial Road,AU,Food Store,-37.8465319,144.9924355,https://us.non.world/pages/store-locator,2026-08-31T20:04:52.271834+00:00,,,,,,,,
NON,2610717965,Bangalow General Store,"Bangalow, AU",Bangalow,AU,General Store,-28.6850833,153.5217171,https://us.non.world/pages/store-locator,2026-08-31T20:04:52.271834+00:00,,,,,,,,
NON,2610715738,Lot 101,"Megalong Valley, AU",Megalong Valley,AU,Restaurant,-33.6889285,150.2248427,https://us.non.world/pages/store-locator,2026-08-31T20:04:52.271834+00:00,,,,,,,,
NON,2610715716,Corkscrew Cellars Vaucluse,"Rose Bay, AU",Rose Bay,AU,Liquor Store,-33.8652072,151.2784857,https://us.non.world/pages/store-locator,2026-08-31T20:04:52.271834+00:00,,,,,,,,
NON,2610718296,Queensland Club,"Brisbane, AU",Brisbane,AU,Association / Organization,-27.4742462,153.0273603,https://us.non.world/pages/store-locator,2026-08-31T20:04:52.271834+00:00,,,,,,,,
NON,2610718275,Boathouse By The Lake,"Menindee Drive, AU",Menindee Drive,AU,Fine Dining Restaurant,-35.3019444,149.1480556,https://us.non.world/pages/store-locator,2026-08-31T20:04:52.271834+00:00,,,,,,,,
NON,2610740728,Rodolfos,"Ormond, AU",Ormond,AU,Bar,-37.9035407,145.038931,https://us.non.world/pages/store-locator,2026-08-31T20:04:52.271834+00:00,,,,,,,,
NON,2610782521,Lorne Hotel,"Lorne, AU",Lorne,AU,Pub,-38.5430351,143.9757439,https://us.non.world/pages/store-locator,2026-08-31T20:04:52.271834+00:00,,,,,,,,
NON,2610730684,Park Hyatt Sydney,"The Rocks, AU",The Rocks,AU,Hotel,-33.8557672,151.2094133,https://us.non.world/pages/store-locator,2026-08-31T20:04:52.271834+00:00,,,,,,,,
NON,2610816194,Hotel Indigo Melbourne on Flinders,"Melbourne, AU",Melbourne,AU,Hotel,-37.8202033,144.9550291,https://us.non.world/pages/store-locator,2026-08-31T20:04:52.271834+00:00,,,,,,,,
NON,2610816150,The Westin Brisbane,"Brisbane, AU",Brisbane,AU,Hotel,-27.4713757,153.028389,https://us.non.world/pages/store-locator,2026-08-31T20:04:52.271834+00:00,,,,,,,,
NON,2610718473,Meatsmith Heritage Butcher,"Fitzroy, AU",Fitzroy,AU,Butcher Shop,-37.8006925,144.9838278,https://us.non.world/pages/store-locator,2026-08-31T20:04:52.271834+00:00,,,,,,,,
NON,2610718650,Claremont Cellars,"Claremont, AU",Claremont,AU,Liquor Store,-31.9746427,115.7813768,https://us.non.world/pages/store-locator,2026-08-31T20:04:52.271834+00:00,,,,,,,,
NON,2610718640,Hampton Wine Co,"Hampton, AU",Hampton,AU,Wine Bar,-37.9371251,145.0027999,https://us.non.world/pages/store-locator,2026-08-31T20:04:52.271834+00:00,,,,,,,,
NON,2610716101,Miss Moses,"Brunswick, AU",Brunswick,AU,Pub,-37.7641448,144.9628399,https://us.non.world/pages/store-locator,2026-08-31T20:04:52.271834+00:00,,,,,,,,
NON,2610741378,Bar Nearby,"Box Hill, AU",Box Hill,AU,Bar,-37.8190754,145.1346303,https://us.non.world/pages/store-locator,2026-08-31T20:04:52.271834+00:00,,,,,,,,
NON,2610716036,Royal Yacht Club of Victoria,"Williamstown, AU",Williamstown,AU,Marina,-37.8626458,144.9063544,https://us.non.world/pages/store-locator,2026-08-31T20:04:52.271834+00:00,,,,,,,,
NON,2610782640,Copper & Oak Liquor Merchants,"Tuart Hill, AU",Tuart Hill,AU,Liquor Store,-31.8901265,115.8373241,https://us.non.world/pages/store-locator,2026-08-31T20:04:52.271834+00:00,,,,,,,,
NON,2610731156,United Cellars,"Woolloomooloo, AU",Woolloomooloo,AU,Corporate Office,-33.8744508,151.2186765,https://us.non.world/pages/store-locator,2026-08-31T20:04:52.271834+00:00,,,,,,,,
NON,2610816269,Natural Science Wine and Liquor,"Blackburn, AU",Blackburn,AU,Liquor Store,-37.821049,145.142044,https://us.non.world/pages/store-locator,2026-08-31T20:04:52.271834+00:00,,,,,,,,
NON,2610741607,Dan Murphy's Newcastle West 1722,"Newcastle West, AU",Newcastle West,AU,Liquor Store,-32.9293398,151.7630533,https://us.non.world/pages/store-locator,2026-08-31T20:04:52.271834+00:00,,,,,,,,
NON,2610716270,Essie,"Malvern, AU",Malvern,AU,Wine Bar,-37.86527299999999,145.0289724,https://us.non.world/pages/store-locator,2026-08-31T20:04:52.271834+00:00,,,,,,,,
NON,2610816484,Sense of Taste Clayfield,"531 Sandgate Road, AU",531 Sandgate Road,AU,Liquor Store,-27.4262026,153.0510217,https://us.non.world/pages/store-locator,2026-08-31T20:04:52.271834+00:00,,,,,,,,
NON,2610731354,Olympia Wine Bar,"Oakleigh, AU",Oakleigh,AU,Wine Bar,-37.8995667,145.0897219,https://us.non.world/pages/store-locator,2026-08-31T20:04:52.271834+00:00,,,,,,,,
NON,2610783451,Woods Yard,"South Melbourne, AU",South Melbourne,AU,Wine Bar,-37.8365661,144.9667993,https://us.non.world/pages/store-locator,2026-08-31T20:04:52.271834+00:00,,,,,,,,
NON,2610769723,Rogue Bar & Bistro,"Newstead, AU",Newstead,AU,Restaurant,-27.4455828,153.0440173,https://us.non.world/pages/store-locator,2026-08-31T20:04:52.271834+00:00,,,,,,,,
NON,2610741655,Nel Restaurant,"Sydney, AU",Sydney,AU,Australian Restaurant,-33.8792383,151.2094569,https://us.non.world/pages/store-locator,2026-08-31T20:04:52.271834+00:00,,,,,,,,
NON,2610769440,Oxi Tea Room,"Carlton, AU",Carlton,AU,Tea House,-37.8063351,144.9619078,https://us.non.world/pages/store-locator,2026-08-31T20:04:52.271834+00:00,,,,,,,,
NON,2610716846,Herringbone,"Adelaide, AU",Adelaide,AU,Restaurant,-34.9325385,138.603048,https://us.non.world/pages/store-locator,2026-08-31T20:04:52.271834+00:00,,,,,,,,
NON,2610716872,Mackenzie Quarters,"Bendigo, AU",Bendigo,AU,Event Venue,-36.7582342,144.2760084,https://us.non.world/pages/store-locator,2026-08-31T20:04:52.271834+00:00,,,,,,,,
NON,2610770005,Runner Up Rooftop Bar,"Collingwood, AU",Collingwood,AU,Bar,-37.7992906,144.9861257,https://us.non.world/pages/store-locator,2026-08-31T20:04:52.271834+00:00,,,,,,,,
NON,2610783850,Theeca,"Darlinghurst, AU",Darlinghurst,AU,Cafe,-33.8783974,151.2145394,https://us.non.world/pages/store-locator,2026-08-31T20:04:52.271834+00:00,,,,,,,,
NON,2610770040,Margaret,"Double Bay, AU",Double Bay,AU,Steak House,-33.8768885,151.2414835,https://us.non.world/pages/store-locator,2026-08-31T20:04:52.271834+00:00,,,,,,,,
NON,2610768211,Union Wine Store,"Ascot Vale, AU",Ascot Vale,AU,Wine Bar,-37.7724952,144.9157437,https://us.non.world/pages/store-locator,2026-08-31T20:04:52.271834+00:00,,,,,,,,
NON,2610817395,QT Melbourne,"Melbourne, AU",Melbourne,AU,Hotel,-37.8133232,144.9680291,https://us.non.world/pages/store-locator,2026-08-31T20:04:52.271834+00:00,,,,,,,,
NON,2610742596,Samuel Pepys,"Northcote, AU",Northcote,AU,Liquor Store,-37.779923,144.99707,https://us.non.world/pages/store-locator,2026-08-31T20:04:52.271834+00:00,,,,,,,,
NON,2610784037,Floralia Wellness,"Nedlands, AU",Nedlands,AU,Services,-31.9800324,115.7968398,https://us.non.world/pages/store-locator,2026-08-31T20:04:52.271834+00:00,,,,,,,,
NON,2610768267,Dan Murphys Elanora Heights 1970,"Elanora Heights, AU",Elanora Heights,AU,Liquor Store,-33.6952043,151.279755,https://us.non.world/pages/store-locator,2026-08-31T20:04:52.271834+00:00,,,,,,,,
NON,2610770132,6 Head (1788) Perth,"One The Esplanade, AU",One The Esplanade,AU,Restaurant,-31.9572976,115.8583175,https://us.non.world/pages/store-locator,2026-08-31T20:04:52.271834+00:00,,,,,,,,
NON,2610770177,Ten Minutes By Tractor,"Main Ridge, AU",Main Ridge,AU,Restaurant,-38.3944693,144.9943421,https://us.non.world/pages/store-locator,2026-08-31T20:04:52.271834+00:00,,,,,,,,
NON,2610784312,Woodend Cellar and Bar,"Woodend, AU",Woodend,AU,Restaurant,-37.3567532,144.528743,https://us.non.world/pages/store-locator,2026-08-31T20:04:52.271834+00:00,,,,,,,,
NON,2610765759,Frankie and Mo Wine Shop and Bar,"Blackheath, AU",Blackheath,AU,Restaurant,-33.6360553,150.2866364,https://us.non.world/pages/store-locator,2026-08-31T20:04:52.271834+00:00,,,,,,,,
NON,2610770481,Vera Wine,"Hamilton, AU",Hamilton,AU,Liquor Store,-32.9213028,151.7475679,https://us.non.world/pages/store-locator,2026-08-31T20:04:52.271834+00:00,,,,,,,,
NON,2610817898,Rathdowne Cellars,"CARLTON NORTH, AU",CARLTON NORTH,AU,Liquor Store,-37.7903834,144.9720472,https://us.non.world/pages/store-locator,2026-08-31T20:04:52.271834+00:00,,,,,,,,
NON,2610743064,The Strand - VIC,"Williamstown, AU",Williamstown,AU,Building,-37.8591843,144.901883,https://us.non.world/pages/store-locator,2026-08-31T20:04:52.271834+00:00,,,,,,,,
NON,2610769050,Dan Murphy's Kotara 1468,"108 Park Avenue, AU",108 Park Avenue,AU,Liquor Store,-32.9403841,151.7085695,https://us.non.world/pages/store-locator,2026-08-31T20:04:52.271834+00:00,,,,,,,,
NON,2610766003,Lilac Wine Bar,"Cremorne, AU",Cremorne,AU,Wine Bar,-37.8282418,144.993742,https://us.non.world/pages/store-locator,2026-08-31T20:04:52.271834+00:00,,,,,,,,
NON,2610784598,Moama Bowling Club,"Moama, AU",Moama,AU,Sports Club,-36.114564,144.7583475,https://us.non.world/pages/store-locator,2026-08-31T20:04:52.271834+00:00,,,,,,,,
NON,2610771506,Solotel - Chophouse Sydney,"Sydney, AU",Sydney,AU,Restaurant,-33.8654144,151.2100165,https://us.non.world/pages/store-locator,2026-08-31T20:04:52.271834+00:00,,,,,,,,
NON,2610766190,Cellarbrations Flinders Street World Wine,"Melbourne, AU",Melbourne,AU,Liquor Store,-37.8211793,144.9555795,https://us.non.world/pages/store-locator,2026-08-31T20:04:52.271834+00:00,,,,,,,,
NON,2611558023,RADHAUS RESTAURANT,"SAN FRANCISCO, US",SAN FRANCISCO,US,Bar,37.8053418,-122.4324908,https://us.non.world/pages/store-locator,2026-08-31T20:04:52.271834+00:00,,,,,,,,
NON,2611554166,FOUR SEASONS HOTEL,"LOS ANGELES, US",LOS ANGELES,US,Hotel,34.0729248,-118.3891988,https://us.non.world/pages/store-locator,2026-08-31T20:04:52.271834+00:00,,,,,,,,
NON,2611596894,SILVERS OMAKASE,"SANTA BARBARA, US",SANTA BARBARA,US,Restaurant,34.4152079,-119.6917618,https://us.non.world/pages/store-locator,2026-08-31T20:04:52.271834+00:00,,,,,,,,
NON,2611597353,ORIOLE,"CHICAGO, US",CHICAGO,US,Fine Dining Restaurant,41.8860204,-87.6451405,https://us.non.world/pages/store-locator,2026-08-31T20:04:52.271834+00:00,,,,,,,,
NON,2611554468,MATTINA,"SAN FRANCISCO, US",SAN FRANCISCO,US,Italian Restaurant,37.7872091,-122.4341518,https://us.non.world/pages/store-locator,2026-08-31T20:04:52.271834+00:00,,,,,,,,
NON,2611558024,RARE SOCIETY,"SAN CLEMENTE, US",SAN CLEMENTE,US,Steak House,33.4252812,-117.6165195,https://us.non.world/pages/store-locator,2026-08-31T20:04:52.271834+00:00,,,,,,,,
NON,2611558025,EMMER AND RYE,"AUSTIN, US",AUSTIN,US,Restaurant,30.25702399999999,-97.73903920000001,https://us.non.world/pages/store-locator,2026-08-31T20:04:52.271834+00:00,,,,,,,,
NON,2611558026,H E B CENTRAL MARKET #552,"DALLAS, US",DALLAS,US,Grocery Store,32.8494263,-96.7686756,https://us.non.world/pages/store-locator,2026-08-31T20:04:52.271834+00:00,,,,,,,,
NON,2611554333,PLEASE DONT TELL,"113 Saint Marks Place, New York, New York 10009",NEW YORK,US,Cocktail Bar,40.727125,-73.9837531,https://us.non.world/pages/store-locator,2026-08-31T20:04:52.271834+00:00,,,,,,,,
NON,2611554167,ROXY HOTEL,"2 6th Avenue, New York, New York 10013",NEW YORK,US,Hotel,40.7194387,-74.00491509999999,https://us.non.world/pages/store-locator,2026-08-31T20:04:52.271834+00:00,,,https://www.roxyhotelnyc.com/,openstreetmap,,,,
NON,2611558028,BAR CRENN,"SAN FRANCISCO, US",SAN FRANCISCO,US,Bar,37.7983979,-122.4360123,https://us.non.world/pages/store-locator,2026-08-31T20:04:52.271834+00:00,,,,,,,,
NON,2611608621,ICHI-SHABU,"FRESNO, US",FRESNO,US,Japanese Restaurant,36.8123692,-119.734307,https://us.non.world/pages/store-locator,2026-08-31T20:04:52.271834+00:00,,,,,,,,
NON,2611608713,STILLWATER,"FAIRFAX, US",FAIRFAX,US,Restaurant,37.9868814,-122.5882528,https://us.non.world/pages/store-locator,2026-08-31T20:04:52.271834+00:00,,,,,,,,
NON,2611608714,JOHNS GRILL,"SAN FRANCISCO, US",SAN FRANCISCO,US,Restaurant,37.7854445,-122.407194,https://us.non.world/pages/store-locator,2026-08-31T20:04:52.271834+00:00,,,,,,,,
NON,2611647403,LUKES LOCAL,"San Francisco, US",San Francisco,US,Grocery Store,37.7650645,-122.4494884,https://us.non.world/pages/store-locator,2026-08-31T20:04:52.271834+00:00,,,,,,,,
NON,2611523712,BON APPETIT AT THE CHASE CENTER,"SAN FRANCISCO, US",SAN FRANCISCO,US,Arena,37.7680183,-122.3878772,https://us.non.world/pages/store-locator,2026-08-31T20:04:52.271834+00:00,,,,,,,,
NON,2611523713,ARCANA,"SAN FRANCISCO, US",SAN FRANCISCO,US,Wine Bar,37.7567338,-122.4192231,https://us.non.world/pages/store-locator,2026-08-31T20:04:52.271834+00:00,,,,,,,,
NON,2611608721,NIXTA TAQUERIA,"AUSTIN, US",AUSTIN,US,Restaurant,30.2750092,-97.7132461,https://us.non.world/pages/store-locator,2026-08-31T20:04:52.271834+00:00,,,,,,,,
NON,2611523935,H E B CENTRAL MARKET #546,"PLANO, US",PLANO,US,Grocery Store,33.0021305,-96.76462289999999,https://us.non.world/pages/store-locator,2026-08-31T20:04:52.271834+00:00,,,,,,,,
NON,2611523936,H E B CENTRAL MARKET #653,"DALLAS, US",DALLAS,US,Grocery Store,32.8944523,-96.8031376,https://us.non.world/pages/store-locator,2026-08-31T20:04:52.271834+00:00,,,,,,,,
NON,2611608754,ATOMIX,"104 East 30th Street, New York, New York 10016",NEW YORK,US,Korean Restaurant,40.7442317,-73.9828502,https://us.non.world/pages/store-locator,2026-08-31T20:04:52.271834+00:00,,,,,,,,
NON,2611523721,CROWN SHY,"80 Pine Street, New York, New York 10005",NEW YORK,US,American Restaurant,40.7061263,-74.0072634,https://us.non.world/pages/store-locator,2026-08-31T20:04:52.271834+00:00,+1-212-517-1932,,https://www.crownshy.nyc,openstreetmap,,17:30-24:00,,
NON,2611608729,HAPPIER GROCERY,"369 Canal Street, New York, New York 10013",NEW YORK,US,Grocery Store,40.7212888,-74.0040793,https://us.non.world/pages/store-locator,2026-08-31T20:04:52.271834+00:00,,,,,,,,
NON,2611608628,ALINEA,"CHICAGO, US",CHICAGO,US,Fine Dining Restaurant,41.913435,-87.6480552,https://us.non.world/pages/store-locator,2026-08-31T20:04:52.271834+00:00,,,,,,,,
NON,2611608622,ROSEMARYS,"119 West 10th Street, New York, New York 10011",NEW YORK,US,Italian Restaurant,40.7348852,-73.9996717,https://us.non.world/pages/store-locator,2026-08-31T20:04:52.271834+00:00,,,,,,,,
NON,2611554336,MONSOON MARKET,"PHOENIX, US",PHOENIX,US,Gift Shop,33.4887888,-112.0657037,https://us.non.world/pages/store-locator,2026-08-31T20:04:52.271834+00:00,,,,,,,,
NON,2611553943,RALLY,"PHILADELPHIA, US",PHILADELPHIA,US,Coffee Shop,39.941219,-75.15392779999999,https://us.non.world/pages/store-locator,2026-08-31T20:04:52.271834+00:00,,,,,,,,
NON,2611596873,SHOSH,"41 Greenwich Avenue, New York, New York 10014",NEW YORK,US,Mediterranean Restaurant,40.7354294,-74.0006631,https://us.non.world/pages/store-locator,2026-08-31T20:04:52.271834+00:00,,,,,,,,
NON,2611597021,THE MANNER,"52 Thompson Street, New York, New York 10012",NEW YORK,US,Resort hotel,40.723944,-74.0033097,https://us.non.world/pages/store-locator,2026-08-31T20:04:52.271834+00:00,,,,,,,,
NON,2611554056,LA LOULOU #0,"OAKLAND, US",OAKLAND,US,Wine Bar,37.8282076,-122.2498313,https://us.non.world/pages/store-locator,2026-08-31T20:04:52.271834+00:00,,,,,,,,
NON,2611597022,LA MAR CEBICHERIA PERUANA,"SAN FRANCISCO, US",SAN FRANCISCO,US,Peruvian Restaurant,37.7974815,-122.3950251,https://us.non.world/pages/store-locator,2026-08-31T20:04:52.271834+00:00,,,,,,,,
NON,2611554168,HINO OISHI,"FRESNO, US",FRESNO,US,Japanese Restaurant,36.8116397,-119.7344182,https://us.non.world/pages/store-locator,2026-08-31T20:04:52.271834+00:00,,,,,,,,
NON,2611558121,ARQUET,"SAN FRANCISCO, US",SAN FRANCISCO,US,Restaurant,37.7967868,-122.3932987,https://us.non.world/pages/store-locator,2026-08-31T20:04:52.271834+00:00,,,,,,,,
NON,2611554337,MAMANOKO,"SAN FRANCISCO, US",SAN FRANCISCO,US,Japanese Restaurant,37.7999931,-122.4414351,https://us.non.world/pages/store-locator,2026-08-31T20:04:52.271834+00:00,,,,,,,,
NON,2611553971,PLANET HOLLYWOOD RESORT & CASINO,"LAS VEGAS, US",LAS VEGAS,US,Casino,36.1105628,-115.1721025,https://us.non.world/pages/store-locator,2026-08-31T20:04:52.271834+00:00,,,,,,,,
NON,2611596896,THE AUSTIN SHAKER WAREHOUSE,"Austin, US",Austin,US,Liquor Store,30.2765483,-97.69976349999999,https://us.non.world/pages/store-locator,2026-08-31T20:04:52.271834+00:00,,,,,,,,
NON,2611553945,ESTE,"AUSTIN, US",AUSTIN,US,Seafood Restaurant,30.2839417,-97.71953920000001,https://us.non.world/pages/store-locator,2026-08-31T20:04:52.271834+00:00,,,,,,,,
NON,2611596906,JUA,"36 East 22nd Street, New York, New York 10010",NEW YORK,US,Korean Restaurant,40.7397012,-73.98783920000001,https://us.non.world/pages/store-locator,2026-08-31T20:04:52.271834+00:00,,,https://www.juanyc.com/,openstreetmap,,,,
NON,2611554338,HEALTHY SPIRITS,"SAN FRANCISCO, US",SAN FRANCISCO,US,Liquor Store,37.7395152,-122.4187458,https://us.non.world/pages/store-locator,2026-08-31T20:04:52.271834+00:00,,,,,,,,
NON,2611597023,GOOD EGGS,"OAKLAND, US",OAKLAND,US,Grocery Store,37.8201009,-122.3015543,https://us.non.world/pages/store-locator,2026-08-31T20:04:52.271834+00:00,,,,,,,,
NON,2611523820,ETC VENUE,"East 54th Street, New York, New York 10022",NEW YORK,US,Event Venue,40.7583546,-73.9699827,https://us.non.world/pages/store-locator,2026-08-31T20:04:52.271834+00:00,,,,,,,,
NON,2611523944,The Space,"CHAMPAIGN, US",CHAMPAIGN,US,Restaurant,40.1183166,-88.2429999,https://us.non.world/pages/store-locator,2026-08-31T20:04:52.271834+00:00,,,,,,,,
NON,2611608724,KILLJOY,"NASHVILLE, US",NASHVILLE,US,Point Of Interest,36.131338,-86.7729796,https://us.non.world/pages/store-locator,2026-08-31T20:04:52.271834+00:00,,,,,,,,
NON,2611608716,JOY WINE & SPIRITS,"DENVER, US",DENVER,US,Liquor Store,39.7254116,-104.9714947,https://us.non.world/pages/store-locator,2026-08-31T20:04:52.271834+00:00,,,,,,,,
NON,2611608679,ALILA MAREA,"ENCINITAS, US",ENCINITAS,US,Hotel,33.082246,-117.3094096,https://us.non.world/pages/store-locator,2026-08-31T20:04:52.271834+00:00,,,,,,,,
NON,2611608725,HAGS,"167 1st Avenue, New York, New York 10003",NEW YORK,US,Fine Dining Restaurant,40.7291339,-73.9847094,https://us.non.world/pages/store-locator,2026-08-31T20:04:52.271834+00:00,,,https://hagsnyc.com,openstreetmap,,"Mo-Sa 18:00-22:00, Su 11:00-14:30",,
NON,2611608623,PASTA SUPPLY,"SAN FRANCISCO, US",SAN FRANCISCO,US,Italian Restaurant,37.7833469,-122.4617841,https://us.non.world/pages/store-locator,2026-08-31T20:04:52.271834+00:00,,,,,,,,
NON,2611647414,RICH TABLE,"SAN FRANCISCO, US",SAN FRANCISCO,US,American Restaurant,37.7748727,-122.4228131,https://us.non.world/pages/store-locator,2026-08-31T20:04:52.271834+00:00,,,,,,,,
NON,2611523827,A LOUEST,"DEL MAR, US",DEL MAR,US,French Restaurant,32.9594891,-117.2653146,https://us.non.world/pages/store-locator,2026-08-31T20:04:52.271834+00:00,,,,,,,,
NON,2611523706,HOTEL FIGUEROA,"LOS ANGELES, US",LOS ANGELES,US,Resort hotel,34.045529,-118.2640141,https://us.non.world/pages/store-locator,2026-08-31T20:04:52.271834+00:00,,,,,,,,
NON,2611523716,WHITTIER BREWING COMPANY,"WHITTIER, US",WHITTIER,US,Brewery,33.978777,-118.0370466,https://us.non.world/pages/store-locator,2026-08-31T20:04:52.271834+00:00,,,,,,,,
NON,2611523707,TERROIR TRIBECA,"24 Harrison Street, New York, New York 10013",NEW YORK,US,Wine Bar,40.7189062,-74.0099419,https://us.non.world/pages/store-locator,2026-08-31T20:04:52.271834+00:00,,,,,,,,
NON,2611523983,EZOV,"AUSTIN, US",AUSTIN,US,Restaurant,30.2534352,-97.7135315,https://us.non.world/pages/store-locator,2026-08-31T20:04:52.271834+00:00,,,,,,,,
NON,2611523823,RICE MARKET,"WASHINGTON, US",WASHINGTON,US,Asian Grocery Store,38.9114964,-77.0322356,https://us.non.world/pages/store-locator,2026-08-31T20:04:52.271834+00:00,,,,,,,,
NON,2611608646,BEACON GRAND #1336359,"SAN FRANCISCO, US",SAN FRANCISCO,US,Hotel,37.78897,-122.4083328,https://us.non.world/pages/store-locator,2026-08-31T20:04:52.271834+00:00,,,,,,,,
NON,2611523828,MARKET HALL FOODS,"OAKLAND, US",OAKLAND,US,Grocery Store,37.8432964,-122.2525383,https://us.non.world/pages/store-locator,2026-08-31T20:04:52.271834+00:00,,,,,,,,
NON,2611523825,THE CELLAR,"SAN CLEMENTE, US",SAN CLEMENTE,US,Restaurant,33.4265149,-117.6146729,https://us.non.world/pages/store-locator,2026-08-31T20:04:52.271834+00:00,,,,,,,,
NON,2611608647,CHEZ OSKAR,"373 Decatur Street, New York, New York 11233",BROOKLYN,US,French Restaurant,40.6822581,-73.9290889,https://us.non.world/pages/store-locator,2026-08-31T20:04:52.271834+00:00,+1-718-852-6250,,http://www.chezoskar.com/,openstreetmap,,"Su-Th 11:00-16:30, 17:30-23:00; Fr-Sa 11:00-16:30, 17:30-23:30",,
NON,2611608717,EAST VILLAGE FARM,"89 East 4th Street, New York, New York 10003",NEW YORK,US,Grocery Store,40.726411,-73.9896373,https://us.non.world/pages/store-locator,2026-08-31T20:04:52.271834+00:00,,,,,,,,
NON,2611608631,EDITION HOTELS,"1 Madison Avenue, New York, New York 10010",NEW YORK,US,Hotel,40.7412664,-73.9874068,https://us.non.world/pages/store-locator,2026-08-31T20:04:52.271834+00:00,,,,,,,,
NON,2611596769,MAJESTIC YOSEMITE HOTEL,"YOSEMITE VALLEY, US",YOSEMITE VALLEY,US,Hotel,37.7478936,-119.5785734,https://us.non.world/pages/store-locator,2026-08-31T20:04:52.271834+00:00,,,,,,,,
NON,2611558126,LAVO RESTAURANT PALLAZZO,"LAS VEGAS, US",LAS VEGAS,US,Restaurant,36.1242267,-115.1680903,https://us.non.world/pages/store-locator,2026-08-31T20:04:52.271834+00:00,,,,,,,,
NON,2611558127,ROSEMARYS EAST,"350 1st Avenue, New York, New York 10010",NEW YORK,US,Italian Restaurant,40.7349589,-73.9792815,https://us.non.world/pages/store-locator,2026-08-31T20:04:52.271834+00:00,,,,,,,,
NON,2611558047,AMAN HOTEL,"724 5th Avenue, New York, New York 10019",NEW YORK,US,Hotel,40.7628469,-73.97451939999999,https://us.non.world/pages/store-locator,2026-08-31T20:04:52.271834+00:00,,,,,,,,
NON,2611558048,BAR MADONNA,"367 Metropolitan Avenue, New York, New York 11211",BROOKLYN,US,Restaurant,40.7142677,-73.9556758,https://us.non.world/pages/store-locator,2026-08-31T20:04:52.271834+00:00,,,,,,,,
NON,2611596910,PICCINO,"SAN FRANCISCO, US",SAN FRANCISCO,US,Italian Restaurant,37.7576733,-122.3899489,https://us.non.world/pages/store-locator,2026-08-31T20:04:52.271834+00:00,,,,,,,,
NON,2611554342,EYLAN #0700407415,"MENLO PARK, US",MENLO PARK,US,Indian Restaurant,37.451145,-122.177326,https://us.non.world/pages/store-locator,2026-08-31T20:04:52.271834+00:00,,,,,,,,
NON,2611596898,GREENS AT FORT MASON,"SAN FRANCISCO, US",SAN FRANCISCO,US,Vegetarian Restaurant,37.8053418,-122.4324908,https://us.non.world/pages/store-locator,2026-08-31T20:04:52.271834+00:00,,,,,,,,
NON,2611596838,ALKALI RYE,"OAKLAND, US",OAKLAND,US,Liquor Store,37.81235,-122.2470665,https://us.non.world/pages/store-locator,2026-08-31T20:04:52.271834+00:00,,,,,,,,
NON,2611596839,PATISSERIE CHANSON,"155 West 70th Street, New York, New York 10023",NEW YORK,US,Bakery,40.7771028,-73.9816854,https://us.non.world/pages/store-locator,2026-08-31T20:04:52.271834+00:00,,,,,,,,
NON,2611553948,WINNIE SUPERETTE,"NEVADA CITY, US",NEVADA CITY,US,Asian Grocery Store,39.263151,-121.0193767,https://us.non.world/pages/store-locator,2026-08-31T20:04:52.271834+00:00,,,,,,,,
NON,2611597359,MODERN WORLD,"BALTIMORE, US",BALTIMORE,US,Store,39.3312316,-76.6329908,https://us.non.world/pages/store-locator,2026-08-31T20:04:52.271834+00:00,,,,,,,,
NON,2611553976,AVERY FISHER HALL,"Columbus Avenue, New York, New York 10023",NEW YORK,US,Performing Arts Theater,40.7730238,-73.9821336,https://us.non.world/pages/store-locator,2026-08-31T20:04:52.271834+00:00,,,http://www.lincolncenter.org/venue/david-geffen-hall,openstreetmap,,,,
NON,2611596911,NOVELA,"SAN FRANCISCO, US",SAN FRANCISCO,US,Cocktail Bar,37.7870852,-122.4013897,https://us.non.world/pages/store-locator,2026-08-31T20:04:52.271834+00:00,,,,,,,,
NON,2611553977,EPICUREAN TRADER,"SAN FRANCISCO, US",SAN FRANCISCO,US,Grocery Store,37.7463353,-122.3982449,https://us.non.world/pages/store-locator,2026-08-31T20:04:52.271834+00:00,,,,,,,,
NON,2611554475,CALIFORNIA FRESH MARKET,"PISMO BEACH, US",PISMO BEACH,US,Supermarket,35.1348681,-120.6256861,https://us.non.world/pages/store-locator,2026-08-31T20:04:52.271834+00:00,,,,,,,,
NON,2611554476,BARCHA,"SAN FRANCISCO, US",SAN FRANCISCO,US,Mediterranean Restaurant,37.7911933,-122.3978889,https://us.non.world/pages/store-locator,2026-08-31T20:04:52.271834+00:00,,,,,,,,
NON,2611596841,THE LARK,"SANTA BARBARA, US",SANTA BARBARA,US,Californian Restaurant,34.414624,-119.6904907,https://us.non.world/pages/store-locator,2026-08-31T20:04:52.271834+00:00,,,,,,,,
NON,2611558175,STARLITE ROOM THE,"SAN DIEGO, US",SAN DIEGO,US,Gastropub,32.736467,-117.174979,https://us.non.world/pages/store-locator,2026-08-31T20:04:52.271834+00:00,,,,,,,,
NON,2611554060,KAZE OMAKASE,"THOUSAND OAKS, US",THOUSAND OAKS,US,Fine Dining Restaurant,34.1776416,-118.8526041,https://us.non.world/pages/store-locator,2026-08-31T20:04:52.271834+00:00,,,,,,,,
NON,2611553949,Cheese Plate Park Slope,"400 7th Avenue, New York, New York 11215",BROOKLYN,US,Food Store,40.664842,-73.9835998,https://us.non.world/pages/store-locator,2026-08-31T20:04:52.271834+00:00,+1-929-434-9937,,https://www.cheeseplatebrooklyn.com,openstreetmap,,"Mo,We,Th 10:00-19:00; Fr,Sa 10:00-20:00; Su 10:00-19:00",,
NON,2611596877,Little Shucker,"SAN FRANCISCO, US",SAN FRANCISCO,US,Seafood Restaurant,37.7882632,-122.4335274,https://us.non.world/pages/store-locator,2026-08-31T20:04:52.271834+00:00,,,,,,,,
NON,2611608759,FORT OAK #1172826,"SAN DIEGO, US",SAN DIEGO,US,Restaurant,32.7505129,-117.1726093,https://us.non.world/pages/store-locator,2026-08-31T20:04:52.271834+00:00,,,,,,,,
NON,2611523988,MINUS MOONSHINE,"433 Sterling Place, New York, New York 11238",BROOKLYN,US,Point Of Interest,40.6747933,-73.96356039999999,https://us.non.world/pages/store-locator,2026-08-31T20:04:52.271834+00:00,,,https://minusmoonshine.com,openstreetmap,,Mo-Fr 12:00-20:00; Sa 12:00-19:00; Su 12:00-18:00,,
NON,2611523832,FRANCOIS FRANKIE,"CHICAGO, US",CHICAGO,US,Restaurant,41.8845926,-87.6346561,https://us.non.world/pages/store-locator,2026-08-31T20:04:52.271834+00:00,,,,,,,,
NON,2611647239,MOLLIE STONES MARKET #4,"GREENBRAE, US",GREENBRAE,US,Grocery Store,37.94566340000001,-122.5243141,https://us.non.world/pages/store-locator,2026-08-31T20:04:52.271834+00:00,,,,,,,,
NON,2611523952,CRAIGS,"WEST HOLLYWOOD, US",WEST HOLLYWOOD,US,American Restaurant,34.0806198,-118.3864144,https://us.non.world/pages/store-locator,2026-08-31T20:04:52.271834+00:00,,,,,,,,
NON,2611608649,PERGOLA,"36 West 28th Street, New York, New York 10001",NEW YORK,US,Mediterranean Restaurant,40.7454141,-73.9895811,https://us.non.world/pages/store-locator,2026-08-31T20:04:52.271834+00:00,+1-212-679-4842,,https://www.pergolanewyork.com/,openstreetmap,,Mo-Su 16:00-02:00,,
NON,2611623346,ROXANNE BYOB,"PHILADELPHIA, US",PHILADELPHIA,US,Restaurant,39.9408669,-75.1455409,https://us.non.world/pages/store-locator,2026-08-31T20:04:52.271834+00:00,,,,,,,,
NON,2611647240,WILD CHILD,"SOMERVILLE, US",SOMERVILLE,US,Liquor Store,42.3811584,-71.0975598,https://us.non.world/pages/store-locator,2026-08-31T20:04:52.271834+00:00,,,,,,,,
NON,2611608627,Leven Supply,"DENVER, US",DENVER,US,Restaurant,39.7105603,-104.983655,https://us.non.world/pages/store-locator,2026-08-31T20:04:52.271834+00:00,,,,,,,,
NON,2611523755,HUDSON GREENS AND GOODS,"NAPA, US",NAPA,US,Grocery Store,38.3016556,-122.2818705,https://us.non.world/pages/store-locator,2026-08-31T20:04:52.271834+00:00,,,,,,,,
NON,2611523955,GRIFFO DISTILLERY,"PETALUMA, US",PETALUMA,US,Manufacturer,38.2705231,-122.6643886,https://us.non.world/pages/store-locator,2026-08-31T20:04:52.271834+00:00,,,,,,,,
NON,2611623337,Meadow Lane,"361 Greenwich Street, New York, New York 10013",NEW YORK,US,Grocery Store,40.7189646,-74.0101127,https://us.non.world/pages/store-locator,2026-08-31T20:04:52.271834+00:00,,,,,,,,
NON,2611523756,Native Poppy,"SAN DIEGO, US",SAN DIEGO,US,Florist,32.7263708,-117.1297177,https://us.non.world/pages/store-locator,2026-08-31T20:04:52.271834+00:00,,,,,,,,
NON,2611647417,BACETTI,"LOS ANGELES, US",LOS ANGELES,US,Italian Restaurant,34.0802345,-118.2554923,https://us.non.world/pages/store-locator,2026-08-31T20:04:52.271834+00:00,,,,,,,,
NON,2611647418,GAGE & TOLLNER,"372 Fulton Mall, New York, New York 11201",BROOKLYN,US,American Restaurant,40.6913485,-73.9878195,https://us.non.world/pages/store-locator,2026-08-31T20:04:52.271834+00:00,+1-347-689-3677,,https://www.gageandtollner.com,openstreetmap,,17:00-22:00,,
NON,2611523763,SANGS,"154 Scott Avenue, New York, New York 11237",BROOKLYN,US,Association / Organization,40.7119835,-73.9235261,https://us.non.world/pages/store-locator,2026-08-31T20:04:52.271834+00:00,,,,,,,,
NON,2611523757,FOREIGN CINEMA RESTAURANT,"SAN FRANCISCO, US",SAN FRANCISCO,US,Californian Restaurant,37.7564917,-122.4191194,https://us.non.world/pages/store-locator,2026-08-31T20:04:52.271834+00:00,,,,,,,,
NON,2611623347,BERKELEY BOWL WEST #14281,"BERKELEY, US",BERKELEY,US,Supermarket,37.8535336,-122.2903762,https://us.non.world/pages/store-locator,2026-08-31T20:04:52.271834+00:00,,,,,,,,
NON,2611523854,BAR GEMINI,"SAN FRANCISCO, US",SAN FRANCISCO,US,Wine Bar,37.7616433,-122.4105768,https://us.non.world/pages/store-locator,2026-08-31T20:04:52.271834+00:00,,,,,,,,
NON,2611523764,SENECA,"SAN DIEGO, US",SAN DIEGO,US,Italian Restaurant,32.7163136,-117.1718775,https://us.non.world/pages/store-locator,2026-08-31T20:04:52.271834+00:00,,,,,,,,
NON,2611523833,BOUCHON SANTA BARBARA,"SANTA BARBARA, US",SANTA BARBARA,US,Restaurant,34.4239651,-119.7059783,https://us.non.world/pages/store-locator,2026-08-31T20:04:52.271834+00:00,,,,,,,,
NON,2611558131,River Twice,"PHILADELPHIA, US",PHILADELPHIA,US,Restaurant,39.9297382,-75.1633983,https://us.non.world/pages/store-locator,2026-08-31T20:04:52.271834+00:00,,,,,,,,
NON,2611596912,CHEZ FIFI,"140 East 74th Street, New York, New York 10021",NEW YORK,US,Restaurant,40.7716972,-73.96156230000001,https://us.non.world/pages/store-locator,2026-08-31T20:04:52.271834+00:00,,,,,,,,
NON,2611597033,SPIRITED AWAY,"177 Mott Street, New York, New York 10012",NEW YORK,US,Liquor Store,40.7204793,-73.9960298,https://us.non.world/pages/store-locator,2026-08-31T20:04:52.271834+00:00,+1-929-277-2520,,https://www.spiritedaway.co,openstreetmap,,Mo-Su 12:00-20:00,,
NON,2611554479,Augusta Food & Wine,"CHICAGO, US",CHICAGO,US,Liquor Store,41.9668564,-87.6879175,https://us.non.world/pages/store-locator,2026-08-31T20:04:52.271834+00:00,,,,,,,,
NON,2611554009,The Organic Butcher of Bethesda,"BETHESDA, US",BETHESDA,US,Butcher Shop,38.9889154,-77.1007255,https://us.non.world/pages/store-locator,2026-08-31T20:04:52.271834+00:00,,,,,,,,
NON,2611596882,SMITH & MILLS,"68 North Moore Street, New York, New York 10013",NEW YORK,US,Cocktail Bar,40.7202013,-74.0097888,https://us.non.world/pages/store-locator,2026-08-31T20:04:52.271834+00:00,,,,,,,,
NON,2611597072,CUCINA URBANA,"SAN DIEGO, US",SAN DIEGO,US,Italian Restaurant,32.7312421,-117.1600985,https://us.non.world/pages/store-locator,2026-08-31T20:04:52.271834+00:00,,,,,,,,
NON,2611553951,THE HEIGHTS GROCER,"HOUSTON, US",HOUSTON,US,Liquor Store,29.7963663,-95.3810185,https://us.non.world/pages/store-locator,2026-08-31T20:04:52.271834+00:00,,,,,,,,
NON,2611558132,SOBERISH Atlanta,"ATLANTA, US",ATLANTA,US,Store,33.7515713,-84.32342969999999,https://us.non.world/pages/store-locator,2026-08-31T20:04:52.271834+00:00,,,,,,,,
NON,2611596884,JAJI,"OAKLAND, US",OAKLAND,US,Restaurant,37.8138849,-122.2663301,https://us.non.world/pages/store-locator,2026-08-31T20:04:52.271834+00:00,,,,,,,,
NON,2611554350,NOE VALLEY WINE MERCHANTS,"SAN FRANCISCO, US",SAN FRANCISCO,US,Liquor Store,37.7515658,-122.4280044,https://us.non.world/pages/store-locator,2026-08-31T20:04:52.271834+00:00,,,,,,,,
NON,2611558135,XIAO YE,"PORTLAND, US",PORTLAND,US,Restaurant,45.53450600000001,-122.623443,https://us.non.world/pages/store-locator,2026-08-31T20:04:52.271834+00:00,,,,,,,,
NON,2611553952,GWEN,"LOS ANGELES, US",LOS ANGELES,US,Fine Dining Restaurant,34.0977273,-118.3334559,https://us.non.world/pages/store-locator,2026-08-31T20:04:52.271834+00:00,,,,,,,,
NON,2611553980,LAKE SIDE EMOTIONS,"113 Main St, Stony Brook, NY 11790",Stony Brook,US,Liquor Store,40.9173162,-73.146753,https://us.non.world/pages/store-locator,2026-08-31T20:04:52.271834+00:00,(631) 675-2750,,,,,,NY,
NON,2611597052,HUSO,"190A Duane Street, New York, New York 10013",NEW YORK,US,Fine Dining Restaurant,40.717329,-74.010442,https://us.non.world/pages/store-locator,2026-08-31T20:04:52.271834+00:00,,,,,,,,
NON,2611558237,BOBO RESTAURANT,"181 West 10th Street, New York, New York 10014",NEW YORK,US,French Restaurant,40.7345161,-74.0026414,https://us.non.world/pages/store-locator,2026-08-31T20:04:52.271834+00:00,,,,,,,,
NON,2611554198,DEEP RED WINE MERCHANT,"CHICAGO, US",CHICAGO,US,Bar,41.9341792,-87.7151653,https://us.non.world/pages/store-locator,2026-08-31T20:04:52.271834+00:00,,,,,,,,
NON,2611523960,BINNYS BEVERAGE DEPOT #32,"OAK BROOK, US",OAK BROOK,US,Liquor Store,41.8548871,-87.95673300000001,https://us.non.world/pages/store-locator,2026-08-31T20:04:52.271834+00:00,,,,,,,,
NON,2611523765,CAMPAGNIA,"FRESNO, US",FRESNO,US,Bistro,36.8706263,-119.7629391,https://us.non.world/pages/store-locator,2026-08-31T20:04:52.271834+00:00,,,,,,,,
NON,2611523790,BERKELEY BOWL PRODUCE #1420,"BERKELEY, US",BERKELEY,US,Grocery Store,37.8568102,-122.2672381,https://us.non.world/pages/store-locator,2026-08-31T20:04:52.271834+00:00,,,,,,,,
NON,2611523791,SAN FRANCISCO WINE SCHOOL,"SOUTH SAN FRANCISCO, US",SOUTH SAN FRANCISCO,US,Educational Institution,37.6555787,-122.4131188,https://us.non.world/pages/store-locator,2026-08-31T20:04:52.271834+00:00,,,,,,,,
NON,2611647280,HOTEL JOAQUIN,"LAGUNA BEACH, US",LAGUNA BEACH,US,Hotel,33.5472338,-117.7975515,https://us.non.world/pages/store-locator,2026-08-31T20:04:52.271834+00:00,,,,,,,,
NON,2611523758,CONVENE AT 1221,"45 Rockefeller Plaza, New York, New York 10111",NEW YORK,US,Event Venue,40.7592425,-73.9812891,https://us.non.world/pages/store-locator,2026-08-31T20:04:52.271834+00:00,,,,,,,,
NON,2611623338,AMOR Y AMARGO,"97 Avenue A, New York, New York 10009",NEW YORK,US,Bar,40.7256613,-73.98408189999999,https://us.non.world/pages/store-locator,2026-08-31T20:04:52.271834+00:00,,,https://www.amoryamargo.com/pages/the-original,openstreetmap,,Mo-Su 17:00-24:00,,
NON,2611608734,HARBOR HOUSE INN #0,"ELK, US",ELK,US,Inn,39.13574699999999,-123.7196865,https://us.non.world/pages/store-locator,2026-08-31T20:04:52.271834+00:00,,,,,,,,
NON,2611523699,AUSTIN WINE MERCHANT,"AUSTIN, US",AUSTIN,US,Liquor Store,30.2697117,-97.7479089,https://us.non.world/pages/store-locator,2026-08-31T20:04:52.271834+00:00,,,,,,,,
NON,2611608779,GRAMERCY TAVERN,"42 East 20th Street, New York, New York 10003",NEW YORK,US,American Restaurant,40.73846349999999,-73.98851049999999,https://us.non.world/pages/store-locator,2026-08-31T20:04:52.271834+00:00,+1 212-477-0777,,https://www.gramercytavern.com/,openstreetmap,,"Su-Th 11:30-23:00; Fr, Sa 11:30-24:00",,
NON,2611523760,KEY FOOD STORE #1830,"Brooklyn Avenue, New York, New York 11203",BROOKLYN,,Supermarket,40.6781784,-73.9441579,https://us.non.world/pages/store-locator,2026-08-31T20:04:52.271834+00:00,,,,,,,,
NON,2611523961,FREVO,"48 West 8th Street, New York, New York 10011",NEW YORK,US,Fine Dining Restaurant,40.7330117,-73.9987735,https://us.non.world/pages/store-locator,2026-08-31T20:04:52.271834+00:00,,,,,,,,
NON,2611608780,LE CHENE,"72 Carmine Street, New York, New York 10014",NEW YORK,US,French Restaurant,40.7294816,-74.0045738,https://us.non.world/pages/store-locator,2026-08-31T20:04:52.271834+00:00,,,,,,,,
NON,2611523962,BINNYS BEVERAGE DEPOT #11,"CHICAGO, US",CHICAGO,US,Liquor Store,41.88325,-87.6323879,https://us.non.world/pages/store-locator,2026-08-31T20:04:52.271834+00:00,,,,,,,,
NON,2611523857,BINNYS BEVERAGE DEPOT #24,"CHICAGO, US",CHICAGO,US,Liquor Store,41.88325,-87.6323879,https://us.non.world/pages/store-locator,2026-08-31T20:04:52.271834+00:00,,,,,,,,
NON,2611647281,BINNYS BEVERAGE DEPOT #16,"Chicago, US",Chicago,US,Liquor Store,41.8912837,-87.6353812,https://us.non.world/pages/store-locator,2026-08-31T20:04:52.271834+00:00,,,,,,,,
NON,2611523792,BAR LE COTE,"LOS OLIVOS, US",LOS OLIVOS,US,Seafood Restaurant,34.6657023,-120.115313,https://us.non.world/pages/store-locator,2026-08-31T20:04:52.271834+00:00,,,,,,,,
NON,2611608821,TINY GROCER,"AUSTIN, US",AUSTIN,US,Grocery Store,30.2463852,-97.75115579999999,https://us.non.world/pages/store-locator,2026-08-31T20:04:52.271834+00:00,,,,,,,,
NON,2611608781,POINT DE CHENE WINE & BEER,"OJAI, US",OJAI,US,Liquor Store,34.448255,-119.2458407,https://us.non.world/pages/store-locator,2026-08-31T20:04:52.271834+00:00,,,,,,,,
NON,2611597054,CONVENE HAMILTON SQUARE,"WASHINGTON, US",WASHINGTON,US,Event Venue,38.8976962,-77.0325758,https://us.non.world/pages/store-locator,2026-08-31T20:04:52.271834+00:00,,,,,,,,
NON,2611553983,PRESS CLUB,"SAN FRANCISCO, US",SAN FRANCISCO,US,Wine Bar,37.7859319,-122.4043931,https://us.non.world/pages/store-locator,2026-08-31T20:04:52.271834+00:00,,,,,,,,
NON,2611596904,DEATH & CO,"LOS ANGELES, US",LOS ANGELES,US,Cocktail Bar,34.0456728,-118.2357214,https://us.non.world/pages/store-locator,2026-08-31T20:04:52.271834+00:00,,,,,,,,
NON,2611554213,BOURBON STEAK,"GLENDALE, US",GLENDALE,US,Steak House,34.1428185,-118.2554489,https://us.non.world/pages/store-locator,2026-08-31T20:04:52.271834+00:00,,,,,,,,
NON,2611597079,STOA WINE BAR & MARKET,"MARINA DEL REY, US",MARINA DEL REY,US,Restaurant,33.9784266,-118.4581524,https://us.non.world/pages/store-locator,2026-08-31T20:04:52.271834+00:00,,,,,,,,
NON,2611596905,MITA,"WASHINGTON, US",WASHINGTON,US,Restaurant,38.9176276,-77.02320619999999,https://us.non.world/pages/store-locator,2026-08-31T20:04:52.271834+00:00,,,,,,,,
NON,2611554214,RARE SOCIETY MILL CREEK,"MILL CREEK, US",MILL CREEK,US,Steak House,47.8769953,-122.1799576,https://us.non.world/pages/store-locator,2026-08-31T20:04:52.271834+00:00,,,,,,,,
NON,2611553984,SU'JUK,"216 Greene Avenue, New York, New York 11238",BROOKLYN,US,Clothing Store,40.6868498,-73.9627422,https://us.non.world/pages/store-locator,2026-08-31T20:04:52.271834+00:00,+1-914-573-7545,,https://www.sujukbk.com,openstreetmap,,Tu-Su 12:00-19:00,,
NON,2611647423,PULLMAN MARKET,"SAN ANTONIO, US",SAN ANTONIO,US,Grocery Store,29.4413279,-98.48073099999999,https://us.non.world/pages/store-locator,2026-08-31T20:04:52.271834+00:00,,,,,,,,
NON,2611623340,ALTADENA BEVERAGE,"PASADENA, US",PASADENA,US,Liquor Store,34.1778792,-118.1119513,https://us.non.world/pages/store-locator,2026-08-31T20:04:52.271834+00:00,,,,,,,,
NON,2611608659,BINNYS BEVERAGE DEPOT #45,"VERNON HILLS, US",VERNON HILLS,US,Liquor Store,42.2417471,-87.9566181,https://us.non.world/pages/store-locator,2026-08-31T20:04:52.271834+00:00,,,,,,,,
NON,2611608783,BINNYS BEVERAGE DEPOT #40,"JOLIET, US",JOLIET,US,Liquor Store,41.5773146,-88.161694,https://us.non.world/pages/store-locator,2026-08-31T20:04:52.271834+00:00,,,,,,,,
NON,2611523770,BINNYS BEVERAGE DEPOT #41,"CRYSTAL LAKE, US",CRYSTAL LAKE,US,Liquor Store,42.2270373,-88.3032192,https://us.non.world/pages/store-locator,2026-08-31T20:04:52.271834+00:00,,,,,,,,
NON,2611524014,FRENCH LAUNDRY,"YOUNTVILLE, US",YOUNTVILLE,US,Fine Dining Restaurant,38.404456,-122.3648605,https://us.non.world/pages/store-locator,2026-08-31T20:04:52.271834+00:00,,,,,,,,
NON,2611608663,WINE ON PIEDMONT,"OAKLAND, US",OAKLAND,US,Liquor Store,37.8274995,-122.2512615,https://us.non.world/pages/store-locator,2026-08-31T20:04:52.271834+00:00,,,,,,,,
NON,2611523772,BORN AND RAISED,"SAN DIEGO, US",SAN DIEGO,US,Steak House,32.7246734,-117.1684101,https://us.non.world/pages/store-locator,2026-08-31T20:04:52.271834+00:00,,,,,,,,
NON,2611647318,PORTERHOUSE,"EL SEGUNDO, US",EL SEGUNDO,US,Steak House,33.918599,-118.4174417,https://us.non.world/pages/store-locator,2026-08-31T20:04:52.271834+00:00,,,,,,,,
NON,2611623342,MORE OR LESS NA BOTTLES AND BEER,"GRAND RAPIDS, US",GRAND RAPIDS,US,Clothing Store,42.984741,-85.6790711,https://us.non.world/pages/store-locator,2026-08-31T20:04:52.271834+00:00,,,,,,,,
NON,2611608794,BURDEN OF PROOF,"SOUTH PASADENA, US",SOUTH PASADENA,US,Store,34.1159569,-118.1565473,https://us.non.world/pages/store-locator,2026-08-31T20:04:52.271834+00:00,,,,,,,,
NON,2611608795,Clear Flour Bread,"BROOKLINE, US",BROOKLINE,US,Bakery,42.3500317,-71.12612159999999,https://us.non.world/pages/store-locator,2026-08-31T20:04:52.271834+00:00,,,,,,,,
NON,2611647257,LUMA HOTEL,"SAN FRANCISCO, US",SAN FRANCISCO,US,Hotel,37.7748432,-122.3903227,https://us.non.world/pages/store-locator,2026-08-31T20:04:52.271834+00:00,,,,,,,,
NON,2611647428,LA MAMA,"SANTA FE, US",SANTA FE,US,Wine Bar,35.6884069,-105.9340748,https://us.non.world/pages/store-locator,2026-08-31T20:04:52.271834+00:00,,,,,,,,
NON,2611608738,In Good Spirits,"CHICAGO, US",CHICAGO,US,Market,41.8977867,-87.66767019999999,https://us.non.world/pages/store-locator,2026-08-31T20:04:52.271834+00:00,,,,,,,,
NON,2611647323,FARMSTEAD CHEESES & WINES,"ALAMEDA, US",ALAMEDA,US,Liquor Store,37.7677375,-122.2394426,https://us.non.world/pages/store-locator,2026-08-31T20:04:52.271834+00:00,,,,,,,,
NON,2611647429,LOLINDA,"SAN FRANCISCO, US",SAN FRANCISCO,US,Restaurant,37.7566658,-122.419113,https://us.non.world/pages/store-locator,2026-08-31T20:04:52.271834+00:00,,,,,,,,
NON,2611524005,NOLO,"ASHEVILLE, US",ASHEVILLE,US,Art Gallery,35.575914,-82.56601359999999,https://us.non.world/pages/store-locator,2026-08-31T20:04:52.271834+00:00,,,,,,,,
NON,2611608854,MAIDSTONE ARMS,"207 Main St, East Hampton, NY 11937",East Hampton,US,Hotel,40.9553817,-72.1940458,https://us.non.world/pages/store-locator,2026-08-31T20:04:52.271834+00:00,(631) 324-5006,,,,,,NY,
NON,2611608841,KABINETT PDX,"PORTLAND, US",PORTLAND,US,Furniture Store,45.5178449,-122.663404,https://us.non.world/pages/store-locator,2026-08-31T20:04:52.271834+00:00,,,,,,,,
NON,2611608855,ROEYS,"59 Greenwich Avenue, New York, New York 10014",NEW YORK,US,Pizza Restaurant,40.7359857,-74.00098919999999,https://us.non.world/pages/store-locator,2026-08-31T20:04:52.271834+00:00,,,,,,,,
NON,2611597045,BIRBA,"PALM SPRINGS, US",PALM SPRINGS,US,Italian Restaurant,33.8322979,-116.5459636,https://us.non.world/pages/store-locator,2026-08-31T20:04:52.271834+00:00,,,,,,,,
NON,2611597082,DESIERTO ALTO,"YUCCA VALLEY, US",YUCCA VALLEY,US,Liquor Store,34.1222002,-116.4156543,https://us.non.world/pages/store-locator,2026-08-31T20:04:52.271834+00:00,,,,,,,,
NON,2611597059,Substrate,"CHARLOTTE, US",CHARLOTTE,US,Wine Bar,35.2328246,-80.82557729999999,https://us.non.world/pages/store-locator,2026-08-31T20:04:52.271834+00:00,,,,,,,,
NON,2611597060,BROOME ST. GENERAL STORE,"LOS ANGELES, US",LOS ANGELES,US,Cafe,34.1081734,-118.2685682,https://us.non.world/pages/store-locator,2026-08-31T20:04:52.271834+00:00,,,,,,,,
NON,2611554382,BLUE NOTE JAZZ CLUB,"131 West 3rd Street, New York, New York 10012",NEW YORK,US,Live Music Venue,40.7309083,-74.0006557,https://us.non.world/pages/store-locator,2026-08-31T20:04:52.271834+00:00,+1 212-475-8592,,https://www.bluenotejazz.com/nyc/,openstreetmap,,Mo-Sa 18:00-00:00; Su 11:30-00:00,,
NON,2611554360,LES PETITES CANAILLES,"PASO ROBLES, US",PASO ROBLES,US,Restaurant,35.6270014,-120.691721,https://us.non.world/pages/store-locator,2026-08-31T20:04:52.271834+00:00,,,,,,,,
NON,2611558149,MOLLIE STONES MARKET #8,"SAN FRANCISCO, US",SAN FRANCISCO,US,Grocery Store,37.7606086,-122.4363285,https://us.non.world/pages/store-locator,2026-08-31T20:04:52.271834+00:00,,,,,,,,
NON,2611554015,OAKMONT COUNTRY CLUB,"GLENDALE, US",GLENDALE,US,Association / Organization,34.1935339,-118.2340917,https://us.non.world/pages/store-locator,2026-08-31T20:04:52.271834+00:00,,,,,,,,
NON,2611558068,KIKO,"307 Spring Street, New York, New York 10013",NEW YORK,US,Asian Restaurant,40.72615709999999,-74.0084507,https://us.non.world/pages/store-locator,2026-08-31T20:04:52.271834+00:00,,,,,,,,
NON,2611558150,THE TOWN CELLAR,"1089 Boston Post Rd, Darien, CT 06820",Darien,US,Liquor Store,41.074585,-73.4732031,https://us.non.world/pages/store-locator,2026-08-31T20:04:52.271834+00:00,(203) 655-1031,,,,,,CT,
NON,2611554488,BINNYS BEVERAGE DEPOT #19,"CHICAGO, US",CHICAGO,US,Liquor Store,41.88325,-87.6323879,https://us.non.world/pages/store-locator,2026-08-31T20:04:52.271834+00:00,,,,,,,,
NON,2611597324,LAUBERGE CARMEL,"CARMEL, US",CARMEL,US,Hotel,36.5537781,-121.9244154,https://us.non.world/pages/store-locator,2026-08-31T20:04:52.271834+00:00,,,,,,,,
NON,2611608891,MILL VALLEY PASTA CO.,"SAN RAFAEL, US",SAN RAFAEL,US,Food Store,37.9666029,-122.5149091,https://us.non.world/pages/store-locator,2026-08-31T20:04:52.271834+00:00,,,,,,,,
NON,2611608892,GUSS COMMUNITY MARKET,"SAN FRANCISCO, US",SAN FRANCISCO,US,Supermarket,37.7639786,-122.4126587,https://us.non.world/pages/store-locator,2026-08-31T20:04:52.271834+00:00,,,,,,,,
NON,2611647431,BUZZ FREE,"679 5th Avenue, New York, New York 11215",BROOKLYN,US,Convenience Store,40.6615838,-73.9928438,https://us.non.world/pages/store-locator,2026-08-31T20:04:52.271834+00:00,+1-718-888-9330,,,openstreetmap,,Mo-Su 12:00-21:00,,
NON,2611647310,GEMINI BOTTLE CO,"SAN FRANCISCO, US",SAN FRANCISCO,US,Liquor Store,37.7557711,-122.4105062,https://us.non.world/pages/store-locator,2026-08-31T20:04:52.271834+00:00,,,,,,,,
NON,2611558486,FOOD GARDEN MARKET,"608 Franklin Avenue, New York, New York 11228",BROOKLYN,US,Supermarket,40.6773919,-73.9557152,https://us.non.world/pages/store-locator,2026-08-31T20:04:52.271834+00:00,+1-718-399-1529,,https://foodgardenmarket.com,openstreetmap,,Mo-Su 08:00-21:00,,
NON,2611558154,La Tienda Tapas Bar,"1329 Jamestown Road, Kingswood, Virginia 23185",WILLIAMSBURG,US,Spanish Restaurant,37.2514223,-76.7348789,https://us.non.world/pages/store-locator,2026-08-31T20:04:52.271834+00:00,,,,,,,,
NON,2611554774,FISH CREEK MARKET,"FISH CREEK, US",FISH CREEK,US,General Store,45.1279391,-87.2460789,https://us.non.world/pages/store-locator,2026-08-31T20:04:52.271834+00:00,,,,,,,,
NON,2611554262,ADOLPHUS HOTEL,"DALLAS, US",DALLAS,US,Hotel,32.7800411,-96.79972819999999,https://us.non.world/pages/store-locator,2026-08-31T20:04:52.271834+00:00,,,,,,,,
NON,2611597047,Windie's,"WESTERLY, US",WESTERLY,US,Home Goods Store,41.3796687,-71.82946249999999,https://us.non.world/pages/store-locator,2026-08-31T20:04:52.271834+00:00,,,,,,,,
NON,2611558590,Bar Palmina,"PHILADELPHIA, US",PHILADELPHIA,US,Cocktail Bar,39.9706522,-75.1359968,https://us.non.world/pages/store-locator,2026-08-31T20:04:52.271834+00:00,,,,,,,,
NON,2611558070,CAFE PRINCE,"DETROIT, US",DETROIT,US,Coffee Shop,42.3488128,-83.08846919999999,https://us.non.world/pages/store-locator,2026-08-31T20:04:52.271834+00:00,,,,,,,,
NON,2611597569,COMMUNAL COFFEE,"SAN DIEGO, US",SAN DIEGO,US,Coffee Shop,32.7481203,-117.1392974,https://us.non.world/pages/store-locator,2026-08-31T20:04:52.271834+00:00,,,,,,,,
NON,2611608852,CHOTTO MATTE,"SAN FRANCISCO, US",SAN FRANCISCO,US,Japanese Restaurant,37.78698079999999,-122.4058556,https://us.non.world/pages/store-locator,2026-08-31T20:04:52.271834+00:00,,,,,,,,
NON,2611524028,HARRIS STEAK HOUSE,"SAN FRANCISCO, US",SAN FRANCISCO,US,Steak House,37.7950668,-122.4229237,https://us.non.world/pages/store-locator,2026-08-31T20:04:52.271834+00:00,,,,,,,,
NON,2611523814,POPINA,"127 Columbia Street, New York, New York 11231",BROOKLYN,US,Italian Restaurant,40.6873304,-74.0013854,https://us.non.world/pages/store-locator,2026-08-31T20:04:52.271834+00:00,+1-718-222-1901,,https://www.popinanyc.com,openstreetmap,,"We-Fr 17:30-22:00; Sa 11:00-15:00,17:30-22:00; Su 11:00-15:00,17:30-21:00",,
NON,2611609502,URDANETA,"PORTLAND, US",PORTLAND,US,Restaurant,45.5591949,-122.6340464,https://us.non.world/pages/store-locator,2026-08-31T20:04:52.271834+00:00,,,,,,,,
NON,2611524081,OMO MERCADO,"UPLAND, US",UPLAND,US,Wine Bar,34.0999493,-117.6474708,https://us.non.world/pages/store-locator,2026-08-31T20:04:52.271834+00:00,,,,,,,,
NON,2611647835,Radius Butcher & Grocery,"AUSTIN, US",AUSTIN,US,Grocery Store,30.2626447,-97.72098299999999,https://us.non.world/pages/store-locator,2026-08-31T20:04:52.271834+00:00,,,,,,,,
NON,2611523815,SIX TEST KITCHEN #1171907,"PASO ROBLES, US",PASO ROBLES,US,Restaurant,35.5754917,-120.6897664,https://us.non.world/pages/store-locator,2026-08-31T20:04:52.271834+00:00,,,,,,,,
NON,2611523844,HOTEL ON RIVINGTON,"107 Rivington Street, New York, New York 10002",NEW YORK,US,Hotel,40.7198307,-73.9880586,https://us.non.world/pages/store-locator,2026-08-31T20:04:52.271834+00:00,+1-212-475-2600,,https://www.hotelonrivington.com/,openstreetmap,,,,
NON,2611608881,SOHO GRAND HOTEL,"389 Canal Street, New York, New York 10013",NEW YORK,US,Hotel,40.7221457,-74.0046268,https://us.non.world/pages/store-locator,2026-08-31T20:04:52.271834+00:00,+1-212-965-3000,,https://www.sohogrand.com/,openstreetmap,,,,
NON,2611647964,LA SIRENA,"EPHRAIM, US",EPHRAIM,US,Mexican Restaurant,45.1562038,-87.1708829,https://us.non.world/pages/store-locator,2026-08-31T20:04:52.271834+00:00,,,,,,,,
NON,2611597847,Toad General Store,"LOS ANGELES, US",LOS ANGELES,US,General Store,34.1034919,-118.2431171,https://us.non.world/pages/store-locator,2026-08-31T20:04:52.271834+00:00,,,,,,,,
NON,2611554252,FRIENDS ONLY,"SAN FRANCISCO, US",SAN FRANCISCO,US,Japanese Restaurant,37.7906199,-122.4191571,https://us.non.world/pages/store-locator,2026-08-31T20:04:52.271834+00:00,,,,,,,,
NON,2611554805,FLOR WINES,"PORTLAND, US",PORTLAND,US,Liquor Store,45.5267345,-122.6798654,https://us.non.world/pages/store-locator,2026-08-31T20:04:52.271834+00:00,,,,,,,,
NON,2611597850,PRESS SHOP,"ATLANTA, US",ATLANTA,US,Gift Shop,33.7369896,-84.3853591,https://us.non.world/pages/store-locator,2026-08-31T20:04:52.271834+00:00,,,,,,,,
NON,2611597373,NITECAP,"SAN FRANCISCO, US",SAN FRANCISCO,US,Bar,37.7852778,-122.4161111,https://us.non.world/pages/store-locator,2026-08-31T20:04:52.271834+00:00,,,,,,,,
NON,2611597853,ANGLER,"SAN FRANCISCO, US",SAN FRANCISCO,US,Restaurant,37.7929662,-122.3923472,https://us.non.world/pages/store-locator,2026-08-31T20:04:52.271834+00:00,,,,,,,,
NON,2611554491,THE TREASURY,"SAN FRANCISCO, US",SAN FRANCISCO,US,Cocktail Bar,37.7912642,-122.4010421,https://us.non.world/pages/store-locator,2026-08-31T20:04:52.271834+00:00,,,,,,,,
NON,2611554492,ELVIRA,"SAN DIEGO, US",SAN DIEGO,US,Italian Restaurant,32.7530639,-117.2451683,https://us.non.world/pages/store-locator,2026-08-31T20:04:52.271834+00:00,,,,,,,,
NON,2611554812,DECANT SF,"SAN FRANCISCO, US",SAN FRANCISCO,US,Wine Bar,37.7757635,-122.4096278,https://us.non.world/pages/store-locator,2026-08-31T20:04:52.271834+00:00,,,,,,,,
NON,2611597779,SUSHI NOZ,"181 East 78th Street, New York, New York 10075",NEW YORK,US,Sushi Restaurant,40.7738786,-73.95812649999999,https://us.non.world/pages/store-locator,2026-08-31T20:04:52.271834+00:00,+1 917-338-1792,,https://www.sushinoz.com/,openstreetmap,,,,
NON,2611558161,HOTEL WILLA,"TAOS, US",TAOS,US,Hotel,36.4029892,-105.5743259,https://us.non.world/pages/store-locator,2026-08-31T20:04:52.271834+00:00,,,,,,,,
NON,2611524083,ILILI,"240 5th Avenue, New York, New York 10001",NEW YORK,US,Lebanese Restaurant,40.7444147,-73.98791949999999,https://us.non.world/pages/store-locator,2026-08-31T20:04:52.271834+00:00,+1 212-683-2929,,https://www.ililirestaurants.com/location/ilili-nomad/,openstreetmap,,,,
NON,2611647470,DARIOUSH WINERY,"NAPA, US",NAPA,US,Winery,38.3676242,-122.2944348,https://us.non.world/pages/store-locator,2026-08-31T20:04:52.271834+00:00,,,,,,,,
NON,2611524084,MONTECITO VILLAGE GROCERY,"SANTA BARBARA, US",SANTA BARBARA,US,Grocery Store,34.4373095,-119.6330285,https://us.non.world/pages/store-locator,2026-08-31T20:04:52.271834+00:00,,,,,,,,
NON,2611554889,MOLLIE STONES MARKET,"SAN FRANCISCO, US",SAN FRANCISCO,US,Grocery Store,37.7885472,-122.434559,https://us.non.world/pages/store-locator,2026-08-31T20:04:52.271834+00:00,,,,,,,,
NON,2611558606,GRAPES & GRAINS,"PASO ROBLES, US",PASO ROBLES,US,Liquor Store,35.6275113,-120.6911194,https://us.non.world/pages/store-locator,2026-08-31T20:04:52.271834+00:00,,,,,,,,
NON,2611558277,SAN DIEGO MISSION BAY RESORT,"SAN DIEGO, US",SAN DIEGO,US,Resort hotel,32.77946740000001,-117.2110196,https://us.non.world/pages/store-locator,2026-08-31T20:04:52.271834+00:00,,,,,,,,
NON,2611554260,NICO #1097735,"SAN FRANCISCO, US",SAN FRANCISCO,US,Cafe,37.7958011,-122.4031672,https://us.non.world/pages/store-locator,2026-08-31T20:04:52.271834+00:00,,,,,,,,
NON,2611558407,VINTAGE GROCERS,"MALIBU, US",MALIBU,US,Grocery Store,34.0316991,-118.8427711,https://us.non.world/pages/store-locator,2026-08-31T20:04:52.271834+00:00,,,,,,,,
NON,2611558278,NIGHTBIRD,"SAN FRANCISCO, US",SAN FRANCISCO,US,Fine Dining Restaurant,37.7765222,-122.4228064,https://us.non.world/pages/store-locator,2026-08-31T20:04:52.271834+00:00,,,,,,,,
NON,2611558608,VINES & PINTS,"GILROY, US",GILROY,US,Wine Bar,37.0085281,-121.5698454,https://us.non.world/pages/store-locator,2026-08-31T20:04:52.271834+00:00,,,,,,,,
NON,2611597134,LOVE EATS,"10 Amagansett Square Unit B, Amagansett, NY 11930",Amagansett,US,Grocery Store,40.9736649,-72.1417254,https://us.non.world/pages/store-locator,2026-08-31T20:04:52.271834+00:00,(631) 557-3038,,,,,,NY,
NON,2611647970,ILIS,"148 Green Street, New York, New York 11222",BROOKLYN,US,Restaurant,40.7334873,-73.9555292,https://us.non.world/pages/store-locator,2026-08-31T20:04:52.271834+00:00,,,,,,,,
NON,2611648006,FOX POINT GROCERS,"PROVIDENCE, US",PROVIDENCE,US,Grocery Store,41.8221567,-71.3964902,https://us.non.world/pages/store-locator,2026-08-31T20:04:52.271834+00:00,,,,,,,,
NON,2611608815,CURATED WINES,"LOS ANGELES, US",LOS ANGELES,US,Liquor Store,34.0777484,-118.3443299,https://us.non.world/pages/store-locator,2026-08-31T20:04:52.271834+00:00,,,,,,,,
NON,2611524160,SOMM TIME,"254 Broome Street, New York, New York 10002",NEW YORK,US,Bar,40.7182222,-73.9899234,https://us.non.world/pages/store-locator,2026-08-31T20:04:52.271834+00:00,,,,,,,,
NON,2611554399,WINE TIME,"CHICO, US",CHICO,US,Restaurant,39.7704689,-121.8767727,https://us.non.world/pages/store-locator,2026-08-31T20:04:52.271834+00:00,,,,,,,,
NON,2611554400,MAIN STREET FARM,"36 Main St Unit B & C, Livingston Manor, NY 12758",Livingston Manor,US,Cafe,41.9014051,-74.8271601,https://us.non.world/pages/store-locator,2026-08-31T20:04:52.271834+00:00,(845) 439-4309,,https://mainstreetfarm.com,,,,NY,
NON,2611597136,JEWEL OSCO #3441,"Chicago, US",Chicago,US,Grocery Store,41.9353042,-87.6702904,https://us.non.world/pages/store-locator,2026-08-31T20:04:52.271834+00:00,,,,,,,,
NON,2611558668,JOEY THE CAT,"SAN FRANCISCO, US",SAN FRANCISCO,US,Event Venue,37.7605825,-122.4161302,https://us.non.world/pages/store-locator,2026-08-31T20:04:52.271834+00:00,,,,,,,,
NON,2611648012,THE OMA,"1705 Amsterdam Avenue, New York, New York 10031",NEW YORK,US,Cafe,40.8248268,-73.947712,https://us.non.world/pages/store-locator,2026-08-31T20:04:52.271834+00:00,,,,,,,,
NON,2611554589,HEALTHY SPIRITS VALENCIA,"SAN FRANCISCO, US",SAN FRANCISCO,US,Liquor Store,37.7680341,-122.4223734,https://us.non.world/pages/store-locator,2026-08-31T20:04:52.271834+00:00,,,,,,,,
NON,2611558265,ETTAN,"PALO ALTO, US",PALO ALTO,US,Indian Restaurant,37.4453864,-122.16136,https://us.non.world/pages/store-locator,2026-08-31T20:04:52.271834+00:00,,,,,,,,
NON,2611597705,CESARINA,"SAN DIEGO, US",SAN DIEGO,US,Restaurant,32.7432361,-117.2345875,https://us.non.world/pages/store-locator,2026-08-31T20:04:52.271834+00:00,,,,,,,,
NON,2611558462,REFRAME: A DRY SPOT,"Mobile bar — Willimantic, CT",Willimantic,US,Mobile Bar,41.713125,-72.217885,https://us.non.world/pages/store-locator,2026-08-31T20:04:52.271834+00:00,,@reframedryspot.com,https://www.reframedryspot.com/,,,,CT,Frances — non-alcoholic mobile bar
NON,2611597238,KORAKIA PENSIONE,"PALM SPRINGS, US",PALM SPRINGS,US,Hotel,33.8201777,-116.5515641,https://us.non.world/pages/store-locator,2026-08-31T20:04:52.271834+00:00,,,,,,,,
NON,2611597394,JEWEL OSCO #1256,"Algonquin, US",Algonquin,US,Grocery Store,42.1746749,-88.33288859999999,https://us.non.world/pages/store-locator,2026-08-31T20:04:52.271834+00:00,,,,,,,,
NON,2611554684,ST FRANCIS YACHT CLUB,"SAN FRANCISCO, US",SAN FRANCISCO,US,Marina,37.8073437,-122.4462319,https://us.non.world/pages/store-locator,2026-08-31T20:04:52.271834+00:00,,,,,,,,
NON,2611558402,VINO!,"OAKLAND, US",OAKLAND,US,Liquor Store,37.8506799,-122.2525605,https://us.non.world/pages/store-locator,2026-08-31T20:04:52.271834+00:00,,,,,,,,
NON,2611608979,GRASS ROOTS NATURAL FOODS,"SOUTH LAKE TAHOE, US",SOUTH LAKE TAHOE,US,Grocery Store,38.9142195,-120.0036853,https://us.non.world/pages/store-locator,2026-08-31T20:04:52.271834+00:00,,,,,,,,
NON,2611609067,JEWEL OSCO #3345,"CHICAGO, US",CHICAGO,US,Grocery Store,41.8662066,-87.6262093,https://us.non.world/pages/store-locator,2026-08-31T20:04:52.271834+00:00,,,,,,,,
NON,2611648033,MADAME CLAUDE WINE,"235 Pavonia Avenue, Jersey City, New Jersey 07302",JERSEY CITY,US,Liquor Store,40.7276626,-74.0437656,https://us.non.world/pages/store-locator,2026-08-31T20:04:52.271834+00:00,,,,,,,,
NON,2611608945,LAFAYETTE HOTEL & SUITES,"SAN DIEGO, US",SAN DIEGO,US,Hotel,32.754849,-117.140722,https://us.non.world/pages/store-locator,2026-08-31T20:04:52.271834+00:00,,,,,,,,
NON,2611648100,MOLLIE STONES MARKET #1,"SAUSALITO, US",SAUSALITO,US,Grocery Store,37.8666279,-122.4995632,https://us.non.world/pages/store-locator,2026-08-31T20:04:52.271834+00:00,,,,,,,,
NON,2611608947,TAO,"LAS VEGAS, US",LAS VEGAS,US,Restaurant,36.1221671,-115.1689528,https://us.non.world/pages/store-locator,2026-08-31T20:04:52.271834+00:00,,,,,,,,
NON,2611608982,MOON + ARROW,"PHILADELPHIA, US",PHILADELPHIA,US,Clothing Store,39.9394268,-75.1498737,https://us.non.world/pages/store-locator,2026-08-31T20:04:52.271834+00:00,,,,,,,,
NON,2611608983,NEW LEAF COMMUNITY MARKET,"SANTA CRUZ, US",SANTA CRUZ,US,Grocery Store,36.9591044,-122.046396,https://us.non.world/pages/store-locator,2026-08-31T20:04:52.271834+00:00,,,,,,,,
NON,2611608951,SALT SHED,"CHICAGO, US",CHICAGO,US,Live Music Venue,41.9069189,-87.659622,https://us.non.world/pages/store-locator,2026-08-31T20:04:52.271834+00:00,,,,,,,,
NON,2611647498,LAKESHORE SPORTS & FITNESS,"CHICAGO, US",CHICAGO,US,Gym,41.9257582,-87.6616561,https://us.non.world/pages/store-locator,2026-08-31T20:04:52.271834+00:00,,,,,,,,
NON,2611609174,NIN HAO,"610 Dean Street, New York, New York 11238",BROOKLYN,US,Chinese Restaurant,40.6807263,-73.969695,https://us.non.world/pages/store-locator,2026-08-31T20:04:52.271834+00:00,,,,,,,,
NON,2611558392,GRANOR FARM,"THREE OAKS, US",THREE OAKS,US,Food Store,41.8414587,-86.5371716,https://us.non.world/pages/store-locator,2026-08-31T20:04:52.271834+00:00,,,,,,,,
NON,2611558824,BIRNAM WOOD GOLF CLUB,"SANTA BARBARA, US",SANTA BARBARA,US,Sports Club,34.4313767,-119.6144181,https://us.non.world/pages/store-locator,2026-08-31T20:04:52.271834+00:00,,,,,,,,
NON,2611524305,CLAUDETTE,"West 9th Street, New York, New York 10014",NEW YORK,US,French Restaurant,40.7332403,-73.9962714,https://us.non.world/pages/store-locator,2026-08-31T20:04:52.271834+00:00,+1 212 868 2424,,https://www.claudettenyc.com/,openstreetmap,,,,
NON,2611597557,THE BRONZE OWL,"49 West 32nd Street, New York, New York 10001",NEW YORK,US,Cocktail Bar,40.7483617,-73.987805,https://us.non.world/pages/store-locator,2026-08-31T20:04:52.271834+00:00,,,,,,,,
NON,2611609074,Itria Restaurant,"SAN FRANCISCO, US",SAN FRANCISCO,US,Italian Restaurant,37.7523967,-122.4178135,https://us.non.world/pages/store-locator,2026-08-31T20:04:52.271834+00:00,,,,,,,,
NON,2611648122,AZIZA,"SAN FRANCISCO, US",SAN FRANCISCO,US,Moroccan Restaurant,37.7805498,-122.4817285,https://us.non.world/pages/store-locator,2026-08-31T20:04:52.271834+00:00,,,,,,,,
NON,2611524413,ALTADENA BEVERAGE AND MARKET,"PASADENA, US",PASADENA,US,Liquor Store,34.1778792,-118.1119513,https://us.non.world/pages/store-locator,2026-08-31T20:04:52.271834+00:00,,,,,,,,
NON,2623057455,Daughter in Law,"Melbourne, AU",Melbourne,AU,Restaurant,-37.8107472,144.9715325,https://us.non.world/pages/store-locator,2026-08-31T20:04:52.271834+00:00,,,,,,,,
NON,2623057764,Lakes Resort,"West Lakes, AU",West Lakes,AU,Hotel,-34.8799901,138.4890073,https://us.non.world/pages/store-locator,2026-08-31T20:04:52.271834+00:00,,,,,,,,
NON,2622981371,Nour,"490 Crown Street, AU",490 Crown Street,AU,Middle Eastern Restaurant,-33.8867209,151.2138665,https://us.non.world/pages/store-locator,2026-08-31T20:04:52.271834+00:00,,,,,,,,
NON,2623057655,Camperdown Cellars Neutral Bay,"Neutral Bay, AU",Neutral Bay,AU,Liquor Store,-33.8388866,151.2136594,https://us.non.world/pages/store-locator,2026-08-31T20:04:52.271834+00:00,,,,,,,,
NON,2623473734,Sunnys Pizza,"Adelaide, AU",Adelaide,AU,Restaurant,-34.9240622,138.5960258,https://us.non.world/pages/store-locator,2026-08-31T20:04:52.271834+00:00,,,,,,,,
NON,2623473678,Polperro Winery,"Red Hill, AU",Red Hill,AU,Winery,-38.3708362,145.0384308,https://us.non.world/pages/store-locator,2026-08-31T20:04:52.271834+00:00,,,,,,,,
NON,2623449226,Daylesford Hotel,"Daylesford, AU",Daylesford,AU,Pub,-37.3413574,144.143497,https://us.non.world/pages/store-locator,2026-08-31T20:04:52.271834+00:00,,,,,,,,
NON,2623473811,98 Lygon Street Bar and Bistro,"Brunswick East, AU",Brunswick East,AU,Restaurant,-37.7755198,144.9711657,https://us.non.world/pages/store-locator,2026-08-31T20:04:52.271834+00:00,,,,,,,,
NON,2623474804,Lennys Wine Room,"Richmond, AU",Richmond,AU,Wine Bar,-37.8246332,144.9937264,https://us.non.world/pages/store-locator,2026-08-31T20:04:52.271834+00:00,,,,,,,,
NON,2623473813,Al Dente Enoteca Restaurant,"Carlton, AU",Carlton,AU,Italian Restaurant,-37.7964315,144.9749449,https://us.non.world/pages/store-locator,2026-08-31T20:04:52.271834+00:00,,,,,,,,
NON,2623474581,Barrel and Batch Alexandria,"Alexandria, AU",Alexandria,AU,Liquor Store,-33.9105451,151.1975633,https://us.non.world/pages/store-locator,2026-08-31T20:04:52.271834+00:00,,,,,,,,
NON,2623449309,Cibaria at Manly Pacific,"Manly, AU",Manly,AU,Italian Restaurant,-33.7955255,151.2869838,https://us.non.world/pages/store-locator,2026-08-31T20:04:52.271834+00:00,,,,,,,,
NON,2623543769,Howling Owl and Rhino Room,"Adelaide, AU",Adelaide,AU,Bar,-34.92211,138.608944,https://us.non.world/pages/store-locator,2026-08-31T20:04:52.271834+00:00,,,,,,,,
NON,2623531623,Hills Wine Bar,"Surrey Hills, AU",Surrey Hills,AU,Wine Bar,-37.8235794,145.0979597,https://us.non.world/pages/store-locator,2026-08-31T20:04:52.271834+00:00,,,,,,,,
NON,2623544205,Bessies Resturant and Almas Bar,Surry Hills,Surry Hills,,Mediterranean Restaurant,-33.8834095,151.2125193,https://us.non.world/pages/store-locator,2026-08-31T20:04:52.271834+00:00,,,,,,,,
NON,2623474807,Mount Erica Hotel,"Prahran, AU",Prahran,AU,Pub,-37.8532732,145.0027526,https://us.non.world/pages/store-locator,2026-08-31T20:04:52.271834+00:00,,,,,,,,
NON,2623474624,Elios Place,"Melbourne, AU",Melbourne,AU,Bistro,-37.8165594,144.9660795,https://us.non.world/pages/store-locator,2026-08-31T20:04:52.271834+00:00,,,,,,,,
NON,2623473673,18th Amendment Bar,"Geelong, AU",Geelong,AU,Bar,-38.14805339999999,144.3590657,https://us.non.world/pages/store-locator,2026-08-31T20:04:52.271834+00:00,,,,,,,,
NON,2623489264,Serai Kitchen,"Melbourne, AU",Melbourne,AU,Filipino Restaurant,-37.8137176,144.9615734,https://us.non.world/pages/store-locator,2026-08-31T20:04:52.271834+00:00,,,,,,,,
NON,2623531677,Clover Vin de Cave Wine Bar,"Richmond, AU",Richmond,AU,Restaurant,-37.8256388,144.9985989,https://us.non.world/pages/store-locator,2026-08-31T20:04:52.271834+00:00,,,,,,,,
NON,2623531606,Everyday Lover,"Trinity Park, AU",Trinity Park,AU,Restaurant,-16.8124902,145.7006899,https://us.non.world/pages/store-locator,2026-08-31T20:04:52.271834+00:00,,,,,,,,
NON,2623473901,City Oltra,"1 Eddy Avenue, AU",1 Eddy Avenue,AU,Pizza Restaurant,-33.8823999,151.2067788,https://us.non.world/pages/store-locator,2026-08-31T20:04:52.271834+00:00,,,,,,,,
NON,2623488862,Embla,"Melbourne, AU",Melbourne,AU,Wine Bar,-37.813394,144.9686092,https://us.non.world/pages/store-locator,2026-08-31T20:04:52.271834+00:00,,,,,,,,
NON,2623531607,Continental Delicatessen Bar and Bistro,"Newtown, AU",Newtown,AU,Restaurant,-33.8963062,151.1784181,https://us.non.world/pages/store-locator,2026-08-31T20:04:52.271834+00:00,,,,,,,,
NON,2623531653,Beechmont Estate,"Beechmont, AU",Beechmont,AU,Hotel,-28.1604194,153.1945421,https://us.non.world/pages/store-locator,2026-08-31T20:04:52.271834+00:00,,,,,,,,
NON,2623473913,Napier Hotel,"Fitzroy, AU",Fitzroy,AU,Pub,-37.8016926,144.9803954,https://us.non.world/pages/store-locator,2026-08-31T20:04:52.271834+00:00,,,,,,,,
NON,2623453892,Lars Bar and Grill,"Mermaid Beach, AU",Mermaid Beach,AU,Restaurant,-28.059432,153.4385529,https://us.non.world/pages/store-locator,2026-08-31T20:04:52.271834+00:00,,,,,,,,
NON,2623453966,Bounty of the Sun,"Balaclava, AU",Balaclava,AU,Japanese Restaurant,-37.86797809999999,144.9935826,https://us.non.world/pages/store-locator,2026-08-31T20:04:52.271834+00:00,,,,,,,,
NON,2623474661,Ach Wine Bar,"Hamilton, AU",Hamilton,AU,Restaurant,-27.4404353,153.0810604,https://us.non.world/pages/store-locator,2026-08-31T20:04:52.271834+00:00,,,,,,,,
NON,2623453957,Adina Apartment Hotel Pentridge,"Coburg, AU",Coburg,AU,Hotel,-37.7374183,144.9681956,https://us.non.world/pages/store-locator,2026-08-31T20:04:52.271834+00:00,,,,,,,,
NON,2623489458,Revolver Upstairs,"Prahran, AU",Prahran,AU,Association / Organization,-37.8505989,144.9933492,https://us.non.world/pages/store-locator,2026-08-31T20:04:52.271834+00:00,,,,,,,,
NON,2623474677,Wagyu Ya,"South Yarra, AU",South Yarra,AU,Japanese Restaurant,-37.8391198,144.9913839,https://us.non.world/pages/store-locator,2026-08-31T20:04:52.271834+00:00,,,,,,,,
NON,2623453789,Taronga Zoo,"Mosman, AU",Mosman,AU,Zoo,-33.8530418,151.2464275,https://us.non.world/pages/store-locator,2026-08-31T20:04:52.271834+00:00,,,,,,,,
NON,2623489269,Onice,"Mosman, AU",Mosman,AU,Restaurant,-33.831697,151.244593,https://us.non.world/pages/store-locator,2026-08-31T20:04:52.271834+00:00,,,,,,,,
NON,2623453994,Mexicairns,"Cairns, AU",Cairns,AU,Bar,-16.9241899,145.7780389,https://us.non.world/pages/store-locator,2026-08-31T20:04:52.271834+00:00,,,,,,,,
NON,2623453942,Cottage Bar and Kitchen,"Balmain, AU",Balmain,AU,Restaurant,-33.8569269,151.178855,https://us.non.world/pages/store-locator,2026-08-31T20:04:52.271834+00:00,,,,,,,,
NON,2623531768,1 Hotel Melbourne,"Melbourne, AU",Melbourne,AU,Hotel,-37.8229364,144.9502378,https://us.non.world/pages/store-locator,2026-08-31T20:04:52.271834+00:00,,,,,,,,
NON,2623488904,Neighbourhood Cellars,Waverley,Waverley,,Liquor Store,-33.9023478,151.2549874,https://us.non.world/pages/store-locator,2026-08-31T20:04:52.271834+00:00,,,,,,,,
NON,2623453913,Farmers Daughters,"Melbourne, AU",Melbourne,AU,Restaurant,-37.8135003,144.9707349,https://us.non.world/pages/store-locator,2026-08-31T20:04:52.271834+00:00,,,,,,,,
NON,2623531742,Loveshack Brewery,"Castlemaine, AU",Castlemaine,AU,Restaurant,-37.0665617,144.2196149,https://us.non.world/pages/store-locator,2026-08-31T20:04:52.271834+00:00,,,,,,,,
NON,2623489229,Butchers Block Wine and Restaurant,"100 Barangaroo Avenue, AU",100 Barangaroo Avenue,AU,Restaurant,-33.8637378,151.2021782,https://us.non.world/pages/store-locator,2026-08-31T20:04:52.271834+00:00,,,,,,,,
NON,2623531872,Many Little Bar and Dining,"Red Hill South, AU",Red Hill South,AU,Restaurant,-38.3806457,145.0250244,https://us.non.world/pages/store-locator,2026-08-31T20:04:52.271834+00:00,,,,,,,,
NON,2623477599,Ramblin Man Bar and Bottle,"Brunswick East, AU",Brunswick East,AU,Bar,-37.7763929,144.9712841,https://us.non.world/pages/store-locator,2026-08-31T20:04:52.271834+00:00,,,,,,,,
NON,2623454128,La Louisiane,"Adelaide, AU",Adelaide,AU,Restaurant,-34.9248347,138.5993222,https://us.non.world/pages/store-locator,2026-08-31T20:04:52.271834+00:00,,,,,,,,
NON,2623531986,Harley and Rose,"West Footscray, AU",West Footscray,AU,Restaurant,-37.7972477,144.87787,https://us.non.world/pages/store-locator,2026-08-31T20:04:52.271834+00:00,,,,,,,,
NON,2623474988,Morning Star Hotel,"Williamstown, AU",Williamstown,AU,Pub,-37.8643044,144.8990191,https://us.non.world/pages/store-locator,2026-08-31T20:04:52.271834+00:00,,,,,,,,
NON,2623544879,Ormond College,"Parkville, AU",Parkville,AU,College,-37.7928392,144.9608394,https://us.non.world/pages/store-locator,2026-08-31T20:04:52.271834+00:00,,,,,,,,
NON,2623454385,Porters House Hotel,"Sydney, AU",Sydney,AU,Hotel,-33.8743858,151.2088326,https://us.non.world/pages/store-locator,2026-08-31T20:04:52.271834+00:00,,,,,,,,
NON,2623454427,Leonardos Pizza Palace,"Carlton, AU",Carlton,AU,Pizza Restaurant,-37.8011039,144.9686154,https://us.non.world/pages/store-locator,2026-08-31T20:04:52.271834+00:00,,,,,,,,
NON,2623489864,Theatre Bar At The End Of The Wharf,"15 Hickson Road, AU",15 Hickson Road,AU,Bar,-33.8560808,151.2062611,https://us.non.world/pages/store-locator,2026-08-31T20:04:52.271834+00:00,,,,,,,,
NON,2623475174,Navi,"Yarraville, AU",Yarraville,AU,Fine Dining Restaurant,-37.8103123,144.8900804,https://us.non.world/pages/store-locator,2026-08-31T20:04:52.271834+00:00,,,,,,,,
NON,2623545133,Fig Tree KI,"Middle River, AU",Middle River,AU,Restaurant,-35.6698094,137.0730304,https://us.non.world/pages/store-locator,2026-08-31T20:04:52.271834+00:00,,,,,,,,
NON,2623477953,Matteos Pizza Parlour,"Highett, AU",Highett,AU,Italian Restaurant,-37.9485134,145.0424986,https://us.non.world/pages/store-locator,2026-08-31T20:04:52.271834+00:00,,,,,,,,
NON,2623475178,Porcine P and V Wine and Liquor,"Newtown, AU",Newtown,AU,Liquor Store,-33.8988125,151.1760282,https://us.non.world/pages/store-locator,2026-08-31T20:04:52.271834+00:00,,,,,,,,
NON,2623489880,Edinburgh Castle Hotel,"Adelaide, AU",Adelaide,AU,Pub,-34.9250929,138.5894373,https://us.non.world/pages/store-locator,2026-08-31T20:04:52.271834+00:00,,,,,,,,
NON,2623478007,Bills,"Surry Hills, AU",Surry Hills,AU,Australian Restaurant,-33.8841393,151.2140485,https://us.non.world/pages/store-locator,2026-08-31T20:04:52.271834+00:00,,,,,,,,
NON,2623532407,Sanderson Steak And Oysters,"Sydney, AU",Sydney,AU,Restaurant,-33.8654969,151.2070469,https://us.non.world/pages/store-locator,2026-08-31T20:04:52.271834+00:00,,,,,,,,
NON,2623477925,Arkhe,"Norwood, AU",Norwood,AU,Restaurant,-34.9210114,138.633622,https://us.non.world/pages/store-locator,2026-08-31T20:04:52.271834+00:00,,,,,,,,
NON,2623489821,L Hotel Gitan,"Prahran, AU",Prahran,AU,Restaurant,-37.8461214,144.9868829,https://us.non.world/pages/store-locator,2026-08-31T20:04:52.271834+00:00,,,,,,,,
NON,2623545161,Trinket Bar,"Melbourne, AU",Melbourne,AU,Bar,-37.8152624,144.9713399,https://us.non.world/pages/store-locator,2026-08-31T20:04:52.271834+00:00,,,,,,,,
NON,2623454515,Uminono,"Prahran, AU",Prahran,AU,Japanese Restaurant,-37.84900700000001,144.9931646,https://us.non.world/pages/store-locator,2026-08-31T20:04:52.271834+00:00,,,,,,,,
NON,2623545142,Bar 2061,"Kirribilli, AU",Kirribilli,AU,Bar,-33.8472066,151.2130846,https://us.non.world/pages/store-locator,2026-08-31T20:04:52.271834+00:00,,,,,,,,
NON,2623532313,Harvest Kitchen,"Rowland Flat, AU",Rowland Flat,AU,Restaurant,-34.5647262,138.9333882,https://us.non.world/pages/store-locator,2026-08-31T20:04:52.271834+00:00,,,,,,,,
NON,2623478009,Lanes Edge Cafe and Bar,"Melbourne, AU",Melbourne,AU,Wine Bar,-37.8118307,144.9720511,https://us.non.world/pages/store-locator,2026-08-31T20:04:52.271834+00:00,,,,,,,,
NON,2623532165,Nick and Noras,"45 Macquarie Street, AU",45 Macquarie Street,AU,Bar,-33.8153457,151.0012359,https://us.non.world/pages/store-locator,2026-08-31T20:04:52.271834+00:00,,,,,,,,
NON,2623532361,Rupert on Rupert,"Collingwood, AU",Collingwood,AU,Wedding Venue,-37.8062338,144.9889044,https://us.non.world/pages/store-locator,2026-08-31T20:04:52.271834+00:00,,,,,,,,
NON,2623475115,Monica Bistro,"Adelaide, AU",Adelaide,AU,Asian Restaurant,-34.9220419,138.6101259,https://us.non.world/pages/store-locator,2026-08-31T20:04:52.271834+00:00,,,,,,,,
NON,2623478433,Morena Restaurant,"Melbourne, AU",Melbourne,AU,Wine Bar,-37.8132875,144.9706799,https://us.non.world/pages/store-locator,2026-08-31T20:04:52.271834+00:00,,,,,,,,
NON,2623545211,Roccos Bologna Discoteca,"Fitzroy, AU",Fitzroy,AU,Italian Restaurant,-37.8053108,144.9750127,https://us.non.world/pages/store-locator,2026-08-31T20:04:52.271834+00:00,,,,,,,,
NON,2623545305,Jimmy Joans,"Lovedale, AU",Lovedale,AU,Restaurant,-32.737627,151.381988,https://us.non.world/pages/store-locator,2026-08-31T20:04:52.271834+00:00,,,,,,,,
NON,2623545235,Carpenters Ruin,"St Kilda, AU",St Kilda,AU,Pub,-37.8642754,144.9824594,https://us.non.world/pages/store-locator,2026-08-31T20:04:52.271834+00:00,,,,,,,,
NON,2623532506,Milton Park Country Resort,"Bowral, AU",Bowral,AU,Hotel,-34.4990392,150.4823412,https://us.non.world/pages/store-locator,2026-08-31T20:04:52.271834+00:00,,,,,,,,
NON,2623475158,Commons,"Melbourne, AU",Melbourne,AU,Restaurant,-37.84781359999999,144.9814969,https://us.non.world/pages/store-locator,2026-08-31T20:04:52.271834+00:00,,,,,,,,
NON,2623489891,Tarra Restaurant,"1 Wharf Street East, Queenscliff, Victoria 3225",Queenscliff,AU,Restaurant,-38.2657597,144.6722601,https://us.non.world/pages/store-locator,2026-08-31T20:04:52.271834+00:00,,,,,,,,
NON,2623532396,Naru Yakitori,"371 Little Bourke Street, AU",371 Little Bourke Street,AU,Yakitori Restaurant,-37.8136724,144.9617721,https://us.non.world/pages/store-locator,2026-08-31T20:04:52.271834+00:00,,,,,,,,
NON,2623545231,The Rio,"Summer Hill, AU",Summer Hill,AU,Restaurant,-33.8920981,151.1380667,https://us.non.world/pages/store-locator,2026-08-31T20:04:52.271834+00:00,,,,,,,,
NON,2623545205,Toms Liquor Merchants,"St Kilda, AU",St Kilda,AU,Liquor Store,-37.8602109,144.9771641,https://us.non.world/pages/store-locator,2026-08-31T20:04:52.271834+00:00,,,,,,,,
NON,2623532195,Recreation Bistro and Bottleshop,"Fitzroy North, AU",Fitzroy North,AU,Restaurant,-37.7905673,144.9852208,https://us.non.world/pages/store-locator,2026-08-31T20:04:52.271834+00:00,,,,,,,,
NON,2623545256,Kuro Bar and Dining,"Sydney, AU",Sydney,AU,Japanese Restaurant,-33.8703333,151.204963,https://us.non.world/pages/store-locator,2026-08-31T20:04:52.271834+00:00,,,,,,,,
NON,2624684625,Comuna Cantina - Newstead,"Newstead, AU",Newstead,AU,Mexican Restaurant,-27.448668,153.0441517,https://us.non.world/pages/store-locator,2026-08-31T20:04:52.271834+00:00,,,,,,,,
NON,2624954525,BELLS,LOS ALAMOS,LOS ALAMOS,,French Restaurant,34.743891,-120.2793597,https://us.non.world/pages/store-locator,2026-08-31T20:04:52.271834+00:00,,,,,,,,
NON,2624935522,CULINARY PURSUITS,"260 Broadway, New York, New York 10000",N/A,,Educational Institution,40.7127753,-74.0059728,https://us.non.world/pages/store-locator,2026-08-31T20:04:52.271834+00:00,,,,,,,,
NON,2624911843,RUTH LAKE COUNTRY CLUB,HINSDALE,HINSDALE,,Association / Organization,41.7783444,-87.9420584,https://us.non.world/pages/store-locator,2026-08-31T20:04:52.271834+00:00,,,,,,,,
NON,2624865893,GETTY CENTER THE,LOS ANGELES,LOS ANGELES,,Art museum,34.077008,-118.4739782,https://us.non.world/pages/store-locator,2026-08-31T20:04:52.271834+00:00,,,,,,,,
NON,2624912001,SPARROW & WOLF,"Suite 100, US",Suite 100,US,American Restaurant,36.1265479,-115.2012681,https://us.non.world/pages/store-locator,2026-08-31T20:04:52.271834+00:00,,,,,,,,
NON,2624900493,MONTE S,"Santa Barbara, US",Santa Barbara,US,Restaurant,34.4212952,-119.6449739,https://us.non.world/pages/store-locator,2026-08-31T20:04:52.271834+00:00,,,,,,,,
NON,2624923897,BUDDY #0,SAN FRANCISCO,SAN FRANCISCO,,Wine Bar,37.7553929,-122.4171061,https://us.non.world/pages/store-locator,2026-08-31T20:04:52.271834+00:00,,,,,,,,
NON,2624923959,CONVENE,"530 5th Avenue, New York, New York 10176",New York,US,Event Venue,40.7551805,-73.9798802,https://us.non.world/pages/store-locator,2026-08-31T20:04:52.271834+00:00,,,,,,,,
NON,2624954742,MONSIEUR DIOR BY DOMINIQUE CRENN,"Beverly Hills, US",Beverly Hills,US,Restaurant,34.0680934,-118.4023215,https://us.non.world/pages/store-locator,2026-08-31T20:04:52.271834+00:00,,,,,,,,
NON,2624954526,ALILA VENTANA BIG SUR,"Big Sur, US",Big Sur,US,Hotel,36.2294009,-121.7596619,https://us.non.world/pages/store-locator,2026-08-31T20:04:52.271834+00:00,,,,,,,,
NON,2624911743,LEFT DOOR #0,"San Francisco, US",San Francisco,US,Restaurant,37.7975646,-122.4307604,https://us.non.world/pages/store-locator,2026-08-31T20:04:52.271834+00:00,,,,,,,,
NON,2624865789,NISEI,"San Francisco, US",San Francisco,US,Fine Dining Restaurant,37.7981417,-122.4220609,https://us.non.world/pages/store-locator,2026-08-31T20:04:52.271834+00:00,,,,,,,,
NON,2624865897,CONVENE #0,"530 5th Avenue, New York, New York 10176",New York,US,Event Venue,40.7551805,-73.9798802,https://us.non.world/pages/store-locator,2026-08-31T20:04:52.271834+00:00,,,,,,,,
NON,2624911745,BAR BEDFORD,"353 Bedford Avenue, New York, New York 11211",Brooklyn,US,Bar,40.7116901,-73.9628749,https://us.non.world/pages/store-locator,2026-08-31T20:04:52.271834+00:00,,,,,,,,
NON,2624964769,FOODLABZ Pty Ltd,Sunshine West,Sunshine West,,Wholesaler,-37.7946685,144.818759,https://us.non.world/pages/store-locator,2026-08-31T20:04:52.271834+00:00,,,,,,,,
NON,2624964649,Martelli’s Fruit Market (Cherrybrook),"41-47 Shepherds Drive, AU",41-47 Shepherds Drive,AU,Food Store,-33.72101749999999,151.0439849,https://us.non.world/pages/store-locator,2026-08-31T20:04:52.271834+00:00,,,,,,,,
NON,2624964754,The Clunes Store & Cellars Pty Ltd,"Clunes, AU",Clunes,AU,Liquor Store,-28.7312188,153.4054485,https://us.non.world/pages/store-locator,2026-08-31T20:04:52.271834+00:00,,,,,,,,
NON,2624967936,Smith & Deli Australia Pty Ltd,"Collingwood, AU",Collingwood,AU,Food Store,-37.804784,144.9852115,https://us.non.world/pages/store-locator,2026-08-31T20:04:52.271834+00:00,,,,,,,,
NON,2628346628,TOKYO TINA,"Windsor, AU",Windsor,AU,Japanese Restaurant,-37.8554363,144.9928852,https://us.non.world/pages/store-locator,2026-08-31T20:04:52.271834+00:00,,,,,,,,
NON,2628597071,TOCA MADERA,"Las Vegas, US",Las Vegas,US,Mexican Restaurant,36.1083142,-115.1740911,https://us.non.world/pages/store-locator,2026-08-31T20:04:52.271834+00:00,,,,,,,,
NON,2629664300,Scotties Fish Cafe,"Newcastle East, AU",Newcastle East,AU,Restaurant,-32.9277373,151.788241,https://us.non.world/pages/store-locator,2026-08-31T20:04:52.271834+00:00,,,,,,,,
NON,2629663979,Tuggeranong Arts Centre,"Greenway, AU",Greenway,AU,Point Of Interest,-35.4160257,149.0708605,https://us.non.world/pages/store-locator,2026-08-31T20:04:52.271834+00:00,,,,,,,,
NON,2629664184,Firebird,"Prahran, AU",Prahran,AU,Restaurant,-37.851883,144.9955002,https://us.non.world/pages/store-locator,2026-08-31T20:04:52.271834+00:00,,,,,,,,
NON,2630759948,Spon Bottleshop Bar,Newtown,Newtown,,Liquor Store,-33.8958921,151.1812228,https://us.non.world/pages/store-locator,2026-08-31T20:04:52.271834+00:00,,,,,,,,
NON,2631188839,BIRDSONG #1157923,"San Francisco, US",San Francisco,US,American Restaurant,37.7794022,-122.4103967,https://us.non.world/pages/store-locator,2026-08-31T20:04:52.271834+00:00,,,,,,,,
NON,2631203471,MOLLIE STONES MARKET #6,"Burlingame, US",Burlingame,US,Grocery Store,37.5772168,-122.350384,https://us.non.world/pages/store-locator,2026-08-31T20:04:52.271834+00:00,,,,,,,,
NON,2631203593,RYE WAREHOUSE,"SAN FRANCISCO, US",SAN FRANCISCO,US,Cocktail Bar,37.7749295,-122.4194155,https://us.non.world/pages/store-locator,2026-08-31T20:04:52.271834+00:00,,,,,,,,
NON,2631214608,CASA MADERA #0,"West Hollywood, US",West Hollywood,US,Mexican Restaurant,34.0944796,-118.3743462,https://us.non.world/pages/store-locator,2026-08-31T20:04:52.271834+00:00,,,,,,,,
NON,2631848318,Claret Wine,"Newtown, AU",Newtown,AU,Wine Bar,-38.1583417,144.345242,https://us.non.world/pages/store-locator,2026-08-31T20:04:52.271834+00:00,,,,,,,,
NON,2631963719,the wicked provision,"Wellfleet, US",Wellfleet,US,American Restaurant,41.9381003,-70.0227676,https://us.non.world/pages/store-locator,2026-08-31T20:04:52.271834+00:00,,,,,,,,
NON,2631971452,The Grove Cafe and Bakery,"Felton, US",Felton,US,Cafe,37.052142,-122.073503,https://us.non.world/pages/store-locator,2026-08-31T20:04:52.271834+00:00,,,,,,,,
NON,2631971939,Cookbook Market,"Los Angeles, US",Los Angeles,US,Grocery Store,34.0812256,-118.2549042,https://us.non.world/pages/store-locator,2026-08-31T20:04:52.271834+00:00,,,,,,,,
NON,2632008706,Dry Spell LLC,"Burien, US",Burien,US,Laundry,47.4669568,-122.3410757,https://us.non.world/pages/store-locator,2026-08-31T20:04:52.271834+00:00,,,,,,,,
NON,2633148994,The Duke of Dural,"Dural, AU",Dural,AU,Pub,-33.6932336,151.020801,https://us.non.world/pages/store-locator,2026-08-31T20:04:52.271834+00:00,,,,,,,,
NON,2633069334,Flight Club Perth,"Perth, AU",Perth,AU,Bar,-31.9517877,115.8540501,https://us.non.world/pages/store-locator,2026-08-31T20:04:52.271834+00:00,,,,,,,,
NON,2636425046,H E B CENTRAL MARKET #420,"Austin, US",Austin,US,Grocery Store,30.2306155,-97.79906969999999,https://us.non.world/pages/store-locator,2026-08-31T20:04:52.271834+00:00,,,,,,,,
NON,2636397687,VINCENZO CUCINA & LOUNGE,"Suite A, US",Suite A,US,Italian Restaurant,32.7231996,-117.1680234,https://us.non.world/pages/store-locator,2026-08-31T20:04:52.271834+00:00,,,,,,,,
NON,2636403488,MOLLIE STONES MARKET #3,"Palo Alto, US",Palo Alto,US,Grocery Store,37.4290013,-122.1431585,https://us.non.world/pages/store-locator,2026-08-31T20:04:52.271834+00:00,,,,,,,,
NON,2636468273,NOZ 17,"458 West 17th Street, New York, New York 10011",New York,US,Sushi Restaurant,40.7438296,-74.0065518,https://us.non.world/pages/store-locator,2026-08-31T20:04:52.271834+00:00,,,,,,,,
NON,2636516287,310 Portobello Limited T/A The Fat Badger,"London, UK",London,UK,Pub,51.5210239,-0.2093139,https://us.non.world/pages/store-locator,2026-08-31T20:04:52.271834+00:00,,,,,,,,
NON,2636516298,Amwell Pride Ltd – t/a Red Lion Freehouse,"Pewsey, UK",Pewsey,UK,Inn,51.2732389,-1.796848,https://us.non.world/pages/store-locator,2026-08-31T20:04:52.271834+00:00,,,,,,,,
NON,2636511124,Another Bad Idea Ltd t/a We are the Wilderness,"Birmingham, UK",Birmingham,UK,Restaurant,52.4872385,-1.9105611,https://us.non.world/pages/store-locator,2026-08-31T20:04:52.271834+00:00,,,,,,,,
NON,2636542110,Atomeca Spinningfields Ltd,"The Avenue, UK",The Avenue,UK,Bar,53.496877,-2.268795,https://us.non.world/pages/store-locator,2026-08-31T20:04:52.271834+00:00,,,,,,,,
NON,2636542303,Bridgwater Entertainments Ltd T/a The Ledbury,"London, UK",London,UK,Restaurant,51.5166775,-0.2000966,https://us.non.world/pages/store-locator,2026-08-31T20:04:52.271834+00:00,,,,,,,,
NON,2636516290,CS Hospitality Ltd t/a Core by Claire Smith,"London, UK",London,UK,Fine Dining Restaurant,51.51258079999999,-0.2028846,https://us.non.world/pages/store-locator,2026-08-31T20:04:52.271834+00:00,,,,,,,,
NON,2636544246,DUBBERLEY DELICIOUS LTD,"Stafford Rd, UK",Stafford Rd,UK,Fine Dining Restaurant,52.695455,-1.8521196,https://us.non.world/pages/store-locator,2026-08-31T20:04:52.271834+00:00,,,,,,,,
NON,2636529521,Eorna Ltd,"Edinburgh, UK",Edinburgh,UK,Restaurant,55.9591493,-3.2070787,https://us.non.world/pages/store-locator,2026-08-31T20:04:52.271834+00:00,,,,,,,,
NON,2636516402,Frog by Adam Handling,"London, UK",London,UK,British Restaurant,51.51077979999999,-0.1220763,https://us.non.world/pages/store-locator,2026-08-31T20:04:52.271834+00:00,,,,,,,,
NON,2636511263,Hoc Loco Ltd,"Horsforth, UK",Horsforth,UK,Wine Bar,53.8322533,-1.6413688,https://us.non.world/pages/store-locator,2026-08-31T20:04:52.271834+00:00,,,,,,,,
NON,2636516384,HOUSE OF GEORGE BROADWAY LIMITED t/a MODA,"Broadway, UK",Broadway,UK,Hotel,52.0362654,-1.8597802,https://us.non.world/pages/store-locator,2026-08-31T20:04:52.271834+00:00,,,,,,,,
NON,2636544037,Joro Restaurant Ltd,"Oughtibridge Mill, UK",Oughtibridge Mill,UK,Fine Dining Restaurant,53.44287749999999,-1.5477203,https://us.non.world/pages/store-locator,2026-08-31T20:04:52.271834+00:00,,,,,,,,
NON,2636529638,Kiss the Hippo Roastery Ltd t/a Kiss The Hippo Soho,"London, UK",London,UK,Coffee Shop,51.5117583,-0.1380476,https://us.non.world/pages/store-locator,2026-08-31T20:04:52.271834+00:00,,,,,,,,
NON,2636529644,Lime Wood Group Ltd t/a Lime Wood Hotel,"Lyndhurst, UK",Lyndhurst,UK,Hotel,50.8655144,-1.5335062,https://us.non.world/pages/store-locator,2026-08-31T20:04:52.271834+00:00,,,,,,,,
NON,2636529625,Marcuscooks Ltd t/a Raymonds,"Nottingham, UK",Nottingham,UK,Restaurant,52.9531899,-1.1436263,https://us.non.world/pages/store-locator,2026-08-31T20:04:52.271834+00:00,,,,,,,,
NON,2636544184,Restaurant Sat Bains Ltd,"Nottingham, UK",Nottingham,UK,Fine Dining Restaurant,52.9230907,-1.1715007,https://us.non.world/pages/store-locator,2026-08-31T20:04:52.271834+00:00,,,,,,,,
NON,2636511201,Rogell Ltd t/a Rogan and Co,"Cartmel, UK",Cartmel,UK,Fine Dining Restaurant,54.2008731,-2.9533042,https://us.non.world/pages/store-locator,2026-08-31T20:04:52.271834+00:00,,,,,,,,
NON,2636516516,Siddle Hospitality Ltd T/A Faru,"Durham, UK",Durham,UK,Restaurant,54.7764476,-1.576611,https://us.non.world/pages/store-locator,2026-08-31T20:04:52.271834+00:00,,,,,,,,
NON,2636542327,SPECIALITY COOKING SUPPLIES LIMITED t/a Sous Chef,"London, UK",London,UK,Point Of Interest,51.5855213,-0.1127368,https://us.non.world/pages/store-locator,2026-08-31T20:04:52.271834+00:00,,,,,,,,
NON,2636511231,THE PASSAGE PANTRY LTD,"Camden Passage, UK",Camden Passage,UK,Deli,51.5347815,-0.1043764,https://us.non.world/pages/store-locator,2026-08-31T20:04:52.271834+00:00,,,,,,,,
NON,2637748849,Flight Club Sydney,"The Rocks, AU",The Rocks,AU,Bar,-33.8626626,151.2064562,https://us.non.world/pages/store-locator,2026-08-31T20:04:52.271834+00:00,,,,,,,,
NON,2638434840,Ruma Rooftop,"84 Merthyr Road, AU",84 Merthyr Road,AU,Restaurant,-27.4671473,153.0457961,https://us.non.world/pages/store-locator,2026-08-31T20:04:52.271834+00:00,,,,,,,,
NON,2638463076,Little Brother Small Bar,"Mount Hawthorn, AU",Mount Hawthorn,AU,Bar,-31.9144,115.84391,https://us.non.world/pages/store-locator,2026-08-31T20:04:52.271834+00:00,,,,,,,,
NON,2638689231,Royal Saxon Hotel,"Richmond, AU",Richmond,AU,Pub,-37.8298352,144.9973757,https://us.non.world/pages/store-locator,2026-08-31T20:04:52.271834+00:00,,,,,,,,
NON,2638653594,Railway Wine,"Highett, AU",Highett,AU,Wine Bar,-37.9484414,145.042495,https://us.non.world/pages/store-locator,2026-08-31T20:04:52.271834+00:00,,,,,,,,
NON,2638653648,Mr Archer Wine Bar,"222 Fischer Street, AU",222 Fischer Street,AU,Wine Bar,-38.3076415,144.330635,https://us.non.world/pages/store-locator,2026-08-31T20:04:52.271834+00:00,,,,,,,,
NON,2638689367,Pipis Kiosk,"Albert Park, AU",Albert Park,AU,Store,-37.8494075,144.9513533,https://us.non.world/pages/store-locator,2026-08-31T20:04:52.271834+00:00,,,,,,,,
NON,2638690564,International Convention Centre,"Sydney, AU",Sydney,AU,Convention Center,-33.874129,151.1987267,https://us.non.world/pages/store-locator,2026-08-31T20:04:52.271834+00:00,,,,,,,,
NON,2638663694,Emu Bottom Homestead,"Sunbury, AU",Sunbury,AU,Wedding Venue,-37.5423397,144.7352292,https://us.non.world/pages/store-locator,2026-08-31T20:04:52.271834+00:00,,,,,,,,
NON,2638653687,InterContinental Hotel,"Melbourne, AU",Melbourne,AU,Hotel,-37.8183605,144.9580642,https://us.non.world/pages/store-locator,2026-08-31T20:04:52.271834+00:00,,,,,,,,
NON,2638689415,Izakaya Den,"114 Russell St, AU",114 Russell St,AU,Japanese Restaurant,-37.8134953,144.9686947,https://us.non.world/pages/store-locator,2026-08-31T20:04:52.271834+00:00,,,,,,,,
NON,2638653827,Terrace on the Domain,"Sydney, AU",Sydney,AU,Italian Restaurant,-33.8679953,151.2149798,https://us.non.world/pages/store-locator,2026-08-31T20:04:52.271834+00:00,,,,,,,,
NON,2638689517,GiGi Bar Restaurant,"Edge Hill, AU",Edge Hill,AU,Restaurant,-16.9000171,145.7449111,https://us.non.world/pages/store-locator,2026-08-31T20:04:52.271834+00:00,,,,,,,,
NON,2638653688,Non Alcoholic Club,"Alderley, AU",Alderley,AU,Point Of Interest,-27.4236717,153.0005539,https://us.non.world/pages/store-locator,2026-08-31T20:04:52.271834+00:00,,,,,,,,
NON,2638678492,Peppers Spicers Peak Lodge,"Maryvale, AU",Maryvale,AU,Hotel,-28.1103077,152.3706769,https://us.non.world/pages/store-locator,2026-08-31T20:04:52.271834+00:00,,,,,,,,
NON,2638689330,Ishizuka,"Melbourne VIC 3000, AU",Melbourne VIC 3000,AU,Fine Dining Restaurant,-37.812735,144.969126,https://us.non.world/pages/store-locator,2026-08-31T20:04:52.271834+00:00,,,,,,,,
NON,2638690559,Bathers Pavilion,"Mosman, AU",Mosman,AU,Restaurant,-33.8224862,151.2510022,https://us.non.world/pages/store-locator,2026-08-31T20:04:52.271834+00:00,,,,,,,,
NON,2638663579,StandardX Hotel,"Fitzroy, AU",Fitzroy,AU,Hotel,-37.7960459,144.9774903,https://us.non.world/pages/store-locator,2026-08-31T20:04:52.271834+00:00,,,,,,,,
NON,2638632735,Bottarga,"Brighton, AU",Brighton,AU,Restaurant,-37.9051862,144.9989749,https://us.non.world/pages/store-locator,2026-08-31T20:04:52.271834+00:00,,,,,,,,
NON,2638689283,Summertown Studio,"Somerton Park, AU",Somerton Park,AU,Coffee Shop,-34.9993129,138.5235639,https://us.non.world/pages/store-locator,2026-08-31T20:04:52.271834+00:00,,,,,,,,
NON,2638689419,Essa Restaurant,"Fortitude Valley, AU",Fortitude Valley,AU,Fine Dining Restaurant,-27.4574355,153.040212,https://us.non.world/pages/store-locator,2026-08-31T20:04:52.271834+00:00,,,,,,,,
NON,2639750812,The Last Piece,"Mulgrave, AU",Mulgrave,AU,Cafe,-37.924359,145.1877933,https://us.non.world/pages/store-locator,2026-08-31T20:04:52.271834+00:00,,,,,,,,
NON,2639846756,Bar Never Enough,"Fortitude Valley, AU",Fortitude Valley,AU,Restaurant,-27.4580305,153.0352584,https://us.non.world/pages/store-locator,2026-08-31T20:04:52.271834+00:00,,,,,,,,
NON,2639750813,Kin Kin Hotel,"Kin Kin, AU",Kin Kin,AU,Pub,-26.26346,152.875834,https://us.non.world/pages/store-locator,2026-08-31T20:04:52.271834+00:00,,,,,,,,
NON,2641301967,boqueron tapas and wine,"Room B, US",Room B,US,Wine Bar,25.9023883,-97.4979694,https://us.non.world/pages/store-locator,2026-08-31T20:04:52.271834+00:00,,,,,,,,
NON,2643090289,CREATIVE WHITEHALL LTD t/a Kioku Restaurant,"The OWO, UK",The OWO,UK,Japanese Restaurant,51.5050692,-0.1256579,https://us.non.world/pages/store-locator,2026-08-31T20:04:52.271834+00:00,,,,,,,,
NON,2643121671,Fortnum and Mason Plc,"London, UK",London,UK,Department Store,51.5082743,-0.1382262,https://us.non.world/pages/store-locator,2026-08-31T20:04:52.271834+00:00,,,,,,,,
NON,2643090019,Hampton Manor Ltd,"Hampton-in-Arden, UK",Hampton-in-Arden,UK,Hotel,52.4289427,-1.7153028,https://us.non.world/pages/store-locator,2026-08-31T20:04:52.271834+00:00,,,,,,,,
NON,2643100596,Kinsbrook Vineyards Ltd,"Horsham, UK",Horsham,UK,Winery,51.0669048,-0.3261691,https://us.non.world/pages/store-locator,2026-08-31T20:04:52.271834+00:00,,,,,,,,
NON,2643080186,Land and Sea Tankerton Ltd,"Whitstable, UK",Whitstable,UK,Restaurant,51.35902249999999,1.0242266,https://us.non.world/pages/store-locator,2026-08-31T20:04:52.271834+00:00,,,,,,,,
NON,2642967292,Novators Hospitality (Mayfair) Ltd t/a Humo London,"Mayfair, UK",Mayfair,UK,Fine Dining Restaurant,51.5124261,-0.1433277,https://us.non.world/pages/store-locator,2026-08-31T20:04:52.271834+00:00,,,,,,,,
NON,2643111731,Public House Group Limited t/a The Hero,"London, UK",London,UK,Pub,51.5243227,-0.1887564,https://us.non.world/pages/store-locator,2026-08-31T20:04:52.271834+00:00,,,,,,,,
NON,2642966796,Red Mint Inns Ltd t/a Lazy Lobster,"Lytham, UK",Lytham,UK,Subpremise,53.7375199,-2.9592412,https://us.non.world/pages/store-locator,2026-08-31T20:04:52.271834+00:00,,,,,,,,
NON,2643089610,Stokey box Ltd t/a Yield N16,"London, UK",London,UK,Store,51.5619489,-0.0805621,https://us.non.world/pages/store-locator,2026-08-31T20:04:52.271834+00:00,,,,,,,,
NON,2643121675,The Shambles Bar Ltd,"York, UK",York,UK,Pub,53.95966439999999,-1.0803487,https://us.non.world/pages/store-locator,2026-08-31T20:04:52.271834+00:00,,,,,,,,
NON,2642966224,Tuck Shop Ltd,"Bloomsbury, UK",Bloomsbury,UK,Grocery Store,51.5260642,-0.1254839,https://us.non.world/pages/store-locator,2026-08-31T20:04:52.271834+00:00,,,,,,,,
NON,2643111732,WTF Thorington LLP t/a Husk (ProForma),"Stoke by Nayland, UK",Stoke by Nayland,UK,Tourist Attraction,51.9812588,0.9300186,https://us.non.world/pages/store-locator,2026-08-31T20:04:52.271834+00:00,,,,,,,,
NON,2643079892,WY NUTFIELD PRIORY Ltd,"Nutfield, UK",Nutfield,UK,Hotel,51.2381821,-0.1407852,https://us.non.world/pages/store-locator,2026-08-31T20:04:52.271834+00:00,,,,,,,,
NON,2642966457,YIELD LONDON LTD t/a Yield N1,"Angel, UK",Angel,UK,Wine Bar,51.5325164,-0.1052945,https://us.non.world/pages/store-locator,2026-08-31T20:04:52.271834+00:00,,,,,,,,
NON,2643131786,56 BLANDFORD ST LTD T/A The Hart,"Marylebone, UK",Marylebone,UK,Pub,51.5184259,-0.1547608,https://us.non.world/pages/store-locator,2026-08-31T20:04:52.271834+00:00,,,,,,,,
NON,2642967301,A.F. Blakemore and Son Ltd,"Rosehill, UK",Rosehill,UK,Wholesaler,52.578777,-2.0559065,https://us.non.world/pages/store-locator,2026-08-31T20:04:52.271834+00:00,,,,,,,,
NON,2642966249,AGWD HOLDINGS LIMITED - t/a Plonk,"Crouch End, UK",Crouch End,UK,Subpremise,51.5778749,-0.1283744,https://us.non.world/pages/store-locator,2026-08-31T20:04:52.271834+00:00,,,,,,,,
NON,2643100286,Barworks / Mare Street Market King's Cross,"King's Cross, UK",King's Cross,UK,Restaurant,51.53660679999999,-0.1252809,https://us.non.world/pages/store-locator,2026-08-31T20:04:52.271834+00:00,,,,,,,,
NON,2643080562,BiBi Restaurants Ltd,"Mayfair, UK",Mayfair,UK,Indian Restaurant,51.3647443,-0.2986929,https://us.non.world/pages/store-locator,2026-08-31T20:04:52.271834+00:00,,,,,,,,
NON,2643111742,Cloth Restaurant Group LTD,"Smithfield, UK",Smithfield,UK,Restaurant,51.5191169,-0.1001621,https://us.non.world/pages/store-locator,2026-08-31T20:04:52.271834+00:00,,,,,,,,
NON,2643089792,CREATIVE NH LIMITED / SUSHISUMI,"London, UK",London,UK,Japanese Restaurant,51.5148023,-0.1964254,https://us.non.world/pages/store-locator,2026-08-31T20:04:52.271834+00:00,,,,,,,,
NON,2643099966,EMILY ESTATE (UK) LTD T/A THE NEWT SOMERSET,"Castle Cary, UK",Castle Cary,UK,Garden,51.0781807,-2.4867775,https://us.non.world/pages/store-locator,2026-08-31T20:04:52.271834+00:00,,,,,,,,
NON,2642966418,Great Restaurant Project LTD t/a Lita Marylebone,"London, UK",London,UK,Mediterranean Restaurant,51.5172463,-0.1506297,https://us.non.world/pages/store-locator,2026-08-31T20:04:52.271834+00:00,,,,,,,,
NON,2642967177,Josh Robinson t/a St Kew Farmshop,"Bodmin, UK",Bodmin,UK,Store,50.5404375,-4.7834178,https://us.non.world/pages/store-locator,2026-08-31T20:04:52.271834+00:00,,,,,,,,
NON,2642966815,Mangal 2 Ltd,"Hackney, UK",Hackney,UK,Restaurant,51.54813,-0.0675812,https://us.non.world/pages/store-locator,2026-08-31T20:04:52.271834+00:00,,,,,,,,
NON,2643100294,Rogell Ltd t/a Henrock,"Cartmel, UK",Cartmel,UK,Fine Dining Restaurant,54.2008731,-2.9533042,https://us.non.world/pages/store-locator,2026-08-31T20:04:52.271834+00:00,,,,,,,,
NON,2642949631,Salt Shaw Brown Limited t/a Salthouse Bottles,"London, UK",London,UK,Liquor Store,51.5603127,-0.0737278,https://us.non.world/pages/store-locator,2026-08-31T20:04:52.271834+00:00,,,,,,,,
NON,2643080254,The Farm Shop Ltd,"Stockbridge, UK",Stockbridge,UK,Supermarket,51.1477824,-1.4758871,https://us.non.world/pages/store-locator,2026-08-31T20:04:52.271834+00:00,,,,,,,,
NON,2643099974,Tim Allen Restaurants Ltd t/a Solo,"Mayfair, UK",Mayfair,UK,Bakery,51.5106264,-0.1455627,https://us.non.world/pages/store-locator,2026-08-31T20:04:52.271834+00:00,,,,,,,,
NON,2643099977,Toklas limited t/a Toklas Restaurant,"London, UK",London,UK,Restaurant,51.5125194,-0.1148491,https://us.non.world/pages/store-locator,2026-08-31T20:04:52.271834+00:00,,,,,,,,
NON,2643089622,Verbena Fine Foods Ltd T/A Solstice,"Hackney, UK",Hackney,UK,Subpremise,51.54857870000001,-0.065341,https://us.non.world/pages/store-locator,2026-08-31T20:04:52.271834+00:00,,,,,,,,
NON,2643099697,Vraic Restaurant Limited,"St Helier, UK",St Helier,UK,Fine Dining Restaurant,55.378051,-3.435973,https://us.non.world/pages/store-locator,2026-08-31T20:04:52.271834+00:00,,,,,,,,
NON,2643677095,A Day In June,"Baltimore, US",Baltimore,US,Clothing Store,39.2846233,-76.58843689999999,https://us.non.world/pages/store-locator,2026-08-31T20:04:52.271834+00:00,,,,,,,,
NON,2643677096,Stone Bank Farm Market,"Oconomowoc, US",Oconomowoc,US,Market,43.1431637,-88.4054124,https://us.non.world/pages/store-locator,2026-08-31T20:04:52.271834+00:00,,,,,,,,
NON,2643641420,Archie's Sandwichery,"Bentonville, US",Bentonville,US,Restaurant,36.37535,-94.221051,https://us.non.world/pages/store-locator,2026-08-31T20:04:52.271834+00:00,,,,,,,,
NON,2643682827,THE GRIFFIN,"Las Vegas, US",Las Vegas,US,Live Music Venue,36.1688009,-115.1403027,https://us.non.world/pages/store-locator,2026-08-31T20:04:52.271834+00:00,,,,,,,,
NON,2643679205,ESSENTIAL BY CHRISTOPHE,"2178 Broadway, New York, New York 10024",New York,US,French Restaurant,40.7821594,-73.9803859,https://us.non.world/pages/store-locator,2026-08-31T20:04:52.271834+00:00,,,,,,,,
NON,2643660578,SIGNAL,"175 Morgan Avenue, New York, New York 11206",Brooklyn,US,Night Club,40.71003959999999,-73.93356589999999,https://us.non.world/pages/store-locator,2026-08-31T20:04:52.271834+00:00,,,https://www.signalnyc.club,openstreetmap,,Th-Sa 21:00-04:00; Su 15:00-03:00,,
NON,2643695168,H E B CENTRAL MARKET #191,"San Antonio, US",San Antonio,US,Grocery Store,29.47068659999999,-98.4645175,https://us.non.world/pages/store-locator,2026-08-31T20:04:52.271834+00:00,,,,,,,,
NON,2643662667,FOR FIVE COFFEE ROASTERS,"114 West 47th Street, New York, New York 10036",New York,US,Coffee Shop,40.7579955,-73.983144,https://us.non.world/pages/store-locator,2026-08-31T20:04:52.271834+00:00,,,,openstreetmap,,Mo-Fr 07:00-19:00; Sa-Su 08:00-16:00,,
NON,2646080809,Liquorland Woree Southside 8556,"10 Charlotte Close, AU",10 Charlotte Close,AU,Liquor Store,-16.9623769,145.744946,https://us.non.world/pages/store-locator,2026-08-31T20:04:52.271834+00:00,,,,,,,,
NON,2647702616,Cammeray Cellars,"Cammeray, AU",Cammeray,AU,Liquor Store,-33.82149649999999,151.2152656,https://us.non.world/pages/store-locator,2026-08-31T20:04:52.271834+00:00,,,,,,,,
NON,2647690885,Liquorland Cellars Darwin 2737,"Darwin, AU",Darwin,AU,Liquor Store,-12.4611537,130.8422513,https://us.non.world/pages/store-locator,2026-08-31T20:04:52.271834+00:00,,,,,,,,
NON,2647634597,The Shorehouse,"Swanbourne, AU",Swanbourne,AU,Australian Restaurant,-31.9793209,115.7549047,https://us.non.world/pages/store-locator,2026-08-31T20:04:52.271834+00:00,,,,,,,,
NON,2647660685,CS & CO Hospitality Ltd t/a Corenucopia,"Bath, UK",Bath,UK,Services,51.38646130000001,-2.359742,https://us.non.world/pages/store-locator,2026-08-31T20:04:52.271834+00:00,,,,,,,,
NON,2647680975,Eat 17 Ltd,"Hackney, UK",Hackney,UK,Grocery Store,51.5524666,-0.0441212,https://us.non.world/pages/store-locator,2026-08-31T20:04:52.271834+00:00,,,,,,,,
NON,2647634947,HADRIAN'S LEISURE LTD T/A Hadrian's Hotel,"Wall, UK",Wall,UK,Hotel,55.0147789,-2.1326934,https://us.non.world/pages/store-locator,2026-08-31T20:04:52.271834+00:00,,,,,,,,
NON,2647681038,Leigh’s London [PROFORMA],"Ardleigh Road, UK",Ardleigh Road,UK,Cafe,51.54319049999999,-0.0819424,https://us.non.world/pages/store-locator,2026-08-31T20:04:52.271834+00:00,,,,,,,,
NON,2647681012,Ottolenghi Ltd t/a ROVI,"Finsbury Park, UK",Finsbury Park,UK,Mediterranean Restaurant,51.56280719999999,-0.0997729,https://us.non.world/pages/store-locator,2026-08-31T20:04:52.271834+00:00,,,,,,,,
NON,2647634642,Solinger Farm Enterprises LTD t/a Oxmoor Farm,"near Ledbury, UK",near Ledbury,UK,Farm,52.02928989999999,-2.3463876,https://us.non.world/pages/store-locator,2026-08-31T20:04:52.271834+00:00,,,,,,,,
NON,2649936125,FULL PROOF,"San Francisco, US",San Francisco,US,Liquor Store,37.7610173,-122.4357495,https://us.non.world/pages/store-locator,2026-08-31T20:04:52.271834+00:00,,,,,,,,
NON,2649925290,BARN JOO NOMAD,"818 6th Avenue, New York, New York 10001",New York,US,Gastropub,40.74607109999999,-73.9902233,https://us.non.world/pages/store-locator,2026-08-31T20:04:52.271834+00:00,+1-917-409-1637,,https://www.barnjoonomad.com,openstreetmap,,"Mo-We,Su 12:00-22:00; Th 12:00-23:00; Fr-Sa 12:00-24:00",,
NON,2649967928,R&D Goods,"600 Vanderbilt Avenue, New York, New York 11238",Brooklyn,US,Home Goods Store,40.6784294,-73.96887269999999,https://us.non.world/pages/store-locator,2026-08-31T20:04:52.271834+00:00,+1-347-897-6202,,https://rdgoodsbklyn.com,openstreetmap,,Tu-Su 11:00-18:00,,
NON,2649925494,JONES + CO,"Boulder, US",Boulder,US,Clothing Store,40.020145,-105.2699957,https://us.non.world/pages/store-locator,2026-08-31T20:04:52.271834+00:00,,,,,,,,
NON,2650026775,HUDSON DRY,"421 Warren St, Hudson, NY 12534",Hudson,US,Store,42.2504973,-73.7880939,https://us.non.world/pages/store-locator,2026-08-31T20:04:52.271834+00:00,(518) 660-0421,,,,,,NY,
NON,2650040484,Good News Bar LLC,"San Diego, US",San Diego,US,Bar,32.7478016,-117.146062,https://us.non.world/pages/store-locator,2026-08-31T20:04:52.271834+00:00,,,,,,,,
NON,2652052155,Liquorland Cellars Clovelly 2215,"Clovelly, AU",Clovelly,AU,Liquor Store,-33.9117216,151.2543954,https://us.non.world/pages/store-locator,2026-08-31T20:04:52.271834+00:00,,,,,,,,
NON,2652052089,Liquorland Cellars Round Corner 2745,"Dural, AU",Dural,AU,Liquor Store,-33.692343,151.0196641,https://us.non.world/pages/store-locator,2026-08-31T20:04:52.271834+00:00,,,,,,,,
NON,2652042699,Liquorland Illawong 3658,"Illawong Shopping Centre, AU",Illawong Shopping Centre,AU,Liquor Store,-33.9966669,151.0423973,https://us.non.world/pages/store-locator,2026-08-31T20:04:52.271834+00:00,,,,,,,,
NON,2652042815,Liquorland Neutral Bay Big Bear 3616,"Neutral Bay, AU",Neutral Bay,AU,Liquor Store,-33.8295618,151.2184771,https://us.non.world/pages/store-locator,2026-08-31T20:04:52.271834+00:00,,,,,,,,
NON,2652090373,Liquorland Sylvania 6075,"Sylvania, AU",Sylvania,AU,Liquor Store,-34.0079119,151.1057425,https://us.non.world/pages/store-locator,2026-08-31T20:04:52.271834+00:00,,,,,,,,
NON,2652090245,Liquorland Warehouse North Woollongong 2755,"North Wollongong, AU",North Wollongong,AU,Liquor Store,-34.411402,150.8920139,https://us.non.world/pages/store-locator,2026-08-31T20:04:52.271834+00:00,,,,,,,,
NON,2652052160,Liquorland Langwarrin 3376,"230 Cranbourne-Frankston Road, AU",230 Cranbourne-Frankston Road,AU,Liquor Store,-38.151093,145.1965844,https://us.non.world/pages/store-locator,2026-08-31T20:04:52.271834+00:00,,,,,,,,
NON,2652078815,Liquorland Kings Beach Stockland SC 6689,"47 Bowman Road, AU",47 Bowman Road,AU,Liquor Store,-26.8030193,153.1242014,https://us.non.world/pages/store-locator,2026-08-31T20:04:52.271834+00:00,,,,,,,,
NON,2652068916,Liquorland Burnside 5475,"447 Portrush Road, AU",447 Portrush Road,AU,Liquor Store,-34.9410669,138.6414399,https://us.non.world/pages/store-locator,2026-08-31T20:04:52.271834+00:00,,,,,,,,
NON,2652090404,Liquorland Norwood 5477,"Norwood, AU",Norwood,AU,Liquor Store,-34.922089,138.6357726,https://us.non.world/pages/store-locator,2026-08-31T20:04:52.271834+00:00,,,,,,,,
NON,2652068869,Liquorland Pinelands 2871,"Holtze, AU",Holtze,AU,Liquor Store,-12.4464448,130.9534543,https://us.non.world/pages/store-locator,2026-08-31T20:04:52.271834+00:00,,,,,,,,
NON,2652098847,REVENGE,"Austin, US",Austin,US,Bar,30.2698762,-97.7505261,https://us.non.world/pages/store-locator,2026-08-31T20:04:52.271834+00:00,,,,,,,,
NON,2652202590,Petite Wine,"SEATTLE, US",SEATTLE,US,Liquor Store,47.6680448,-122.3845305,https://us.non.world/pages/store-locator,2026-08-31T20:04:52.271834+00:00,,,,,,,,
NON,2653307033,Liquorland Orange 2994,"Orange Central Shopping Centre, AU",Orange Central Shopping Centre,AU,Liquor Store,-33.2830966,149.1001517,https://us.non.world/pages/store-locator,2026-08-31T20:04:52.271834+00:00,,,,,,,,
NON,2653307066,Liquorland Wingham 3110,"Wingham, AU",Wingham,AU,Liquor Store,-31.8691182,152.3717875,https://us.non.world/pages/store-locator,2026-08-31T20:04:52.271834+00:00,,,,,,,,
NON,2653336789,Kingsley Crystalbrook Collection,"Newcastle, AU",Newcastle,AU,Hotel,-32.927733,151.772911,https://us.non.world/pages/store-locator,2026-08-31T20:04:52.271834+00:00,,,,,,,,
NON,2653307017,Liquorland Bacchus Marsh 2998,"Bacchus Marsh, AU",Bacchus Marsh,AU,Liquor Store,-37.6753341,144.4396314,https://us.non.world/pages/store-locator,2026-08-31T20:04:52.271834+00:00,,,,,,,,
NON,2653326853,Liquorland Cheltenham 3752,"Cheltenham, AU",Cheltenham,AU,Liquor Store,-37.9593512,145.0525986,https://us.non.world/pages/store-locator,2026-08-31T20:04:52.271834+00:00,,,,,,,,
NON,2653307034,Liquorland Colac 2450,"Colac, AU",Colac,AU,Liquor Store,-38.3408897,143.5931651,https://us.non.world/pages/store-locator,2026-08-31T20:04:52.271834+00:00,,,,,,,,
NON,2653346728,Liquorland Drysdale 2452,"Drysdale, AU",Drysdale,AU,Liquor Store,-38.1741512,144.5729222,https://us.non.world/pages/store-locator,2026-08-31T20:04:52.271834+00:00,,,,,,,,
NON,2653336859,Liquorland Endeavour Hills 3851,"Endeavour Hills Shopping Centre, AU",Endeavour Hills Shopping Centre,AU,Liquor Store,-37.97681360000001,145.2596227,https://us.non.world/pages/store-locator,2026-08-31T20:04:52.271834+00:00,,,,,,,,
NON,2653326767,Liquorland Geelong West 3883,"Geelong West, AU",Geelong West,AU,Liquor Store,-38.13897840000001,144.3370166,https://us.non.world/pages/store-locator,2026-08-31T20:04:52.271834+00:00,,,,,,,,
NON,2653326756,Liquorland Horsham 3815,"Horsham, AU",Horsham,AU,Liquor Store,-36.7142729,142.2002803,https://us.non.world/pages/store-locator,2026-08-31T20:04:52.271834+00:00,,,,,,,,
NON,2653326832,Liquorland Keilor Downs 3849,"Keilor Downs, AU",Keilor Downs,AU,Liquor Store,-37.7283228,144.803887,https://us.non.world/pages/store-locator,2026-08-31T20:04:52.271834+00:00,,,,,,,,
NON,2653326768,Liquorland Lynbrook 3919,"Lynbrook, AU",Lynbrook,AU,Liquor Store,-38.051694,145.2550222,https://us.non.world/pages/store-locator,2026-08-31T20:04:52.271834+00:00,,,,,,,,
NON,2653336882,Liquorland Reservoir 2968,"Reservoir, AU",Reservoir,AU,Liquor Store,-37.7148745,145.0072593,https://us.non.world/pages/store-locator,2026-08-31T20:04:52.271834+00:00,,,,,,,,
NON,2653307057,Liquorland Shepparton 2974,"Shepparton, AU",Shepparton,AU,Liquor Store,-36.3832573,145.40122,https://us.non.world/pages/store-locator,2026-08-31T20:04:52.271834+00:00,,,,,,,,
NON,2653326738,Liquorland St Germain 2801,"Clyde North, AU",Clyde North,AU,Liquor Store,-38.0952405,145.3626144,https://us.non.world/pages/store-locator,2026-08-31T20:04:52.271834+00:00,,,,,,,,
NON,2653346706,Liquorland Cairns Pease St 8578,"159 Pease Street, AU",159 Pease Street,AU,Liquor Store,-16.9118055,145.740486,https://us.non.world/pages/store-locator,2026-08-31T20:04:52.271834+00:00,,,,,,,,
NON,2653336908,Liquorland Dunwoodys Barn 8569,"Cairns North, AU",Cairns North,AU,Liquor Store,-16.9073956,145.7596639,https://us.non.world/pages/store-locator,2026-08-31T20:04:52.271834+00:00,,,,,,,,
NON,2653346632,Liquorland Woree Toogood Rd 8567,"Woree, AU",Woree,AU,Liquor Store,-16.9521056,145.7426957,https://us.non.world/pages/store-locator,2026-08-31T20:04:52.271834+00:00,,,,,,,,
NON,2653346684,Asha Restaurant,"Goodwood, AU",Goodwood,AU,Restaurant,-34.952584,138.5899441,https://us.non.world/pages/store-locator,2026-08-31T20:04:52.271834+00:00,,,,,,,,
NON,2654718680,Liquorland Broken Hill 2985,"Broken Hill, AU",Broken Hill,AU,Liquor Store,-31.9542022,141.4697683,https://us.non.world/pages/store-locator,2026-08-31T20:04:52.271834+00:00,,,,,,,,
NON,2654747200,Liquorland North Albury 5938,"North Albury, AU",North Albury,AU,Liquor Store,-36.052673,146.9320812,https://us.non.world/pages/store-locator,2026-08-31T20:04:52.271834+00:00,,,,,,,,
NON,2654792286,Liquorland Portmacquarie Wan 3579,"Waniora Parkway, AU",Waniora Parkway,AU,Liquor Store,-31.4557546,152.9191342,https://us.non.world/pages/store-locator,2026-08-31T20:04:52.271834+00:00,,,,,,,,
NON,2654817439,Liquorland Rozelle 7737,"Rozelle, AU",Rozelle,AU,Liquor Store,-33.8623873,151.1671067,https://us.non.world/pages/store-locator,2026-08-31T20:04:52.271834+00:00,,,,,,,,
NON,2654817328,Liquorland Winmalee 3323,"14-28 White Cross Road, AU",14-28 White Cross Road,AU,Liquor Store,-33.6710364,150.6082819,https://us.non.world/pages/store-locator,2026-08-31T20:04:52.271834+00:00,,,,,,,,
NON,2654792423,Liquorland Aurora Village 2440,"Epping North, AU",Epping North,AU,Liquor Store,-37.6219923,145.0063644,https://us.non.world/pages/store-locator,2026-08-31T20:04:52.271834+00:00,,,,,,,,
NON,2654827758,Liquorland Belmont Plaza 3756,"Belmont, AU",Belmont,AU,Liquor Store,-38.1691077,144.3502876,https://us.non.world/pages/store-locator,2026-08-31T20:04:52.271834+00:00,,,,,,,,
NON,2654827716,Liquorland Cairnlea 3922,"Cairnlea, AU",Cairnlea,AU,Liquor Store,-37.758487,144.7901332,https://us.non.world/pages/store-locator,2026-08-31T20:04:52.271834+00:00,,,,,,,,
NON,2654817323,Liquorland Diamond Creek 3704,"Diamond Creek, AU",Diamond Creek,AU,Liquor Store,-37.6735543,145.1586905,https://us.non.world/pages/store-locator,2026-08-31T20:04:52.271834+00:00,,,,,,,,
NON,2654746653,Liquorland Eltham Village 2976,"Eltham Village Shopping Centre, AU",Eltham Village Shopping Centre,AU,Liquor Store,-37.7148974,145.1486763,https://us.non.world/pages/store-locator,2026-08-31T20:04:52.271834+00:00,,,,,,,,
NON,2654792424,Liquorland Greensborough 3821,"25 Main Street, AU",25 Main Street,AU,Liquor Store,-37.7040103,145.1030264,https://us.non.world/pages/store-locator,2026-08-31T20:04:52.271834+00:00,,,,,,,,
NON,2654806689,Liquorland Healesville 3763,"235-263 Maroondah Highway, AU",235-263 Maroondah Highway,AU,Liquor Store,-37.6533593,145.5173882,https://us.non.world/pages/store-locator,2026-08-31T20:04:52.271834+00:00,,,,,,,,
NON,2654746654,Liquorland Highpoint 2826,"Highpoint Shopping Centre, AU",Highpoint Shopping Centre,AU,Liquor Store,-37.77376539999999,144.8896643,https://us.non.world/pages/store-locator,2026-08-31T20:04:52.271834+00:00,,,,,,,,
NON,2654792425,Liquorland Knox City 3787,"Wantirna South, AU",Wantirna South,AU,Liquor Store,-37.8686987,145.2437027,https://us.non.world/pages/store-locator,2026-08-31T20:04:52.271834+00:00,,,,,,,,
NON,2654746612,Liquorland Waurn Ponds 3092,"Waurn Ponds, AU",Waurn Ponds,AU,Liquor Store,-38.1995975,144.3167876,https://us.non.world/pages/store-locator,2026-08-31T20:04:52.271834+00:00,,,,,,,,
NON,2654807141,Liquorland Yarraville 3886,"Yarraville Shopping Centre, AU",Yarraville Shopping Centre,AU,Liquor Store,-37.8164995,144.8827652,https://us.non.world/pages/store-locator,2026-08-31T20:04:52.271834+00:00,,,,,,,,
NON,2654746655,Sessions Highett,Highett,Highett,,Liquor Store,-37.9490673,145.0413052,https://us.non.world/pages/store-locator,2026-08-31T20:04:52.271834+00:00,,,,,,,,
NON,2654817324,Liquorland Banora Village 5489,"Banora Point, AU",Banora Point,AU,Liquor Store,-28.2148036,153.5411736,https://us.non.world/pages/store-locator,2026-08-31T20:04:52.271834+00:00,,,,,,,,
NON,2654746594,Liquorland Currimundi Barn 6261,"Currimundi, AU",Currimundi,AU,Liquor Store,-26.7758077,153.1323558,https://us.non.world/pages/store-locator,2026-08-31T20:04:52.271834+00:00,,,,,,,,
NON,2654746622,Liquorland Gladstone 6479,"Valley Shopping Centre, AU",Valley Shopping Centre,AU,Liquor Store,-23.8485211,151.2594739,https://us.non.world/pages/store-locator,2026-08-31T20:04:52.271834+00:00,,,,,,,,
NON,2654746571,Liquorland Pallara 5898,"Pallara, AU",Pallara,AU,Liquor Store,-27.6074821,153.0115959,https://us.non.world/pages/store-locator,2026-08-31T20:04:52.271834+00:00,,,,,,,,
NON,2654806690,Liquorland Gawler 2981,"Evanston, AU",Evanston,AU,Liquor Store,-34.6193269,138.7406362,https://us.non.world/pages/store-locator,2026-08-31T20:04:52.271834+00:00,,,,,,,,
NON,2654792429,Liquorland Mclaren Vale 6072,"McLaren Vale, AU",McLaren Vale,AU,Liquor Store,-35.2166536,138.5426413,https://us.non.world/pages/store-locator,2026-08-31T20:04:52.271834+00:00,,,,,,,,
NON,2654827759,Liquorland Munno Para 3772,"Smithfield, AU",Smithfield,AU,Liquor Store,-34.6885249,138.6884063,https://us.non.world/pages/store-locator,2026-08-31T20:04:52.271834+00:00,,,,,,,,
NON,2654827569,Liquorland Albany 3364,"Albany, AU",Albany,AU,Liquor Store,-35.0192856,117.8826075,https://us.non.world/pages/store-locator,2026-08-31T20:04:52.271834+00:00,,,,,,,,
NON,2654827834,Liquorland Gwelup 3218,"707 North Beach Road & Wishard Street, AU",707 North Beach Road & Wishard Street,AU,Liquor Store,-31.8757632,115.7978317,https://us.non.world/pages/store-locator,2026-08-31T20:04:52.271834+00:00,,,,,,,,
NON,2654817447,Liquorland Joondalup 3297,"Joondalup, AU",Joondalup,AU,Liquor Store,-31.7409776,115.7640444,https://us.non.world/pages/store-locator,2026-08-31T20:04:52.271834+00:00,,,,,,,,
NON,2654747206,Liquorland North Armadale 3273,"82 Champion Drive, AU",82 Champion Drive,AU,Liquor Store,-32.1312043,116.0010371,https://us.non.world/pages/store-locator,2026-08-31T20:04:52.271834+00:00,,,,,,,,
NON,2654807142,Liquorland Warwick 5871,"Corner Beach Road and Erindale Road, AU",Corner Beach Road and Erindale Road,AU,Liquor Store,-31.8441921,115.8106431,https://us.non.world/pages/store-locator,2026-08-31T20:04:52.271834+00:00,,,,,,,,
NON,2655057600,# Flannerys (Victoria Point QLD 1013),"Victoria Point Town Centre, AU",Victoria Point Town Centre,AU,Health Food Store,-27.5860419,153.2834778,https://us.non.world/pages/store-locator,2026-08-31T20:04:52.271834+00:00,,,,,,,,
NON,2656284682,Liquorland Artarmon 3400,"Artarmon, AU",Artarmon,AU,Liquor Store,-33.8081768,151.1835294,https://us.non.world/pages/store-locator,2026-08-31T20:04:52.271834+00:00,,,,,,,,
NON,2656117908,Liquorland Bulli 3351,"Bulli, AU",Bulli,AU,Liquor Store,-34.3339229,150.9135837,https://us.non.world/pages/store-locator,2026-08-31T20:04:52.271834+00:00,,,,,,,,
NON,2656294670,Liquorland Dubbo 2466,"Dubbo, AU",Dubbo,AU,Liquor Store,-32.2502378,148.5999219,https://us.non.world/pages/store-locator,2026-08-31T20:04:52.271834+00:00,,,,,,,,
NON,2656294218,Liquorland Gunnedah 5509,"80-98 Little Conadilly Street, AU",80-98 Little Conadilly Street,AU,Liquor Store,-30.9756664,150.2523657,https://us.non.world/pages/store-locator,2026-08-31T20:04:52.271834+00:00,,,,,,,,
NON,2656294279,Liquorland Lake Innes 3992,"Port Macquarie, AU",Port Macquarie,AU,Liquor Store,-31.4574432,152.8746277,https://us.non.world/pages/store-locator,2026-08-31T20:04:52.271834+00:00,,,,,,,,
NON,2656294628,Liquorland Mayfield 2456,"Mayfield, AU",Mayfield,AU,Liquor Store,-32.9009536,151.7417111,https://us.non.world/pages/store-locator,2026-08-31T20:04:52.271834+00:00,,,,,,,,
NON,2656265749,Liquorland Mudgee 3631,"Mudgee, AU",Mudgee,AU,Liquor Store,-32.6016965,149.5866532,https://us.non.world/pages/store-locator,2026-08-31T20:04:52.271834+00:00,,,,,,,,
NON,2656294543,LiquorLand Murwillumbah PC H 6126,"Murwillumbah, AU",Murwillumbah,AU,Liquor Store,-33.3593025,151.3692137,https://us.non.world/pages/store-locator,2026-08-31T20:04:52.271834+00:00,,,,,,,,
NON,2656284465,Liquorland North Sydney 2925,"99 Walker Street, AU",99 Walker Street,AU,Liquor Store,-33.8394725,151.2090821,https://us.non.world/pages/store-locator,2026-08-31T20:04:52.271834+00:00,,,,,,,,
NON,2656256239,Liquorland Warehouse Bondi 2189,"Eastgate Centre, AU",Eastgate Centre,AU,Liquor Store,-33.8929728,151.2480084,https://us.non.world/pages/store-locator,2026-08-31T20:04:52.271834+00:00,,,,,,,,
NON,2656294280,Liquorland Warrawong 3622,"Warrawong, AU",Warrawong,AU,Liquor Store,-34.4853486,150.8875421,https://us.non.world/pages/store-locator,2026-08-31T20:04:52.271834+00:00,,,,,,,,
NON,2656294544,Liquorland Winston Hills 3453,"Winston Hills, AU",Winston Hills,AU,Liquor Store,-33.7725914,150.9700662,https://us.non.world/pages/store-locator,2026-08-31T20:04:52.271834+00:00,,,,,,,,
NON,2656117801,Liquorland Casey Central 2279,"Narre Warren South, AU",Narre Warren South,AU,Liquor Store,-38.0692163,145.2992229,https://us.non.world/pages/store-locator,2026-08-31T20:04:52.271834+00:00,,,,,,,,
NON,2656256626,Liquorland Cobram 6515,"Cobram, AU",Cobram,AU,Liquor Store,-35.9197843,145.6413615,https://us.non.world/pages/store-locator,2026-08-31T20:04:52.271834+00:00,,,,,,,,
NON,2656256240,Liquorland Craigieburn Village 5467,"Craigieburn, AU",Craigieburn,AU,Liquor Store,-37.5913885,144.9117006,https://us.non.world/pages/store-locator,2026-08-31T20:04:52.271834+00:00,,,,,,,,
NON,2656256454,Liquorland Donvale 2271,"2-42 Tunstall Road, AU",2-42 Tunstall Road,AU,Liquor Store,-37.79108420000001,145.1708695,https://us.non.world/pages/store-locator,2026-08-31T20:04:52.271834+00:00,,,,,,,,
NON,2656118040,Liquorland Essendon Fields 3086,"Essendon Fields, AU",Essendon Fields,AU,Liquor Store,-37.7271651,144.8955192,https://us.non.world/pages/store-locator,2026-08-31T20:04:52.271834+00:00,,,,,,,,
NON,2656275067,Liquorland Ferntree Gully 3748,"Ferntree Gully, AU",Ferntree Gully,AU,Liquor Store,-37.882558,145.2775172,https://us.non.world/pages/store-locator,2026-08-31T20:04:52.271834+00:00,,,,,,,,
NON,2656275069,Liquorland Kilmore 3915,"Kilmore, AU",Kilmore,AU,Liquor Store,-37.2868031,144.9491131,https://us.non.world/pages/store-locator,2026-08-31T20:04:52.271834+00:00,,,,,,,,
NON,2656264886,Liquorland Mornington 2476,"Mornington, AU",Mornington,AU,Liquor Store,-38.2187389,145.039519,https://us.non.world/pages/store-locator,2026-08-31T20:04:52.271834+00:00,,,,,,,,
NON,2656118145,Liquorland Rosebud 3754,"Rosebud, AU",Rosebud,AU,Liquor Store,-38.3608878,144.8896459,https://us.non.world/pages/store-locator,2026-08-31T20:04:52.271834+00:00,,,,,,,,
NON,2656284463,Liquorland Swan Hill 3822,"Swan Hill, AU",Swan Hill,AU,Liquor Store,-35.3416829,143.5588347,https://us.non.world/pages/store-locator,2026-08-31T20:04:52.271834+00:00,,,,,,,,
NON,2656274974,Liquorland Tarneit 3907,"Tarneit, AU",Tarneit,AU,Liquor Store,-37.8499465,144.7055992,https://us.non.world/pages/store-locator,2026-08-31T20:04:52.271834+00:00,,,,,,,,
NON,2656294281,Liquorland Wallan 3880,"79 High Street, AU",79 High Street,AU,Liquor Store,-37.4136958,144.9787591,https://us.non.world/pages/store-locator,2026-08-31T20:04:52.271834+00:00,,,,,,,,
NON,2656284654,Liquorland Bribie Central Store 6677,"Bribie Island Shopping Centre, AU",Bribie Island Shopping Centre,AU,Liquor Store,-27.0729111,153.1629431,https://us.non.world/pages/store-locator,2026-08-31T20:04:52.271834+00:00,,,,,,,,
NON,2656294546,Liquorland Burleigh Barn 6101,"West Burleigh, AU",West Burleigh,AU,Liquor Store,-28.1110512,153.4402478,https://us.non.world/pages/store-locator,2026-08-31T20:04:52.271834+00:00,,,,,,,,
NON,2656294631,Liquorland Coomera Lodge 8373,"Upper Coomera, AU",Upper Coomera,AU,Liquor Store,-27.9141071,153.2821955,https://us.non.world/pages/store-locator,2026-08-31T20:04:52.271834+00:00,,,,,,,,
NON,2656118146,Liquorland Goonellabah 6132,"Goonellabah, AU",Goonellabah,AU,Liquor Store,-28.8224316,153.3266357,https://us.non.world/pages/store-locator,2026-08-31T20:04:52.271834+00:00,,,,,,,,
NON,2656294255,Liquorland Toowong 2748,"Toowong, AU",Toowong,AU,Liquor Store,-27.4849508,152.9928678,https://us.non.world/pages/store-locator,2026-08-31T20:04:52.271834+00:00,,,,,,,,
NON,2656118041,The Italian on Mends Street,"35 Mends Street, AU",35 Mends Street,AU,Italian Restaurant,-31.9721993,115.8524999,https://us.non.world/pages/store-locator,2026-08-31T20:04:52.271834+00:00,,,,,,,,
NON,2656294671,Liquorland Albany (Orana) 2953,"Orana, AU",Orana,AU,Liquor Store,-34.9937117,117.8554919,https://us.non.world/pages/store-locator,2026-08-31T20:04:52.271834+00:00,,,,,,,,
NON,2656256455,Liquorland Charles Street 3247,"North Perth, AU",North Perth,AU,Liquor Store,-31.9262514,115.8515466,https://us.non.world/pages/store-locator,2026-08-31T20:04:52.271834+00:00,,,,,,,,
NON,2656294437,Liquorland Collie Johnston 3390,"25 Johnston Street, AU",25 Johnston Street,AU,Liquor Store,-33.3579736,116.1547541,https://us.non.world/pages/store-locator,2026-08-31T20:04:52.271834+00:00,,,,,,,,
NON,2656265323,Liquorland Mandurah Forum 2430,"330 Pinjarra Road, AU",330 Pinjarra Road,AU,Liquor Store,-32.5354514,115.7423567,https://us.non.world/pages/store-locator,2026-08-31T20:04:52.271834+00:00,,,,,,,,
NON,2656265207,Liquorland Pinjarra 2987,"Cnr George Street & James Street, AU",Cnr George Street & James Street,AU,Liquor Store,-32.6286438,115.8738103,https://us.non.world/pages/store-locator,2026-08-31T20:04:52.271834+00:00,,,,,,,,
NON,2656265375,Liquorland Thornlie 3215,"Thornlie, AU",Thornlie,AU,Liquor Store,-32.0552104,115.9630758,https://us.non.world/pages/store-locator,2026-08-31T20:04:52.271834+00:00,,,,,,,,
NON,2656284684,Liquorland Warnbro 3296,"Warnbro, AU",Warnbro,AU,Liquor Store,-32.3461432,115.7615852,https://us.non.world/pages/store-locator,2026-08-31T20:04:52.271834+00:00,,,,,,,,
NON,2656413361,OLD TOWN LIQUOR & DELI,"San Diego, US",San Diego,US,Liquor Store,32.7497181,-117.1922316,https://us.non.world/pages/store-locator,2026-08-31T20:04:52.271834+00:00,,,,,,,,
NON,2656558158,Essen Restaurant,"Stanthorpe, AU",Stanthorpe,AU,Restaurant,-28.6456266,151.9468121,https://us.non.world/pages/store-locator,2026-08-31T20:04:52.271834+00:00,,,,,,,,
NON,2658849791,Liquorland Doonside 3581,"Cnr Richmond Road & Woodcroft Drive, AU",Cnr Richmond Road & Woodcroft Drive,AU,Liquor Store,-33.7472436,150.8798171,https://us.non.world/pages/store-locator,2026-08-31T20:04:52.271834+00:00,,,,,,,,
NON,2658800039,Liquorland Bega 3488,"Bega, AU",Bega,AU,Liquor Store,-36.6752089,149.8449163,https://us.non.world/pages/store-locator,2026-08-31T20:04:52.271834+00:00,,,,,,,,
NON,2658849792,Liquorland Canberra Civic 2433,"Canberra, AU",Canberra,AU,Liquor Store,-35.2782755,149.1331042,https://us.non.world/pages/store-locator,2026-08-31T20:04:52.271834+00:00,,,,,,,,
NON,2658799940,Liquorland Cessnock 3574,"Cooper Street, AU",Cooper Street,AU,Liquor Store,-32.8357261,151.356913,https://us.non.world/pages/store-locator,2026-08-31T20:04:52.271834+00:00,,,,,,,,
NON,2658859726,Liquorland Coffs Harbour 3624,"Coffs Harbour, AU",Coffs Harbour,AU,Liquor Store,-30.2988227,153.1150347,https://us.non.world/pages/store-locator,2026-08-31T20:04:52.271834+00:00,,,,,,,,
NON,2658809895,Liquorland Collaroy 3510,"Collaroy, AU",Collaroy,AU,Liquor Store,-33.7313469,151.3005913,https://us.non.world/pages/store-locator,2026-08-31T20:04:52.271834+00:00,,,,,,,,
NON,2658809873,Liquorland Cronulla 2504,"Cronulla, AU",Cronulla,AU,Liquor Store,-34.0543943,151.1522887,https://us.non.world/pages/store-locator,2026-08-31T20:04:52.271834+00:00,,,,,,,,
NON,2658809874,Liquorland Dora Creek 3447,"Dora Creek, AU",Dora Creek,AU,Liquor Store,-33.0840015,151.5019779,https://us.non.world/pages/store-locator,2026-08-31T20:04:52.271834+00:00,,,,,,,,
NON,2658716199,Liquorland Elara 6077,"111 Elara Boulevard, AU",111 Elara Boulevard,AU,Liquor Store,-33.6955357,150.8203643,https://us.non.world/pages/store-locator,2026-08-31T20:04:52.271834+00:00,,,,,,,,
NON,2658716280,Liquorland Fletcher 3391,"Cnr Minmi Road & Churnwood Drive, AU",Cnr Minmi Road & Churnwood Drive,AU,Liquor Store,-32.8775635,151.6479423,https://us.non.world/pages/store-locator,2026-08-31T20:04:52.271834+00:00,,,,,,,,
NON,2658859786,Liquorland Gorokan 3432,"Gorokan, AU",Gorokan,AU,Liquor Store,-33.2581709,151.5114674,https://us.non.world/pages/store-locator,2026-08-31T20:04:52.271834+00:00,,,,,,,,
NON,2658859729,Liquorland Goulburn 2436,"Goulburn, AU",Goulburn,AU,Liquor Store,-34.752476,149.7211451,https://us.non.world/pages/store-locator,2026-08-31T20:04:52.271834+00:00,,,,,,,,
NON,2658799941,Liquorland Kaleen 2434,"Kaleen, AU",Kaleen,AU,Liquor Store,-35.2205335,149.1029011,https://us.non.world/pages/store-locator,2026-08-31T20:04:52.271834+00:00,,,,,,,,
NON,2658859787,Liquorland Lisarow 2934,"1 Parsons Road, AU",1 Parsons Road,AU,Liquor Store,-33.3847439,151.3673558,https://us.non.world/pages/store-locator,2026-08-31T20:04:52.271834+00:00,,,,,,,,
NON,2658849802,Liquorland Lithgow 3601,"Lithgow, AU",Lithgow,AU,Liquor Store,-33.4849574,150.1530899,https://us.non.world/pages/store-locator,2026-08-31T20:04:52.271834+00:00,,,,,,,,
NON,2658716513,Liquorland Manuka Plaza 3669,"Manuka, AU",Manuka,AU,Liquor Store,-35.3205664,149.1343264,https://us.non.world/pages/store-locator,2026-08-31T20:04:52.271834+00:00,,,,,,,,
NON,2658849803,Liquorland Marketown 3114,"Marketown Shopping Centre, AU",Marketown Shopping Centre,AU,Liquor Store,-32.9287064,151.7626879,https://us.non.world/pages/store-locator,2026-08-31T20:04:52.271834+00:00,,,,,,,,
NON,2658859788,Liquorland Narrabeen 3473,"Narrabeen, AU",Narrabeen,AU,Liquor Store,-33.707554,151.2959514,https://us.non.world/pages/store-locator,2026-08-31T20:04:52.271834+00:00,,,,,,,,
NON,2658800040,Liquorland Toukley 3481,"Toukley, AU",Toukley,AU,Liquor Store,-33.2633453,151.5390072,https://us.non.world/pages/store-locator,2026-08-31T20:04:52.271834+00:00,,,,,,,,
NON,2658850015,Liquorland Ulladulla 3657,"Ulladulla Market Square, AU",Ulladulla Market Square,AU,Liquor Store,-35.3587476,150.4727419,https://us.non.world/pages/store-locator,2026-08-31T20:04:52.271834+00:00,,,,,,,,
NON,2658716215,Liquorland Wallsend 3544,"Wallsend, AU",Wallsend,AU,Liquor Store,-32.90298600000001,151.6674429,https://us.non.world/pages/store-locator,2026-08-31T20:04:52.271834+00:00,,,,,,,,
NON,2658849819,Liquorland Warehouse Northbridge Plaza 2204,"Northbridge, AU",Northbridge,AU,Liquor Store,-33.8102425,151.208605,https://us.non.world/pages/store-locator,2026-08-31T20:04:52.271834+00:00,,,,,,,,
NON,2658839910,Liquorland West Pennant Hills 3661,"West Pennant Hills, AU",West Pennant Hills,AU,Liquor Store,-33.7464447,151.0512748,https://us.non.world/pages/store-locator,2026-08-31T20:04:52.271834+00:00,,,,,,,,
NON,2658859730,Liquorland Woy Woy 3542,"17 Railway Street, AU",17 Railway Street,AU,Liquor Store,-33.4873777,151.3236866,https://us.non.world/pages/store-locator,2026-08-31T20:04:52.271834+00:00,,,,,,,,
NON,2658800066,Liquorland Abbotsford 2507,"Abbotsford, AU",Abbotsford,AU,Liquor Store,-37.8105785,145.003082,https://us.non.world/pages/store-locator,2026-08-31T20:04:52.271834+00:00,,,,,,,,
NON,2658859731,Liquorland Bundoora 3794,"Bundoora, AU",Bundoora,AU,Liquor Store,-37.7025265,145.0570017,https://us.non.world/pages/store-locator,2026-08-31T20:04:52.271834+00:00,,,,,,,,
NON,2658800067,Liquorland Coburg 3892,"Coburg, AU",Coburg,AU,Liquor Store,-37.7426085,144.9662488,https://us.non.world/pages/store-locator,2026-08-31T20:04:52.271834+00:00,,,,,,,,
NON,2658809762,Liquorland Dandenong 3843,"Walker St, AU",Walker St,AU,Liquor Store,-37.986704,145.2169715,https://us.non.world/pages/store-locator,2026-08-31T20:04:52.271834+00:00,,,,,,,,
NON,2658809616,Liquorland Frankston 3872,"Frankston, AU",Frankston,AU,Liquor Store,-38.1400894,145.1254483,https://us.non.world/pages/store-locator,2026-08-31T20:04:52.271834+00:00,,,,,,,,
NON,2658839740,Liquorland Karingal 3717,"Frankston, AU",Frankston,AU,Subpremise,-38.139227,145.1524553,https://us.non.world/pages/store-locator,2026-08-31T20:04:52.271834+00:00,,,,,,,,
NON,2658859732,Liquorland Richmond Traders 5483,"Richmond, AU",Richmond,AU,Liquor Store,-37.8171544,144.9986971,https://us.non.world/pages/store-locator,2026-08-31T20:04:52.271834+00:00,,,,,,,,
NON,2658839843,Liquorland Uni Hill 3923,"Bundoora, AU",Bundoora,AU,Liquor Store,-37.6827915,145.0704108,https://us.non.world/pages/store-locator,2026-08-31T20:04:52.271834+00:00,,,,,,,,
NON,2658716202,Liquorland Victoria Gardens 2449,"Cnr Victoria St & Burnley St, AU",Cnr Victoria St & Burnley St,AU,Liquor Store,-37.8113447,145.0097589,https://us.non.world/pages/store-locator,2026-08-31T20:04:52.271834+00:00,,,,,,,,
NON,2658809877,Liquorland Werribee 3720,"Werribee, AU",Werribee,AU,Liquor Store,-37.9029246,144.6590553,https://us.non.world/pages/store-locator,2026-08-31T20:04:52.271834+00:00,,,,,,,,
NON,2658800033,Liquorland Kings Beach Buderim 6687,"Caloundra, AU",Caloundra,AU,Liquor Store,-26.8004846,153.1427179,https://us.non.world/pages/store-locator,2026-08-31T20:04:52.271834+00:00,,,,,,,,
NON,2658716430,Liquorland Berri 2824,"Berri, AU",Berri,AU,Liquor Store,-34.2807063,140.6090138,https://us.non.world/pages/store-locator,2026-08-31T20:04:52.271834+00:00,,,,,,,,
NON,2658839878,Liquorland Port Adelaide 3038,"Port Adelaide, AU",Port Adelaide,AU,Liquor Store,-34.8487977,138.5052832,https://us.non.world/pages/store-locator,2026-08-31T20:04:52.271834+00:00,,,,,,,,
NON,2658809635,Liquorland Victor Habour 2489,"Victor Harbor, AU",Victor Harbor,AU,Liquor Store,-35.5532408,138.6204081,https://us.non.world/pages/store-locator,2026-08-31T20:04:52.271834+00:00,,,,,,,,
NON,2658716285,Liqourland East Perth 2742,"East Perth, AU",East Perth,AU,Liquor Store,-31.953142,115.8784514,https://us.non.world/pages/store-locator,2026-08-31T20:04:52.271834+00:00,,,,,,,,
NON,2658839845,Liquorland Cellars Shenton Park 2303,"Shenton Park, AU",Shenton Park,AU,Liquor Store,-31.9565252,115.820312,https://us.non.world/pages/store-locator,2026-08-31T20:04:52.271834+00:00,,,,,,,,
NON,2658800069,Liquorland Currambine 2844,"Currambine, AU",Currambine,AU,Liquor Store,-31.7254126,115.7448607,https://us.non.world/pages/store-locator,2026-08-31T20:04:52.271834+00:00,,,,,,,,
NON,2658809622,Liquorland Dunsborough 2939,"Dunsborough, AU",Dunsborough,AU,Liquor Store,-33.6157441,115.1053495,https://us.non.world/pages/store-locator,2026-08-31T20:04:52.271834+00:00,,,,,,,,
NON,2658800200,Liquorland Midland 2472,"274 Great Eastern Highway, AU",274 Great Eastern Highway,AU,Liquor Store,-31.8899225,116.0099862,https://us.non.world/pages/store-locator,2026-08-31T20:04:52.271834+00:00,,,,,,,,
NON,2658716219,Liquorland Morley Galleria 3233,"The Galleria Shopping Centre, AU",The Galleria Shopping Centre,AU,Liquor Store,-31.8971626,115.8992309,https://us.non.world/pages/store-locator,2026-08-31T20:04:52.271834+00:00,,,,,,,,
NON,2658839915,Liquorland Nedlands 2298,"Nedlands, AU",Nedlands,AU,Liquor Store,-31.9731278,115.8132443,https://us.non.world/pages/store-locator,2026-08-31T20:04:52.271834+00:00,,,,,,,,
NON,2658716432,Liquorland Noranda 3225,"Noranda, AU",Noranda,AU,Liquor Store,-31.875372,115.8965019,https://us.non.world/pages/store-locator,2026-08-31T20:04:52.271834+00:00,,,,,,,,
NON,2658859735,Liquorland South Fremantle 3203,"South Fremantle, AU",South Fremantle,AU,Liquor Store,-32.074805,115.758989,https://us.non.world/pages/store-locator,2026-08-31T20:04:52.271834+00:00,,,,,,,,
NON,2658955552,NEUEHOUSE CANTEEN,"110 East 25th Street, New York, New York 10010",New York,US,Event Venue,40.7410448,-73.9848854,https://us.non.world/pages/store-locator,2026-08-31T20:04:52.271834+00:00,,,,,,,,
NON,2658987985,FELICE,"400 East 64th Street, New York, New York 10065",New York,US,Italian Restaurant,40.762514,-73.959485,https://us.non.world/pages/store-locator,2026-08-31T20:04:52.271834+00:00,,,,,,,,
NON,2658992262,Clos Wine Shop + Groceries,"San Diego, US",San Diego,US,Liquor Store,32.7595478,-117.1460178,https://us.non.world/pages/store-locator,2026-08-31T20:04:52.271834+00:00,,,,,,,,
NON,2660425136,Liquorland Albert Park 5484,"Albert Park, AU",Albert Park,AU,Liquor Store,-37.8408387,144.9541369,https://us.non.world/pages/store-locator,2026-08-31T20:04:52.271834+00:00,,,,,,,,
NON,2660392221,Liquorland Brunswick - Kmart 3859,"Brunswick, AU",Brunswick,AU,Liquor Store,-37.775432,144.9629044,https://us.non.world/pages/store-locator,2026-08-31T20:04:52.271834+00:00,,,,,,,,
NON,2660378357,Liquorland Harpley 7074,"Werribee, AU",Werribee,AU,Liquor Store,-37.9114481,144.6152965,https://us.non.world/pages/store-locator,2026-08-31T20:04:52.271834+00:00,,,,,,,,
NON,2660378474,Liquorland Romsey 5471,"Romsey, AU",Romsey,AU,Liquor Store,-37.3478951,144.7416421,https://us.non.world/pages/store-locator,2026-08-31T20:04:52.271834+00:00,,,,,,,,
NON,2660378358,Liquorland Truganina 2854,"Truganina, AU",Truganina,AU,Liquor Store,-37.8207364,144.7211633,https://us.non.world/pages/store-locator,2026-08-31T20:04:52.271834+00:00,,,,,,,,
NON,2660378359,Liquorland Beenleigh Barn 8693,"Beenleigh, AU",Beenleigh,AU,Liquor Store,-27.7226082,153.21911,https://us.non.world/pages/store-locator,2026-08-31T20:04:52.271834+00:00,,,,,,,,
NON,2660435409,Liquorland DBS Kensington Way 8363,"Bray Park, AU",Bray Park,AU,Shopping Mall,-27.2994447,152.9755969,https://us.non.world/pages/store-locator,2026-08-31T20:04:52.271834+00:00,,,,,,,,
NON,2660362866,Liquorland Labrador 6204,"Labrador, AU",Labrador,AU,Liquor Store,-27.9520517,153.4077172,https://us.non.world/pages/store-locator,2026-08-31T20:04:52.271834+00:00,,,,,,,,
NON,2660425331,Liquorland Noosa Junction 6680,"Noosa Junction Plaza, AU",Noosa Junction Plaza,AU,Liquor Store,-26.3966142,153.0895932,https://us.non.world/pages/store-locator,2026-08-31T20:04:52.271834+00:00,,,,,,,,
NON,2660317316,Liquorland Wellsby 6676,"Bongaree, AU",Bongaree,AU,Liquor Store,-27.0760926,153.1570525,https://us.non.world/pages/store-locator,2026-08-31T20:04:52.271834+00:00,,,,,,,,
NON,2660435389,Liquorland Churchill Centre 3395,"Kilburn, AU",Kilburn,AU,Liquor Store,-34.8649761,138.5810604,https://us.non.world/pages/store-locator,2026-08-31T20:04:52.271834+00:00,,,,,,,,
NON,2660435475,Liquorland Morphett Vale 3018,"Morphett Vale, AU",Morphett Vale,AU,Liquor Store,-35.1050534,138.5199095,https://us.non.world/pages/store-locator,2026-08-31T20:04:52.271834+00:00,,,,,,,,
NON,2660435304,Liquorland Mount Gambier 6084,"Mount Gambier, AU",Mount Gambier,AU,Liquor Store,-37.8156731,140.7606203,https://us.non.world/pages/store-locator,2026-08-31T20:04:52.271834+00:00,,,,,,,,
NON,2660435305,Liquorland Murray Bridge 2883,"Murray Bridge, AU",Murray Bridge,AU,Liquor Store,-35.1201201,139.273766,https://us.non.world/pages/store-locator,2026-08-31T20:04:52.271834+00:00,,,,,,,,
NON,2660392223,Liquorland North Adelaide 5476,"North Adelaide, AU",North Adelaide,AU,Liquor Store,-34.906377,138.5956932,https://us.non.world/pages/store-locator,2026-08-31T20:04:52.271834+00:00,,,,,,,,
NON,2660425315,Liquorland North haven 3019,"Osborne, AU",Osborne,AU,Liquor Store,-34.7960427,138.5017148,https://us.non.world/pages/store-locator,2026-08-31T20:04:52.271834+00:00,,,,,,,,
NON,2660363051,Liquorland Parafield Gardens 3021,"482 Salisbury Highway, AU",482 Salisbury Highway,AU,Liquor Store,-34.7913343,138.6167496,https://us.non.world/pages/store-locator,2026-08-31T20:04:52.271834+00:00,,,,,,,,
NON,2660362946,Liquorland Rundle Mall 6078,"Adelaide, AU",Adelaide,AU,Liquor Store,-34.9237475,138.6027295,https://us.non.world/pages/store-locator,2026-08-31T20:04:52.271834+00:00,,,,,,,,
NON,2660378195,Liquorland Stratton 3244,"Corner O'Connor Road & Farrall Road, AU",Corner O'Connor Road & Farrall Road,AU,Liquor Store,-31.8691108,116.0347332,https://us.non.world/pages/store-locator,2026-08-31T20:04:52.271834+00:00,,,,,,,,
NON,2660317199,Liquorland Swanview 3212,"Swan View, AU",Swan View,AU,Liquor Store,-31.8854767,116.0423579,https://us.non.world/pages/store-locator,2026-08-31T20:04:52.271834+00:00,,,,,,,,
NON,2660435391,Astral Weeks,"Subiaco, AU",Subiaco,AU,Bar,-31.9540503,115.8237436,https://us.non.world/pages/store-locator,2026-08-31T20:04:52.271834+00:00,,,,,,,,
NON,2661904761,Liquorland Batemans Bay 3428,"Stockland Mall, AU",Stockland Mall,AU,Liquor Store,-35.7073463,150.175802,https://us.non.world/pages/store-locator,2026-08-31T20:04:52.271834+00:00,,,,,,,,
NON,2661931309,Liquorland Cellars Chatswood Chase 2735,"Chatswood, AU",Chatswood,AU,Liquor Store,-33.794418,151.1859023,https://us.non.world/pages/store-locator,2026-08-31T20:04:52.271834+00:00,,,,,,,,
NON,2661904610,Liquorland Clemton Park 2438,"Campsie, AU",Campsie,AU,Liquor Store,-33.9224096,151.1020407,https://us.non.world/pages/store-locator,2026-08-31T20:04:52.271834+00:00,,,,,,,,
NON,2661931571,Liquorland Forster 3687,"Breese Parade, AU",Breese Parade,AU,Liquor Store,-32.1995844,152.5194108,https://us.non.world/pages/store-locator,2026-08-31T20:04:52.271834+00:00,,,,,,,,
NON,2661866017,Liquorland Griffith 3647,"Griffith, AU",Griffith,AU,Liquor Store,-34.2893875,146.0469314,https://us.non.world/pages/store-locator,2026-08-31T20:04:52.271834+00:00,,,,,,,,
NON,2661915449,Liquorland Lavington 3758,"Lavington, AU",Lavington,AU,Liquor Store,-36.0331097,146.9365327,https://us.non.world/pages/store-locator,2026-08-31T20:04:52.271834+00:00,,,,,,,,
NON,2661866042,Liquorland Narrandera 3652,"Narrandera, AU",Narrandera,AU,Liquor Store,-34.7454855,146.5540825,https://us.non.world/pages/store-locator,2026-08-31T20:04:52.271834+00:00,,,,,,,,
NON,2661915678,Liquorland Nowra 3547,"Nowra, AU",Nowra,AU,Liquor Store,-34.8740377,150.6036538,https://us.non.world/pages/store-locator,2026-08-31T20:04:52.271834+00:00,,,,,,,,
NON,2661866120,Liquorland Nowra 3680,"Nowra, AU",Nowra,AU,Liquor Store,-34.8741702,150.5995785,https://us.non.world/pages/store-locator,2026-08-31T20:04:52.271834+00:00,,,,,,,,
NON,2661904569,Liquorland Port Macquarie 3126,"Port Macquarie, AU",Port Macquarie,AU,Liquor Store,-31.4319579,152.908681,https://us.non.world/pages/store-locator,2026-08-31T20:04:52.271834+00:00,,,,,,,,
NON,2661931572,Liquorland Port Macquarie 3677,"Port Macquarie, AU",Port Macquarie,AU,Liquor Store,-31.42835759999999,152.9113522,https://us.non.world/pages/store-locator,2026-08-31T20:04:52.271834+00:00,,,,,,,,
NON,2661876084,Liquorland Revesby 3885,"Revesby, AU",Revesby,AU,Liquor Store,-33.9516094,151.0166095,https://us.non.world/pages/store-locator,2026-08-31T20:04:52.271834+00:00,,,,,,,,
NON,2661876085,Liquorland South West Rocks 5508,"South West Rocks, AU",South West Rocks,AU,Liquor Store,-30.9072821,153.0422029,https://us.non.world/pages/store-locator,2026-08-31T20:04:52.271834+00:00,,,,,,,,
NON,2661866632,Liquorland Taree 3290,"Taree, AU",Taree,AU,Liquor Store,-31.90958079999999,152.4603216,https://us.non.world/pages/store-locator,2026-08-31T20:04:52.271834+00:00,,,,,,,,
NON,2661875878,Liquorland Cowes 2990,"Cowes, AU",Cowes,AU,Liquor Store,-38.4526858,145.2385305,https://us.non.world/pages/store-locator,2026-08-31T20:04:52.271834+00:00,,,,,,,,
NON,2661876207,Liquorland Cranbourne 2904,"Cranbourne Park Shopping Centre, AU",Cranbourne Park Shopping Centre,AU,Liquor Store,-38.1089868,145.2821866,https://us.non.world/pages/store-locator,2026-08-31T20:04:52.271834+00:00,,,,,,,,
NON,2661875611,Liquorland Cranbourne West 3895,"Cranbourne West, AU",Cranbourne West,AU,Liquor Store,-38.09965,145.2672714,https://us.non.world/pages/store-locator,2026-08-31T20:04:52.271834+00:00,,,,,,,,
NON,2661941169,Liquorland Drouin 3875,"Drouin, AU",Drouin,AU,Liquor Store,-38.1343505,145.8558385,https://us.non.world/pages/store-locator,2026-08-31T20:04:52.271834+00:00,,,,,,,,
NON,2661866122,Liquorland Gisborne 3797,"Gisborne, AU",Gisborne,AU,Liquor Store,-37.485904,144.5913734,https://us.non.world/pages/store-locator,2026-08-31T20:04:52.271834+00:00,,,,,,,,
NON,2661866123,Liquorland Hallam 2957,"Hallam, AU",Hallam,AU,Liquor Store,-38.0040331,145.2674131,https://us.non.world/pages/store-locator,2026-08-31T20:04:52.271834+00:00,,,,,,,,
NON,2661876209,Liquorland Hamilton 2989,"Hamilton, AU",Hamilton,AU,Liquor Store,-37.742337,142.0254311,https://us.non.world/pages/store-locator,2026-08-31T20:04:52.271834+00:00,,,,,,,,
NON,2661915609,Liquorland Maryborough 3780,"Cnr Tuagra Street & Burke Street, AU",Cnr Tuagra Street & Burke Street,AU,Liquor Store,-37.051464,143.7364874,https://us.non.world/pages/store-locator,2026-08-31T20:04:52.271834+00:00,,,,,,,,
NON,2661875581,Liquorland Melton South 2442,"Melton South, AU",Melton South,AU,Liquor Store,-37.7017399,144.574371,https://us.non.world/pages/store-locator,2026-08-31T20:04:52.271834+00:00,,,,,,,,
NON,2661876210,Liquorland Melton West 3819,"Melton West, AU",Melton West,AU,Liquor Store,-37.6867643,144.5618718,https://us.non.world/pages/store-locator,2026-08-31T20:04:52.271834+00:00,,,,,,,,
NON,2661876211,Liquorland Pakenham 3823,"Pakenham, AU",Pakenham,AU,Liquor Store,-38.0785506,145.4782898,https://us.non.world/pages/store-locator,2026-08-31T20:04:52.271834+00:00,,,,,,,,
NON,2661915797,Liquorland Sebastopol 2853,"Sebastopol, AU",Sebastopol,AU,Liquor Store,-37.5995391,143.8404477,https://us.non.world/pages/store-locator,2026-08-31T20:04:52.271834+00:00,,,,,,,,
NON,2661941170,Liquorland Seymour 2482,"Seymour, AU",Seymour,AU,Liquor Store,-37.0234376,145.13442,https://us.non.world/pages/store-locator,2026-08-31T20:04:52.271834+00:00,,,,,,,,
NON,2661875583,Liquorland Wangaratta 3841,"Wangaratta, AU",Wangaratta,AU,Liquor Store,-36.3591718,146.3154702,https://us.non.world/pages/store-locator,2026-08-31T20:04:52.271834+00:00,,,,,,,,
NON,2661875584,Liquorland Wodonga 2421,"Wodonga, AU",Wodonga,AU,Liquor Store,-36.1222747,146.8883687,https://us.non.world/pages/store-locator,2026-08-31T20:04:52.271834+00:00,,,,,,,,
NON,2661915800,Goldilocks,"Northcote, AU",Northcote,AU,Shopping Mall,-37.7729928,144.9984341,https://us.non.world/pages/store-locator,2026-08-31T20:04:52.271834+00:00,,,,,,,,
NON,2661875880,Liquorland Cellars Cottesloe 2741,"Cottesloe, AU",Cottesloe,AU,Liquor Store,-31.9998385,115.7616905,https://us.non.world/pages/store-locator,2026-08-31T20:04:52.271834+00:00,,,,,,,,
NON,2661866045,Liquorland Kwinana Hub 3407,"Kwinana, AU",Kwinana,AU,Liquor Store,-32.244302,115.814162,https://us.non.world/pages/store-locator,2026-08-31T20:04:52.271834+00:00,,,,,,,,
NON,2661866057,The Cabin Small Bar,"Perth, AU",Perth,AU,Bar,-31.9540884,115.8603255,https://us.non.world/pages/store-locator,2026-08-31T20:04:52.271834+00:00,,,,,,,,
NON,2663404865,Liquorland Merrylands 3360,"Merrylands, AU",Merrylands,AU,Liquor Store,-33.8358293,150.9907236,https://us.non.world/pages/store-locator,2026-08-31T20:04:52.271834+00:00,,,,,,,,
NON,2663404959,Liquorland Penrith - Nepean 3697,"Nepean Square Shopping Centre, AU",Nepean Square Shopping Centre,AU,Liquor Store,-33.7568972,150.6927532,https://us.non.world/pages/store-locator,2026-08-31T20:04:52.271834+00:00,,,,,,,,
NON,2663385829,Liquorland Penrith Westfield 2819,"Penrith, AU",Penrith,AU,Liquor Store,-33.7511538,150.6927532,https://us.non.world/pages/store-locator,2026-08-31T20:04:52.271834+00:00,,,,,,,,
NON,2663235891,Liquorland Toronto 5469,"Toronto, AU",Toronto,AU,Liquor Store,-33.012707,151.5941784,https://us.non.world/pages/store-locator,2026-08-31T20:04:52.271834+00:00,,,,,,,,
NON,2663433927,Hanoi Hannah Elsternwick,"Elsternwick, AU",Elsternwick,AU,Vietnamese Restaurant,-37.884559,145.0022957,https://us.non.world/pages/store-locator,2026-08-31T20:04:52.271834+00:00,,,,,,,,
NON,2663404920,Liquorland Braybrook 2477,"Braybrook, AU",Braybrook,AU,Liquor Store,-37.7785776,144.8499021,https://us.non.world/pages/store-locator,2026-08-31T20:04:52.271834+00:00,,,,,,,,
NON,2663386212,Liquorland Campbellfield 2875,"Campbellfield, AU",Campbellfield,AU,Liquor Store,-37.6896294,144.9580279,https://us.non.world/pages/store-locator,2026-08-31T20:04:52.271834+00:00,,,,,,,,
NON,2663417898,Liquorland Corio 3860,"Corio, AU",Corio,AU,Liquor Store,-38.0755207,144.3562122,https://us.non.world/pages/store-locator,2026-08-31T20:04:52.271834+00:00,,,,,,,,
NON,2663418047,Liquorland Dandenong Princes 3877,"Dandenong, AU",Dandenong,AU,Liquor Store,-37.9837469,145.2135908,https://us.non.world/pages/store-locator,2026-08-31T20:04:52.271834+00:00,,,,,,,,
NON,2663404922,Liquorland Deer Park 3813,"Deer Park, AU",Deer Park,AU,Liquor Store,-37.7526787,144.7778742,https://us.non.world/pages/store-locator,2026-08-31T20:04:52.271834+00:00,,,,,,,,
NON,2663386036,Liquorland Epping Plaza 3764,"Epping Plaza Shopping Centre, AU",Epping Plaza Shopping Centre,AU,Liquor Store,-37.6537171,145.0191018,https://us.non.world/pages/store-locator,2026-08-31T20:04:52.271834+00:00,,,,,,,,
NON,2663418472,Liquorland Hoppers Crossing 3891,"Hoppers Crossing, AU",Hoppers Crossing,AU,Liquor Store,-37.8806783,144.7042318,https://us.non.world/pages/store-locator,2026-08-31T20:04:52.271834+00:00,,,,,,,,
NON,2663386037,Liquorland Port Lincoln 3022,"Port Lincoln, AU",Port Lincoln,AU,Liquor Store,-34.7360194,135.8535628,https://us.non.world/pages/store-locator,2026-08-31T20:04:52.271834+00:00,,,,,,,,
NON,2663386131,Liquorland Busselton 2494,"30 Kent St, AU",30 Kent St,AU,Liquor Store,-33.6508695,115.3428352,https://us.non.world/pages/store-locator,2026-08-31T20:04:52.271834+00:00,,,,,,,,
NON,2664888656,The Banyans,"39 Hercules Street, Brisbane, Queensland 4007",Queensland,AU,Health,-27.4410211,153.0694706,https://us.non.world/pages/store-locator,2026-08-31T20:04:52.271834+00:00,,,,,,,,
NON,2664938314,Liquorland Balgownie 3651,"Balgownie, AU",Balgownie,AU,Liquor Store,-34.3887009,150.8785805,https://us.non.world/pages/store-locator,2026-08-31T20:04:52.271834+00:00,,,,,,,,
NON,2664949380,Liquorland Broadmeadow 3196,"Broadmeadow, AU",Broadmeadow,AU,Liquor Store,-32.9242881,151.7398057,https://us.non.world/pages/store-locator,2026-08-31T20:04:52.271834+00:00,,,,,,,,
NON,2664889020,Liquorland Tanilba Bay 3077,"Tanilba Bay, AU",Tanilba Bay,AU,Liquor Store,-32.7355549,151.9999643,https://us.non.world/pages/store-locator,2026-08-31T20:04:52.271834+00:00,,,,,,,,
NON,2664958971,Liquorland Echuca 3766,"Echuca, AU",Echuca,AU,Liquor Store,-36.1296678,144.7568089,https://us.non.world/pages/store-locator,2026-08-31T20:04:52.271834+00:00,,,,,,,,
NON,2664949388,Liquorland Kangaroo Flat 3976,"Kangaroo Flat, AU",Kangaroo Flat,AU,Liquor Store,-36.8091584,144.2410979,https://us.non.world/pages/store-locator,2026-08-31T20:04:52.271834+00:00,,,,,,,,
NON,2664938951,Liquorland Moe 3856,"Moe, AU",Moe,AU,Liquor Store,-38.17358,146.2588275,https://us.non.world/pages/store-locator,2026-08-31T20:04:52.271834+00:00,,,,,,,,
NON,2664938515,Liquorland Myrtleford 3829,"Myrtleford, AU",Myrtleford,AU,Liquor Store,-36.5614381,146.7263772,https://us.non.world/pages/store-locator,2026-08-31T20:04:52.271834+00:00,,,,,,,,
NON,2664959307,Liquorland Wendouree 3816,"Corner Gillies St & Norman St, AU",Corner Gillies St & Norman St,AU,Liquor Store,-37.53777729999999,143.822345,https://us.non.world/pages/store-locator,2026-08-31T20:04:52.271834+00:00,,,,,,,,
NON,2664973033,Liquorland Marsden 6616,"Marsden, AU",Marsden,AU,Liquor Store,-27.6790191,153.1154218,https://us.non.world/pages/store-locator,2026-08-31T20:04:52.271834+00:00,,,,,,,,
NON,2664928063,Liquorland Paralowie 3033,"Corner Bolivar Road And Liberator Drive, AU",Corner Bolivar Road And Liberator Drive,AU,Liquor Store,-34.7586001,138.5959866,https://us.non.world/pages/store-locator,2026-08-31T20:04:52.271834+00:00,,,,,,,,
NON,2666000591,Arthur Belgravia Ltd t/ The Prince Arthur,"London, UK",London,UK,Gastropub,51.4907891,-0.1508322,https://us.non.world/pages/store-locator,2026-08-31T20:04:52.271834+00:00,,,,,,,,
NON,2666034705,Brennan Trading Ltd t/a Caper & Berry,"Halfway Lane, UK",Halfway Lane,UK,Caterer,51.1861892,-0.6320568999999999,https://us.non.world/pages/store-locator,2026-08-31T20:04:52.271834+00:00,,,,,,,,
NON,2665935500,Moor Hall Restaurant Limited,"Aughton, UK",Aughton,UK,Fine Dining Restaurant,53.5391309,-2.8933698,https://us.non.world/pages/store-locator,2026-08-31T20:04:52.271834+00:00,,,,,,,,
NON,2665972938,Thirsty Boy Wine Co LTD T/A parched,"London, UK",London,UK,Subpremise,51.5451847,-0.0763616,https://us.non.world/pages/store-locator,2026-08-31T20:04:52.271834+00:00,,,,,,,,
NON,2666034686,Trinity Polygon Ltd,"London, UK",London,UK,Fine Dining Restaurant,51.4635076,-0.1414181,https://us.non.world/pages/store-locator,2026-08-31T20:04:52.271834+00:00,,,,,,,,
NON,2665935398,Warm Bread Roll & Co. Ltd t/a Corner Shop,"London, UK",London,UK,Restaurant,51.5114172,-0.1140785,https://us.non.world/pages/store-locator,2026-08-31T20:04:52.271834+00:00,,,,,,,,
NON,2669225127,BURMA BAY CAFE,"Fremont, US",Fremont,US,Burmese Restaurant,37.4766888,-121.9212219,https://us.non.world/pages/store-locator,2026-08-31T20:04:52.271834+00:00,,,,,,,,
NON,2669555838,Liquorland Bathurst 3663,"Bathurst, AU",Bathurst,AU,Liquor Store,-33.4163921,149.5825121,https://us.non.world/pages/store-locator,2026-08-31T20:04:52.271834+00:00,,,,,,,,
NON,2669583019,Liquorland Narrabri 3684,"Narrabri, AU",Narrabri,AU,Liquor Store,-30.3240158,149.7827169,https://us.non.world/pages/store-locator,2026-08-31T20:04:52.271834+00:00,,,,,,,,
NON,2669578215,Liquorland Randwick 3630,"Randwick, AU",Randwick,AU,Liquor Store,-33.9159662,151.2403745,https://us.non.world/pages/store-locator,2026-08-31T20:04:52.271834+00:00,,,,,,,,
NON,2669582772,Liquorland South Muswellbrook 3091,"Muswellbrook, AU",Muswellbrook,AU,Liquor Store,-32.2827129,150.8961945,https://us.non.world/pages/store-locator,2026-08-31T20:04:52.271834+00:00,,,,,,,,
NON,2669597491,Liquorland Windsor 3643,"Windsor, AU",Windsor,AU,Liquor Store,-33.60695,150.8189633,https://us.non.world/pages/store-locator,2026-08-31T20:04:52.271834+00:00,,,,,,,,
NON,2669566873,Liquorland Benalla 3770,"Benalla, AU",Benalla,AU,Liquor Store,-36.5497361,145.985836,https://us.non.world/pages/store-locator,2026-08-31T20:04:52.271834+00:00,,,,,,,,
NON,2669583045,Liquorland Port Augusta 2825,"Corner Commercial Road & El Alamein Road, AU",Corner Commercial Road & El Alamein Road,AU,Liquor Store,-32.4905248,137.7613084,https://us.non.world/pages/store-locator,2026-08-31T20:04:52.271834+00:00,,,,,,,,
NON,2671290831,Liquorland Parkes 3442,"Parkes, AU",Parkes,AU,Liquor Store,-33.1356985,148.1729949,https://us.non.world/pages/store-locator,2026-08-31T20:04:52.271834+00:00,,,,,,,,
NON,2672889174,Good Riddance Market,"Venice, US",Venice,US,Grocery Store,33.9964316,-118.4581286,https://us.non.world/pages/store-locator,2026-08-31T20:04:52.271834+00:00,,,,,,,,
NON,2672850542,Missoula College,"Missoula, US",Missoula,US,College,46.86475550000001,-113.9758906,https://us.non.world/pages/store-locator,2026-08-31T20:04:52.271834+00:00,,,,,,,,
NON,2673143245,Flight Club Melbourne,"Fitzroy, AU",Fitzroy,AU,Bar,-37.7443202,144.9751539,https://us.non.world/pages/store-locator,2026-08-31T20:04:52.271834+00:00,,,,,,,,
NON,2675636783,BELLAGIO HOTEL & CASINO,"Las Vegas, US",Las Vegas,US,Casino,36.1131506,-115.1768039,https://us.non.world/pages/store-locator,2026-08-31T20:04:52.271834+00:00,,,,,,,,
NON,2675610436,PLUMP JACK WINES #03990,"San Francisco, US",San Francisco,US,Liquor Store,37.7990968,-122.4361294,https://us.non.world/pages/store-locator,2026-08-31T20:04:52.271834+00:00,,,,,,,,
NON,2676376093,Liquorland St Ives Village 2203,"166 Mona Vale Road, AU",166 Mona Vale Road,AU,Liquor Store,-33.7298237,151.1589082,https://us.non.world/pages/store-locator,2026-08-31T20:04:52.271834+00:00,,,,,,,,
NON,2676454663,Liquorland Watsonia 5880,"Watsonia, AU",Watsonia,AU,Liquor Store,-37.7111672,145.0822682,https://us.non.world/pages/store-locator,2026-08-31T20:04:52.271834+00:00,,,,,,,,
NON,2677634858,Liquorland Cellars Balmain 2207,"Balmain, AU",Balmain,AU,Liquor Store,-33.8575803,151.1826774,https://us.non.world/pages/store-locator,2026-08-31T20:04:52.271834+00:00,,,,,,,,
NON,2677650990,Liquorland Morwell 3742,"Morwell, AU",Morwell,AU,Liquor Store,-38.2394946,146.3982802,https://us.non.world/pages/store-locator,2026-08-31T20:04:52.271834+00:00,,,,,,,,
NON,2677762855,THE WELL,"Austin, US",Austin,US,Restaurant,30.265922,-97.748035,https://us.non.world/pages/store-locator,2026-08-31T20:04:52.271834+00:00,,,,,,,,
NON,2677745781,ARDESIA,"510 West 52nd Street, New York, New York 10019",New York,US,Wine Bar,40.76610549999999,-73.99177209999999,https://us.non.world/pages/store-locator,2026-08-31T20:04:52.271834+00:00,,,,,,,,
NON,2677762718,MIXTECA,"West 4th Street, New York, New York 10014",New York,US,Bar,40.731832,-74.001396,https://us.non.world/pages/store-locator,2026-08-31T20:04:52.271834+00:00,,,,,,,,
NON,2680269773,Albion Hotel,"Abbotsford, AU",Abbotsford,AU,Bar,-37.7999754,144.9944789,https://us.non.world/pages/store-locator,2026-08-31T20:04:52.271834+00:00,,,,,,,,
NON,2680266229,Flight Club,"Hamer Hall, AU",Hamer Hall,AU,Concert Hall,-37.8201455,144.9679946,https://us.non.world/pages/store-locator,2026-08-31T20:04:52.271834+00:00,,,,,,,,
NON,2680269633,Maman Bar and Kitchen,"32 Eton St, AU",32 Eton St,AU,,-27.4002319,153.0592564,https://us.non.world/pages/store-locator,2026-08-31T20:04:52.271834+00:00,,,,,,,,
NON,2680269615,Lokal Wine,"Surry Hills, AU",Surry Hills,AU,Wine Bar,-33.8856119,151.217059,https://us.non.world/pages/store-locator,2026-08-31T20:04:52.271834+00:00,,,,,,,,
NON,2680302671,Odd Culture,"Newtown, AU",Newtown,AU,Restaurant,-33.8959953,151.1810454,https://us.non.world/pages/store-locator,2026-08-31T20:04:52.271834+00:00,,,,,,,,
NON,2680272602,Amarillo,"Fitzroy, AU",Fitzroy,AU,Bar,-37.8061033,144.9820526,https://us.non.world/pages/store-locator,2026-08-31T20:04:52.271834+00:00,,,,,,,,
NON,2680274657,Bodega Co,"Dromana, AU",Dromana,AU,Wine Bar,-38.3311388,144.9686051,https://us.non.world/pages/store-locator,2026-08-31T20:04:52.271834+00:00,,,,,,,,
NON,2680269753,Hive Marketplace,"10 Avian St, AU",10 Avian St,AU,Shopping Mall,-26.664393,153.0382183,https://us.non.world/pages/store-locator,2026-08-31T20:04:52.271834+00:00,,,,,,,,
NON,2680274998,Sangoma Retreat,"Taringa, AU",Taringa,AU,Subpremise,-27.4915592,152.980883,https://us.non.world/pages/store-locator,2026-08-31T20:04:52.271834+00:00,,,,,,,,
NON,2680275000,Southend Hotel,"Budgewoi, AU",Budgewoi,AU,Bistro,-33.2363257,151.5616776,https://us.non.world/pages/store-locator,2026-08-31T20:04:52.271834+00:00,,,,,,,,
NON,2680275001,Aranya Acres,"Arrawarra Headland, AU",Arrawarra Headland,AU,Street Address,-30.0607356,153.2001505,https://us.non.world/pages/store-locator,2026-08-31T20:04:52.271834+00:00,,,,,,,,
NON,2680275003,Lulu Dining,"Malvern, AU",Malvern,AU,Italian Restaurant,-37.8648377,145.0284303,https://us.non.world/pages/store-locator,2026-08-31T20:04:52.271834+00:00,,,,,,,,
NON,2680272531,Retreat At Wisemans,"Wisemans Ferry, AU",Wisemans Ferry,AU,Resort hotel,-33.6023024,151.0098858,https://us.non.world/pages/store-locator,2026-08-31T20:04:52.271834+00:00,,,,,,,,
NON,2680428714,QUALITY BURGER,"260 Broadway, New York, New York 10000",NEW YORK,US,Hamburger Restaurant,40.7127753,-74.0059728,https://us.non.world/pages/store-locator,2026-08-31T20:04:52.271834+00:00,,,,,,,,
NON,2680419745,ALL WELL,"Chicago, US",Chicago,US,American Restaurant,41.8834279,-87.65310989999999,https://us.non.world/pages/store-locator,2026-08-31T20:04:52.271834+00:00,,,,,,,,
NON,2680431223,Cheeky and Dry Non Alcoholic Bottle Shop,"Seattle, US",Seattle,US,Health Food Store,47.6737896,-122.3541109,https://us.non.world/pages/store-locator,2026-08-31T20:04:52.271834+00:00,,,,,,,,
NON,2683495449,Copper Door Co,"3535 Bass Hwy, AU",3535 Bass Hwy,AU,,-38.5496833,145.4766889,https://us.non.world/pages/store-locator,2026-08-31T20:04:52.271834+00:00,,,,,,,,
NON,2683566404,Spaghetti Club,"Richmond, AU",Richmond,AU,Italian Restaurant,-37.825096,144.99419,https://us.non.world/pages/store-locator,2026-08-31T20:04:52.271834+00:00,,,,,,,,
NON,2683577249,Liquorland Finnigans Chin Br 8622,"Kallangur, AU",Kallangur,AU,Liquor Store,-27.2500171,152.9965409,https://us.non.world/pages/store-locator,2026-08-31T20:04:52.271834+00:00,,,,,,,,
NON,2683577250,Liquorland Duncraig 2763,"Duncraig, AU",Duncraig,AU,Liquor Store,-31.8368393,115.7645265,https://us.non.world/pages/store-locator,2026-08-31T20:04:52.271834+00:00,,,,,,,,
NON,2686996081,Bloom,"Thebarton, AU",Thebarton,AU,Restaurant,-34.9103119,138.5734098,https://us.non.world/pages/store-locator,2026-08-31T20:04:52.271834+00:00,,,,,,,,
NON,2688190881,Eat 17 Ltd,"London, UK",London,UK,Brunch Restaurant,51.5825741,-0.012873,https://us.non.world/pages/store-locator,2026-08-31T20:04:52.271834+00:00,,,,,,,,
NON,2688130804,Sacred River Ltd t/a Sketch,"London, UK",London,UK,Restaurant,51.5127667,-0.1415637,https://us.non.world/pages/store-locator,2026-08-31T20:04:52.271834+00:00,,,,,,,,
NON,2688148636,Templeton & Templeton LTD ta Carousel,"London, UK",London,UK,Services,51.5186782,-0.1351796,https://us.non.world/pages/store-locator,2026-08-31T20:04:52.271834+00:00,,,,,,,,
NON,2690308343,67 Pall Mall Melbourne,"343 Little Collins St, AU",343 Little Collins St,AU,Point Of Interest,-37.8154535,144.9634296,https://us.non.world/pages/store-locator,2026-08-31T20:04:52.271834+00:00,,,,,,,,
NON,2690281981,Liquorland Hendon 5474,"Hendon, AU",Hendon,AU,Liquor Store,-34.8777875,138.5150171,https://us.non.world/pages/store-locator,2026-08-31T20:04:52.271834+00:00,,,,,,,,
NON,2692132395,Liquorland Golden Grove 5480,"Golden Grove, AU",Golden Grove,AU,Liquor Store,-34.79467169999999,138.6899235,https://us.non.world/pages/store-locator,2026-08-31T20:04:52.271834+00:00,,,,,,,,
NON,2692979150,CHEESE PLATE BROOKLYN,"400 7th Avenue, New York, New York 11215",Brooklyn,US,Food Store,40.664842,-73.9835998,https://us.non.world/pages/store-locator,2026-08-31T20:04:52.271834+00:00,+1-929-434-9937,,https://www.cheeseplatebrooklyn.com,openstreetmap,,"Mo,We,Th 10:00-19:00; Fr,Sa 10:00-20:00; Su 10:00-19:00",,
NON,2692952222,SAA,"154 Scott Avenue, New York, New York 11237",Brooklyn,US,Association / Organization,40.7119835,-73.9235261,https://us.non.world/pages/store-locator,2026-08-31T20:04:52.271834+00:00,,,,,,,,
NON,2695400632,Byron Bay Chiropractic Centre,"7 Grevillea Street, AU",7 Grevillea Street,AU,Chiropractor,-28.6362893,153.5832391,https://us.non.world/pages/store-locator,2026-08-31T20:04:52.271834+00:00,,,,,,,,
NON,2698378006,Evra,"Newstead, AU",Newstead,AU,Restaurant,-27.4512195,153.0455278,https://us.non.world/pages/store-locator,2026-08-31T20:04:52.271834+00:00,,,,,,,,
NON,2698697628,GRAPE JUICE,"Kerrville, US",Kerrville,US,American Restaurant,30.0465826,-99.14209129999999,https://us.non.world/pages/store-locator,2026-08-31T20:04:52.271834+00:00,,,,,,,,
NON,2701667096,Liquorland Mambourin 5495,"Mambourin, AU",Mambourin,AU,Liquor Store,-37.8822296,144.5943322,https://us.non.world/pages/store-locator,2026-08-31T20:04:52.271834+00:00,,,,,,,,
NON,2701667224,Liquorland Yarrawonga 5458,"Yarrawonga, AU",Yarrawonga,AU,Liquor Store,-36.01018699999999,146.0043977,https://us.non.world/pages/store-locator,2026-08-31T20:04:52.271834+00:00,,,,,,,,
NON,2703520671,Inn At Langley,"Langley, US",Langley,US,Hotel,48.0399129,-122.4061037,https://us.non.world/pages/store-locator,2026-08-31T20:04:52.271834+00:00,,,,,,,,
NON,2705682507,COURTYARD BY MARRIOTT,"San Diego, US",San Diego,US,Hotel,32.7083329,-117.1652871,https://us.non.world/pages/store-locator,2026-08-31T20:04:52.271834+00:00,,,,,,,,
NON,2705640167,Greedy Reads,"Baltimore, US",Baltimore,US,Book Store,39.2772702,-76.6125608,https://us.non.world/pages/store-locator,2026-08-31T20:04:52.271834+00:00,,,,,,,,
NON,2706571578,Kitchen W8 - TA- Chauhaus Ltd,"London, UK",London,UK,Fine Dining Restaurant,51.4991081,-0.1967344,https://us.non.world/pages/store-locator,2026-08-31T20:04:52.271834+00:00,,,,,,,,
NON,2706571485,Mayfair Spirit Limited t/a Pinna,"London, UK",London,UK,,51.50669809999999,-0.1467471,https://us.non.world/pages/store-locator,2026-08-31T20:04:52.271834+00:00,,,,,,,,
NON,2706435300,THE HOXTON (SOUTHWARK) LIMITED,"London, UK",London,UK,Hotel,51.5058894,-0.1048681,https://us.non.world/pages/store-locator,2026-08-31T20:04:52.271834+00:00,,,,,,,,
NON,2707262723,Rocky Hills Retreat,"Rocky Hills, AU",Rocky Hills,AU,Lodging,-42.2270117,147.9997094,https://us.non.world/pages/store-locator,2026-08-31T20:04:52.271834+00:00,,,,,,,,
NON,2708638243,Tiger Lane,"Canberra, AU",Canberra,AU,Restaurant,-35.2782755,149.1331042,https://us.non.world/pages/store-locator,2026-08-31T20:04:52.271834+00:00,,,,,,,,
NON,2708675210,Liquorland Tewantin 5457,"Tewantin, AU",Tewantin,AU,Liquor Store,-26.391142,153.0392258,https://us.non.world/pages/store-locator,2026-08-31T20:04:52.271834+00:00,,,,,,,,
NON,2710530129,East Village Hotel Balmain,"Balmain East, AU",Balmain East,AU,Pub,-33.8576718,151.1924803,https://us.non.world/pages/store-locator,2026-08-31T20:04:52.271834+00:00,,,,,,,,
NON,2710478049,Liquorland Glenroy 3807,"Glenroy, AU",Glenroy,AU,Liquor Store,-37.7052652,144.9167854,https://us.non.world/pages/store-locator,2026-08-31T20:04:52.271834+00:00,,,,,,,,
NON,2710490584,Liquorland Beenleigh 6002,"Tenancy 1A/19 Tansey St, AU",Tenancy 1A/19 Tansey St,AU,Liquor Store,-27.7189913,153.2027756,https://us.non.world/pages/store-locator,2026-08-31T20:04:52.271834+00:00,,,,,,,,
NON,2711683075,POUR DESTINO,"Hinsdale, US",Hinsdale,US,Bar,41.8010714,-87.92963189999999,https://us.non.world/pages/store-locator,2026-08-31T20:04:52.271834+00:00,,,,,,,,
NON,2711657059,L ABEILLE,"415 Greenwich Street, New York, New York 10013",New York,US,French Restaurant,40.7218848,-74.0099346,https://us.non.world/pages/store-locator,2026-08-31T20:04:52.271834+00:00,,,,,,,,
NON,2715197674,JEWEL OSCO #1241,"Chicago, US",Chicago,US,Grocery Store,41.9064636,-87.6693633,https://us.non.world/pages/store-locator,2026-08-31T20:04:52.271834+00:00,,,,,,,,
NON,2717080529,Liquorland Chirnside Park 3852,"239-241 Maroondah Highway, AU",239-241 Maroondah Highway,AU,Liquor Store,-37.7573719,145.3135612,https://us.non.world/pages/store-locator,2026-08-31T20:04:52.271834+00:00,,,,,,,,
NON,2717031375,Liquorland Floreat 2739,"1 Howtree Place, AU",1 Howtree Place,AU,Liquor Store,-31.9376569,115.7926738,https://us.non.world/pages/store-locator,2026-08-31T20:04:52.271834+00:00,,,,,,,,
NON,2718634891,O.M.Y,"Beaconsfield, AU",Beaconsfield,AU,Mexican Restaurant,-38.0462592,145.3674491,https://us.non.world/pages/store-locator,2026-08-31T20:04:52.271834+00:00,,,,,,,,
NON,2718564774,Sessions,"Brunswick West, AU",Brunswick West,AU,Liquor Store,-37.762003,144.944474,https://us.non.world/pages/store-locator,2026-08-31T20:04:52.271834+00:00,,,,,,,,
NON,2718644836,Cafe Mecca,"Sunshine, AU",Sunshine,AU,Cafe,-37.7851115,144.8331254,https://us.non.world/pages/store-locator,2026-08-31T20:04:52.271834+00:00,,,,,,,,
NON,2718644837,Such and Such,"Canberra, AU",Canberra,AU,Restaurant,-35.2824372,149.1314009,https://us.non.world/pages/store-locator,2026-08-31T20:04:52.271834+00:00,,,,,,,,
NON,2718524147,Enter Via Laundry,"Melbourne, AU",Melbourne,AU,Bar,-37.8113923,144.9712047,https://us.non.world/pages/store-locator,2026-08-31T20:04:52.271834+00:00,,,,,,,,
NON,2718635205,Bahjong,"Geelong, AU",Geelong,AU,Restaurant,-38.14805339999999,144.3590657,https://us.non.world/pages/store-locator,2026-08-31T20:04:52.271834+00:00,,,,,,,,
NON,2718524309,Sara Dining,"Berry, AU",Berry,AU,Restaurant,-34.8074629,150.7096622,https://us.non.world/pages/store-locator,2026-08-31T20:04:52.271834+00:00,,,,,,,,
NON,2718524108,Milton Wine Shop,"Malvern, AU",Malvern,AU,Bar,-37.8529714,145.0418021,https://us.non.world/pages/store-locator,2026-08-31T20:04:52.271834+00:00,,,,,,,,
NON,2718575305,Non Disclosure Bar,"Geelong, AU",Geelong,AU,Cocktail Bar,-38.1475544,144.3587811,https://us.non.world/pages/store-locator,2026-08-31T20:04:52.271834+00:00,,,,,,,,
NON,2718634894,Casa Umberto,Thornbury,Thornbury,,Italian Restaurant,-37.752655,145.001404,https://us.non.world/pages/store-locator,2026-08-31T20:04:52.271834+00:00,,,,,,,,
NON,2718575860,Edinburgh Hotel and Cellars,"Mitcham, AU",Mitcham,AU,Pub,-34.978089,138.6223838,https://us.non.world/pages/store-locator,2026-08-31T20:04:52.271834+00:00,,,,,,,,
NON,2718644858,Co Conspirators Brewing Co Pty Ltd,"Brunswick, AU",Brunswick,AU,Brewery,-37.7662408,144.9568143,https://us.non.world/pages/store-locator,2026-08-31T20:04:52.271834+00:00,,,,,,,,
NON,2719953874,Liquorland Warehouse Launceston 2269,"Launceston, AU",Launceston,AU,Liquor Store,-41.4417629,147.1368195,https://us.non.world/pages/store-locator,2026-08-31T20:04:52.271834+00:00,,,,,,,,
NON,2721776269,Dorsett Melbourne,"Melbourne, AU",Melbourne,AU,Hotel,-37.8139857,144.9532276,https://us.non.world/pages/store-locator,2026-08-31T20:04:52.271834+00:00,,,,,,,,
NON,2721723949,Hamilton Gallery,"Hamilton, AU",Hamilton,AU,Art Gallery,-37.7422648,142.0245363,https://us.non.world/pages/store-locator,2026-08-31T20:04:52.271834+00:00,,,,,,,,
NON,2721753893,The Wine Wave,"Ste 3, US",Ste 3,US,Liquor Store,26.4613917,-80.06298919999999,https://us.non.world/pages/store-locator,2026-08-31T20:04:52.271834+00:00,,,,,,,,
NON,2724537414,SANDS HOTEL & SPA #1129875,"Indian Wells, US",Indian Wells,US,Hotel,33.7220788,-116.3521378,https://us.non.world/pages/store-locator,2026-08-31T20:04:52.271834+00:00,,,,,,,,
NON,2724538064,ALAMO CITY LIQUOR,"Ste 107, US",Ste 107,US,Liquor Store,29.6016135,-98.533677,https://us.non.world/pages/store-locator,2026-08-31T20:04:52.271834+00:00,,,,,,,,
NON,2724548167,STONERIDGE CREEK PLEASANT,"Pleasanton, US",Pleasanton,US,Services,37.6987554,-121.8552826,https://us.non.world/pages/store-locator,2026-08-31T20:04:52.271834+00:00,,,,,,,,
NON,2724576666,Liquorland Neutral Bay Grosvenor St 5929,"Neutral Bay, AU",Neutral Bay,AU,Liquor Store,-33.8305303,151.222505,https://us.non.world/pages/store-locator,2026-08-31T20:04:52.271834+00:00,,,,,,,,
NON,2724602139,Liquorland Stawell 2851,"Stawell, AU",Stawell,AU,Liquor Store,-37.0553196,142.7827247,https://us.non.world/pages/store-locator,2026-08-31T20:04:52.271834+00:00,,,,,,,,
NON,2725824312,National Gallery of Australia,"Parkes, AU",Parkes,AU,Art Gallery,-35.2979936,149.1302975,https://us.non.world/pages/store-locator,2026-08-31T20:04:52.271834+00:00,,,,,,,,
NON,2725696098,Drop Shop - Brunswick East,"Brunswick East, AU",Brunswick East,AU,Store,-37.7692875,144.9817073,https://us.non.world/pages/store-locator,2026-08-31T20:04:52.271834+00:00,,,,,,,,
NON,2725825005,Liquorland Broadmeadows 3869,"Broadmeadows, AU",Broadmeadows,AU,Liquor Store,-37.6802221,144.9192052,https://us.non.world/pages/store-locator,2026-08-31T20:04:52.271834+00:00,,,,,,,,
NON,2725637254,Liquorland Sale 3853,"Sale, AU",Sale,AU,Liquor Store,-38.1066559,147.0629244,https://us.non.world/pages/store-locator,2026-08-31T20:04:52.271834+00:00,,,,,,,,
NON,2726156372,Aperture Ales Ltd T/A Aperture Alehouse,"North Shields, UK",North Shields,UK,Pub,55.0090149,-1.4499838,https://us.non.world/pages/store-locator,2026-08-31T20:04:52.271834+00:00,,,,,,,,
NON,2726156557,Restaurant 22 Ltd,"Cambridge, UK",Cambridge,UK,Fine Dining Restaurant,52.2138562,0.1243526,https://us.non.world/pages/store-locator,2026-08-31T20:04:52.271834+00:00,,,,,,,,
NON,2726110743,Ria's Soho Ltd,"London, UK",London,UK,Restaurant,51.513915,-0.138995,https://us.non.world/pages/store-locator,2026-08-31T20:04:52.271834+00:00,,,,,,,,
NON,2726190890,The Dorchester Limited t/as The Dorchester Hotel,"London, UK",London,UK,Hotel,51.50710489999999,-0.1523679,https://us.non.world/pages/store-locator,2026-08-31T20:04:52.271834+00:00,,,,,,,,
NON,2727265555,Flight Club Newtown,"Newtown, AU",Newtown,AU,Bar,-33.8995384,151.1777082,https://us.non.world/pages/store-locator,2026-08-31T20:04:52.271834+00:00,,,,,,,,
NON,2728692935,Ling Kitchen,"Austin, US",Austin,US,Chinese Restaurant,30.3592951,-97.7158871,https://us.non.world/pages/store-locator,2026-08-31T20:04:52.271834+00:00,,,,,,,,
NON,2728938403,Gwylo,"85 Tallwood Ave, AU",85 Tallwood Ave,AU,Restaurant,-35.324375,150.476024,https://us.non.world/pages/store-locator,2026-08-31T20:04:52.271834+00:00,,,,,,,,
NON,2728949416,Epicure Camden,"Camden, AU",Camden,AU,Food Store,-34.0540817,150.6951584,https://us.non.world/pages/store-locator,2026-08-31T20:04:52.271834+00:00,,,,,,,,
NON,2730202245,The EVE Hotel Sydney,"Redfern, AU",Redfern,AU,Hotel,-33.8920884,151.212319,https://us.non.world/pages/store-locator,2026-08-31T20:04:52.271834+00:00,,,,,,,,
NON,2730178047,National Golf Club,"Cape Schanck, AU",Cape Schanck,AU,Golf Course,-38.4539154,144.8882654,https://us.non.world/pages/store-locator,2026-08-31T20:04:52.271834+00:00,,,,,,,,
NON,2730201647,Tyga Asian Diner Bar,Carnegie,Carnegie,,Restaurant,-37.8875676,145.0570913,https://us.non.world/pages/store-locator,2026-08-31T20:04:52.271834+00:00,,,,,,,,
NON,2730202092,Liquorland Mihi Creek Barn 8380,"Brassall, AU",Brassall,AU,Liquor Store,-27.5890975,152.7405695,https://us.non.world/pages/store-locator,2026-08-31T20:04:52.271834+00:00,,,,,,,,
NON,2730614536,UCHI,"Austin, US",Austin,US,Sushi Restaurant,30.2575044,-97.7597323,https://us.non.world/pages/store-locator,2026-08-31T20:04:52.271834+00:00,,,,,,,,
NON,2730550949,BLUDORN RESTAURANT,"Houston, US",Houston,US,American Restaurant,29.7588861,-95.3855301,https://us.non.world/pages/store-locator,2026-08-31T20:04:52.271834+00:00,,,,,,,,
NON,2730544439,LUMINARY KITCHEN,"Springfield, US",Springfield,US,Restaurant,39.764492,-89.7134401,https://us.non.world/pages/store-locator,2026-08-31T20:04:52.271834+00:00,,,,,,,,
NON,2731021880,Straight Outta Saigon,"Melbourne, AU",Melbourne,AU,Vietnamese Restaurant,-37.8129346,144.9684105,https://us.non.world/pages/store-locator,2026-08-31T20:04:52.271834+00:00,,,,,,,,
NON,2731055149,Windsor Wine Room,"Windsor, AU",Windsor,AU,Point Of Interest,-37.8556469,144.992959,https://us.non.world/pages/store-locator,2026-08-31T20:04:52.271834+00:00,,,,,,,,
NON,2731054160,Suzie Q,"Prahran, AU",Prahran,AU,Restaurant,-37.8502003,144.9933689,https://us.non.world/pages/store-locator,2026-08-31T20:04:52.271834+00:00,,,,,,,,
NON,2731055170,Disuko,"59-63 Bourke Street, AU",59-63 Bourke Street,AU,Japanese Restaurant,-37.8120646,144.9715198,https://us.non.world/pages/store-locator,2026-08-31T20:04:52.271834+00:00,,,,,,,,
NON,2734931531,Wine and Eggs,"Los Angeles, US",Los Angeles,US,Liquor Store,34.1167938,-118.2626223,https://us.non.world/pages/store-locator,2026-08-31T20:04:52.271834+00:00,,,,,,,,
NON,2734883162,Six Test Kitchen,"Paso Robles, US",Paso Robles,US,Restaurant,35.5756463,-120.6898489,https://us.non.world/pages/store-locator,2026-08-31T20:04:52.271834+00:00,,,,,,,,
NON,2736366272,Tarocco,"Berkeley, US",Berkeley,US,Restaurant,37.8589606,-122.2914965,https://us.non.world/pages/store-locator,2026-08-31T20:04:52.271834+00:00,,,,,,,,
NON,2737261943,Slowpoke Lounge Lookout,"50 Gipps Street, AU",50 Gipps Street,AU,Bar,-37.8045273,144.9884107,https://us.non.world/pages/store-locator,2026-08-31T20:04:52.271834+00:00,,,,,,,,
NON,2737269202,Point Lonsdale IGA,"Point Lonsdale, AU",Point Lonsdale,AU,Supermarket,-38.2855261,144.6142353,https://us.non.world/pages/store-locator,2026-08-31T20:04:52.271834+00:00,,,,,,,,
NON,2737312339,The Green Edge,"229 Lutwyche Road, AU",229 Lutwyche Road,AU,Vegan Restaurant,-27.435163,153.031938,https://us.non.world/pages/store-locator,2026-08-31T20:04:52.271834+00:00,,,,,,,,
NON,2737307810,M&S Newbridge,"Marks & Spencer Newbridge, UK",Marks & Spencer Newbridge,UK,Department Store,55.378051,-3.435973,https://us.non.world/pages/store-locator,2026-08-31T20:04:52.271834+00:00,,,,,,,,
NON,2739623880,WEST WOODS LIQUOR,"Ste 130, US",Ste 130,US,Liquor Store,30.272602,-97.7994945,https://us.non.world/pages/store-locator,2026-08-31T20:04:52.271834+00:00,,,,,,,,
NON,2740761601,Rowanos Chirnside Park Pty Ltd,"Chirnside Park, AU",Chirnside Park,AU,Italian Restaurant,-37.74461,145.3251132,https://us.non.world/pages/store-locator,2026-08-31T20:04:52.271834+00:00,,,,,,,,
NON,2740761704,Hop City Bar,"Woolloongabba, AU",Woolloongabba,AU,Bar,-27.4918908,153.0409565,https://us.non.world/pages/store-locator,2026-08-31T20:04:52.271834+00:00,,,,,,,,
NON,2741622126,M&S Stretford,"Bath Road 293-299, UK",Bath Road 293-299,UK,Supermarket,53.46121530000001,-2.2858894,https://us.non.world/pages/store-locator,2026-08-31T20:04:52.271834+00:00,,,,,,,,
NON,2741612124,M&S Meole Brace Shrewsbury,"Shrewsbury SY3 9NB, UK",Shrewsbury SY3 9NB,UK,Building,52.6889476,-2.7533103,https://us.non.world/pages/store-locator,2026-08-31T20:04:52.271834+00:00,,,,,,,,
NON,2741464110,M&S Southfields,"London SW18 5RJ, UK",London SW18 5RJ,UK,Supermarket,51.445041,-0.2062971,https://us.non.world/pages/store-locator,2026-08-31T20:04:52.271834+00:00,,,,,,,,
NON,2741569104,M&S Corby,"Courier Rd, UK",Courier Rd,UK,Supermarket,52.49568499999999,-0.682064,https://us.non.world/pages/store-locator,2026-08-31T20:04:52.271834+00:00,,,,,,,,
NON,2741533771,M&S Bristol Eastgate,"Eastgate Rd, UK",Eastgate Rd,UK,Supermarket,51.4741142,-2.5664936,https://us.non.world/pages/store-locator,2026-08-31T20:04:52.271834+00:00,,,,,,,,
NON,2741590510,M&S Guildford,"Guildford GU1 3EB, UK",Guildford GU1 3EB,UK,Department Store,51.2354999,-0.5748059999999999,https://us.non.world/pages/store-locator,2026-08-31T20:04:52.271834+00:00,,,,,,,,
NON,2741590591,M&S Chesser Ave Edinburgh,"Chesser Ave, UK",Chesser Ave,UK,Supermarket,55.9297212,-3.246343,https://us.non.world/pages/store-locator,2026-08-31T20:04:52.271834+00:00,,,,,,,,
NON,2741569185,M&S Aberystwyth,"Aberystwyth SY23 1PB, UK",Aberystwyth SY23 1PB,UK,Department Store,52.4121966,-4.0811755,https://us.non.world/pages/store-locator,2026-08-31T20:04:52.271834+00:00,,,,,,,,
NON,2741600145,M&S Stafford Riverside,"Riverside, UK",Riverside,UK,Department Store,52.8053655,-2.114697,https://us.non.world/pages/store-locator,2026-08-31T20:04:52.271834+00:00,,,,,,,,
NON,2741464111,M&S Eastbourne,"Eastbourne BN21 3NR, UK",Eastbourne BN21 3NR,UK,Cafe,50.7688358,0.2868586,https://us.non.world/pages/store-locator,2026-08-31T20:04:52.271834+00:00,,,,,,,,
NON,2741569186,M&S Metro Centre,"Metrocentre, UK",Metrocentre,UK,Department Store,54.9557634,-1.6653383,https://us.non.world/pages/store-locator,2026-08-31T20:04:52.271834+00:00,,,,,,,,
NON,2741546323,M&S Edgware Rd,"London W2 1DU, UK",London W2 1DU,UK,Department Store,51.51956819999999,-0.1688512,https://us.non.world/pages/store-locator,2026-08-31T20:04:52.271834+00:00,,,,,,,,
NON,2741622127,M&S Kensington,"113 Kensington High St, UK",113 Kensington High St,UK,Department Store,51.50116140000001,-0.1923447,https://us.non.world/pages/store-locator,2026-08-31T20:04:52.271834+00:00,,,,,,,,
NON,2741612125,M&S Gemini,"8 Europa Blvd, UK",8 Europa Blvd,UK,Department Store,53.4172279,-2.6310789,https://us.non.world/pages/store-locator,2026-08-31T20:04:52.271834+00:00,,,,,,,,
NON,2741569141,M&S Stratford Upon Avon,"Stratford-upon-Avon CV37 6AS, UK",Stratford-upon-Avon CV37 6AS,UK,Department Store,52.1929743,-1.7049807,https://us.non.world/pages/store-locator,2026-08-31T20:04:52.271834+00:00,,,,,,,,
NON,2741546137,M&S Belfast,"Belfast BT1 5BY, UK",Belfast BT1 5BY,UK,Department Store,54.5973024,-5.9300264,https://us.non.world/pages/store-locator,2026-08-31T20:04:52.271834+00:00,,,,,,,,
NON,2741463443,M&S Beckenham,"Beckenham BR3 1AY, UK",Beckenham BR3 1AY,UK,Supermarket,51.4093447,-0.0256151,https://us.non.world/pages/store-locator,2026-08-31T20:04:52.271834+00:00,,,,,,,,
NON,2741546138,M&S Hemel Hempstead,"Hemel Hempstead HP1 1BL, UK",Hemel Hempstead HP1 1BL,UK,Department Store,51.7478716,-0.4720698,https://us.non.world/pages/store-locator,2026-08-31T20:04:52.271834+00:00,,,,,,,,
NON,2741569105,M&S Kings Rd,"London SW3 4NX, UK",London SW3 4NX,UK,Department Store,51.4888831,-0.1647127,https://us.non.world/pages/store-locator,2026-08-31T20:04:52.271834+00:00,,,,,,,,
NON,2741533292,M&S Horsham,"2-3 Medwin Way, UK",2-3 Medwin Way,UK,Department Store,51.0640307,-0.3289319,https://us.non.world/pages/store-locator,2026-08-31T20:04:52.271834+00:00,,,,,,,,
NON,2741600486,M&S Coventry,"Coventry CV1 1DE, UK",Coventry CV1 1DE,UK,Building,52.40838549999999,-1.5155019,https://us.non.world/pages/store-locator,2026-08-31T20:04:52.271834+00:00,,,,,,,,
NON,2741579339,M&S Ealing Broadway,"333 The Broadway, UK",333 The Broadway,UK,Department Store,51.51296,-0.303866,https://us.non.world/pages/store-locator,2026-08-31T20:04:52.271834+00:00,,,,,,,,
NON,2741546324,M&S Douglas,"Douglas Village Shopping Centre, UK",Douglas Village Shopping Centre,UK,Department Store,51.8772216,-8.4390822,https://us.non.world/pages/store-locator,2026-08-31T20:04:52.271834+00:00,,,,,,,,
NON,2741590318,M&S Bangor Ni,"South Circular Rd, UK",South Circular Rd,UK,Department Store,54.6471712,-5.656460900000001,https://us.non.world/pages/store-locator,2026-08-31T20:04:52.271834+00:00,,,,,,,,
NON,2741464245,M&S Crescent Link,"12 Crescent Link, UK",12 Crescent Link,UK,Convenience Store,54.9971066,-7.2746025,https://us.non.world/pages/store-locator,2026-08-31T20:04:52.271834+00:00,,,,,,,,
NON,2741569529,M&S Irvine,"Retail Park, UK",Retail Park,UK,Supermarket,55.61018350000001,-4.6740297,https://us.non.world/pages/store-locator,2026-08-31T20:04:52.271834+00:00,,,,,,,,
NON,2741464246,M&S Brooklands,"Weybridge KT13 0XF, UK",Weybridge KT13 0XF,UK,Department Store,51.3436727,-0.4758093,https://us.non.world/pages/store-locator,2026-08-31T20:04:52.271834+00:00,,,,,,,,
NON,2741462980,M&S Upminster,"Upminster RM14 2SU, UK",Upminster RM14 2SU,UK,Supermarket,51.558356,0.249734,https://us.non.world/pages/store-locator,2026-08-31T20:04:52.271834+00:00,,,,,,,,
NON,2741463444,M&S Orpington Nugent Park,"133-135 Cray Ave., UK",133-135 Cray Ave.,UK,Department Store,51.3938859,0.1127713,https://us.non.world/pages/store-locator,2026-08-31T20:04:52.271834+00:00,,,,,,,,
NON,2741463445,M&S Arena Park Coventry,"Arena Park, UK",Arena Park,UK,Department Store,52.4176164,-1.4695653,https://us.non.world/pages/store-locator,2026-08-31T20:04:52.271834+00:00,,,,,,,,
NON,2741464247,M&S Llanishen Cardiff,"Cardiff CF14 5YP, UK",Cardiff CF14 5YP,UK,Supermarket,51.5270039,-3.1894016,https://us.non.world/pages/store-locator,2026-08-31T20:04:52.271834+00:00,,,,,,,,
NON,2741464112,M&S Dartmouth,"Mayors Court, UK",Mayors Court,UK,Convenience Store,50.352875,-3.5786754,https://us.non.world/pages/store-locator,2026-08-31T20:04:52.271834+00:00,,,,,,,,
NON,2741464113,M&S Cribbs Causeway,"Merlin Rd, UK",Merlin Rd,UK,Department Store,51.5254662,-2.5957967,https://us.non.world/pages/store-locator,2026-08-31T20:04:52.271834+00:00,,,,,,,,
NON,2741590511,M&S London Colney,"90 Barnet Rd, UK",90 Barnet Rd,UK,Department Store,51.7157061,-0.2863376,https://us.non.world/pages/store-locator,2026-08-31T20:04:52.271834+00:00,,,,,,,,
NON,2741579341,M&S Kidderminster,"Kidderminster DY11 6UU, UK",Kidderminster DY11 6UU,UK,Department Store,52.3873815,-2.2506476,https://us.non.world/pages/store-locator,2026-08-31T20:04:52.271834+00:00,,,,,,,,
NON,2741464248,M&S Sale,"Sale M33 7AD, UK",Sale M33 7AD,UK,Supermarket,53.4244478,-2.3259579,https://us.non.world/pages/store-locator,2026-08-31T20:04:52.271834+00:00,,,,,,,,
NON,2741590320,M&S Cheetham Hill Manchester,"Cheetham Hill, UK",Cheetham Hill,UK,Supermarket,53.4975024,-2.2373713,https://us.non.world/pages/store-locator,2026-08-31T20:04:52.271834+00:00,,,,,,,,
NON,2741569106,M&S Manchester,"Manchester M1 1WT, UK",Manchester M1 1WT,UK,Building,53.483895,-2.2438284,https://us.non.world/pages/store-locator,2026-08-31T20:04:52.271834+00:00,,,,,,,,
NON,2741569191,M&S Morningside Edinburgh,"Edinburgh EH10 4QQ, UK",Edinburgh EH10 4QQ,UK,Supermarket,55.9281798,-3.2097499,https://us.non.world/pages/store-locator,2026-08-31T20:04:52.271834+00:00,,,,,,,,
NON,2741464114,M&S Hayle,"West Cornwall Retail Park, UK",West Cornwall Retail Park,UK,Department Store,50.196306,-5.3976006,https://us.non.world/pages/store-locator,2026-08-31T20:04:52.271834+00:00,,,,,,,,
NON,2741590593,M&S West Wickham,"West Wickham BR4 0NF, UK",West Wickham BR4 0NF,UK,Supermarket,51.3767794,-0.019085,https://us.non.world/pages/store-locator,2026-08-31T20:04:52.271834+00:00,,,,,,,,
NON,2741600147,M&S Teddington,"Teddington TW11 8HG, UK",Teddington TW11 8HG,UK,Supermarket,51.4276311,-0.3291597,https://us.non.world/pages/store-locator,2026-08-31T20:04:52.271834+00:00,,,,,,,,
NON,2741464115,M&S Omagh,"Sedan Ave, UK",Sedan Ave,UK,Premise,54.6032479,-7.3034939,https://us.non.world/pages/store-locator,2026-08-31T20:04:52.271834+00:00,,,,,,,,
NON,2741579320,M&S Sunbury Cross,"Sunbury-on-Thames TW16 7BB, UK",Sunbury-on-Thames TW16 7BB,UK,Supermarket,51.4195882,-0.421961,https://us.non.world/pages/store-locator,2026-08-31T20:04:52.271834+00:00,,,,,,,,
NON,2741600148,M&S Guiseley,"Park Rd, UK",Park Rd,UK,Supermarket,53.87147,-1.7094396,https://us.non.world/pages/store-locator,2026-08-31T20:04:52.271834+00:00,,,,,,,,
NON,2741462985,M&S Loughborough,"13-14 The Rushes, UK",13-14 The Rushes,UK,Supermarket,52.7733927,-1.2095534,https://us.non.world/pages/store-locator,2026-08-31T20:04:52.271834+00:00,,,,,,,,
NON,2741546215,M&S Tring,"8 Frogmore St, UK",8 Frogmore St,UK,Supermarket,51.7941598,-0.6616352,https://us.non.world/pages/store-locator,2026-08-31T20:04:52.271834+00:00,,,,,,,,
NON,2741569229,M&S Greenford,"FOODHALL, UK",FOODHALL,UK,Supermarket,51.5424454,-0.3406048,https://us.non.world/pages/store-locator,2026-08-31T20:04:52.271834+00:00,,,,,,,,
NON,2741578984,M&S Waterside,"London W2 1JP, UK",London W2 1JP,UK,Convenience Store,51.5187269,-0.1752517,https://us.non.world/pages/store-locator,2026-08-31T20:04:52.271834+00:00,,,,,,,,
NON,2741622129,M&S Athlone,"Leicester Road, UK",Leicester Road,UK,Department Store,53.4236187,-7.9346737,https://us.non.world/pages/store-locator,2026-08-31T20:04:52.271834+00:00,,,,,,,,
NON,2741546326,M&S Southbank Place,"Southbank Place, UK",Southbank Place,UK,Supermarket,51.5029134,-0.1159339,https://us.non.world/pages/store-locator,2026-08-31T20:04:52.271834+00:00,,,,,,,,
NON,2741569107,M&S Streatham High Road,"London SW16 6HP, UK",London SW16 6HP,UK,Supermarket,51.4261661,-0.1314586,https://us.non.world/pages/store-locator,2026-08-31T20:04:52.271834+00:00,,,,,,,,
NON,2741464116,M&S Colindale,"London NW9 0AW, UK",London NW9 0AW,UK,Supermarket,51.5945017,-0.262173,https://us.non.world/pages/store-locator,2026-08-31T20:04:52.271834+00:00,,,,,,,,
NON,2741464249,M&S Eastleigh,"Twyford Rd, UK",Twyford Rd,UK,Supermarket,50.9724914,-1.3509422,https://us.non.world/pages/store-locator,2026-08-31T20:04:52.271834+00:00,,,,,,,,
NON,2741546141,M&S Paisley Renfrew Road,"Renfrew, UK",Renfrew,UK,Supermarket,55.8515005,-4.4176155,https://us.non.world/pages/store-locator,2026-08-31T20:04:52.271834+00:00,,,,,,,,
NON,2741462986,M&S Skegness,"Skegness PE25 2RT, UK",Skegness PE25 2RT,UK,Supermarket,53.1521913,0.3321894,https://us.non.world/pages/store-locator,2026-08-31T20:04:52.271834+00:00,,,,,,,,
NON,2741569230,M&S Canvey Island,"Retail Park, UK",Retail Park,UK,Supermarket,51.5214235,0.5504979999999999,https://us.non.world/pages/store-locator,2026-08-31T20:04:52.271834+00:00,,,,,,,,
NON,2741579342,M&S Craigavon,"Sf, UK",Sf,UK,Supermarket,54.4429264,-6.4175653,https://us.non.world/pages/store-locator,2026-08-31T20:04:52.271834+00:00,,,,,,,,
NON,2741579437,M&S Dalston,"London E8 2FA, UK",London E8 2FA,UK,Supermarket,51.5479931,-0.0762021,https://us.non.world/pages/store-locator,2026-08-31T20:04:52.271834+00:00,,,,,,,,
NON,2741464250,M&S Westway Chelmsford,"Chelmsford CM1 3FJ, UK",Chelmsford CM1 3FJ,UK,Supermarket,51.7231847,0.4519509999999999,https://us.non.world/pages/store-locator,2026-08-31T20:04:52.271834+00:00,,,,,,,,
NON,2741579343,M&S Blackpole,"Unit 1 Bilford Rd, UK",Unit 1 Bilford Rd,UK,Supermarket,52.2129415,-2.199411,https://us.non.world/pages/store-locator,2026-08-31T20:04:52.271834+00:00,,,,,,,,
NON,2741464117,M&S Carrickfergus,"Carrickfergus BT38 8PH, UK",Carrickfergus BT38 8PH,UK,Supermarket,54.7107733,-5.828711999999999,https://us.non.world/pages/store-locator,2026-08-31T20:04:52.271834+00:00,,,,,,,,
NON,2741533402,M&S Newry The Quays,"250 Bridge St, UK",250 Bridge St,UK,Department Store,54.1685834,-6.3398581,https://us.non.world/pages/store-locator,2026-08-31T20:04:52.271834+00:00,,,,,,,,
NON,2741462987,M&S Serpentine Green,"C, UK",C,UK,Supermarket,52.5408534,-0.2586161,https://us.non.world/pages/store-locator,2026-08-31T20:04:52.271834+00:00,,,,,,,,
NON,2741569231,M&S Royston,"Durham Wy, UK",Durham Wy,UK,Supermarket,52.0554539,-0.0381866,https://us.non.world/pages/store-locator,2026-08-31T20:04:52.271834+00:00,,,,,,,,
NON,2741464251,M&S Shirley Fh,"sears retail park, UK",sears retail park,UK,Department Store,52.4016555,-1.8167477,https://us.non.world/pages/store-locator,2026-08-31T20:04:52.271834+00:00,,,,,,,,
NON,2741600151,M&S West Park,"Darlington DL2 2GZ, UK",Darlington DL2 2GZ,UK,Department Store,54.548052,-1.5881522,https://us.non.world/pages/store-locator,2026-08-31T20:04:52.271834+00:00,,,,,,,,
NON,2741579344,M&S Mumbles,"Mumbles, UK",Mumbles,UK,Supermarket,51.5754222,-4.001564399999999,https://us.non.world/pages/store-locator,2026-08-31T20:04:52.271834+00:00,,,,,,,,
NON,2741600923,M&S Gyle,"St John's Rd, UK",St John's Rd,UK,Department Store,55.9385399,-3.3143102,https://us.non.world/pages/store-locator,2026-08-31T20:04:52.271834+00:00,,,,,,,,
NON,2741464252,M&S Handforth,"Pedmore Road, UK",Pedmore Road,UK,Department Store,53.3475581,-2.2057636,https://us.non.world/pages/store-locator,2026-08-31T20:04:52.271834+00:00,,,,,,,,
NON,2741600487,M&S Bridgnorth,"43 St Johns St, UK",43 St Johns St,UK,Supermarket,52.5340953,-2.4130105,https://us.non.world/pages/store-locator,2026-08-31T20:04:52.271834+00:00,,,,,,,,
NON,2741600152,M&S Cheshunt,"1 Halfhide Ln, UK",1 Halfhide Ln,UK,Coffee Shop,51.7180135,-0.0373078,https://us.non.world/pages/store-locator,2026-08-31T20:04:52.271834+00:00,,,,,,,,
NON,2741463450,M&S Grand Junction Crewe,"Earle St, UK",Earle St,UK,Department Store,53.0963112,-2.4353921,https://us.non.world/pages/store-locator,2026-08-31T20:04:52.271834+00:00,,,,,,,,
NON,2741569533,M&S Orbital Swindon,"OrbitalShoppingPark, UK",OrbitalShoppingPark,UK,Department Store,51.5995304,-1.8049658,https://us.non.world/pages/store-locator,2026-08-31T20:04:52.271834+00:00,,,,,,,,
NON,2741546330,M&S Livingston,"The Centre, UK",The Centre,UK,Department Store,55.88383109999999,-3.5165883,https://us.non.world/pages/store-locator,2026-08-31T20:04:52.271834+00:00,,,,,,,,
NON,2741462997,M&S Enniskillen,"Erneside Shopping Centre, UK",Erneside Shopping Centre,UK,Department Store,54.3422676,-7.635817299999999,https://us.non.world/pages/store-locator,2026-08-31T20:04:52.271834+00:00,,,,,,,,
NON,2741569145,M&S Bury The Rock,"The Rock Shopping Centre, UK",The Rock Shopping Centre,UK,Department Store,53.59445940000001,-2.2895882,https://us.non.world/pages/store-locator,2026-08-31T20:04:52.271834+00:00,,,,,,,,
NON,2741632103,M&S Bankside,"90 Southwark St, UK",90 Southwark St,UK,Convenience Store,51.5055961,-0.0987352,https://us.non.world/pages/store-locator,2026-08-31T20:04:52.271834+00:00,,,,,,,,
NON,2741632104,M&S Camberley,"9 Marshall Rd, UK",9 Marshall Rd,UK,Department Store,51.3363314,-0.7756004,https://us.non.world/pages/store-locator,2026-08-31T20:04:52.271834+00:00,,,,,,,,
NON,2741462998,M&S Cookstown,"Retail Park, UK",Retail Park,UK,Supermarket,54.6483424,-6.748041,https://us.non.world/pages/store-locator,2026-08-31T20:04:52.271834+00:00,,,,,,,,
NON,2741462999,M&S Lisburn,"Sprucefield Roundabout, UK",Sprucefield Roundabout,UK,Department Store,54.490652,-6.0582189,https://us.non.world/pages/store-locator,2026-08-31T20:04:52.271834+00:00,,,,,,,,
NON,2741533835,M&S Newtownbreda,"Upper Knockbreda Rd, UK",Upper Knockbreda Rd,UK,Department Store,54.5634623,-5.908904799999999,https://us.non.world/pages/store-locator,2026-08-31T20:04:52.271834+00:00,,,,,,,,
NON,2741569096,M&S Epping,"Epping CM16 4BP, UK",Epping CM16 4BP,UK,Supermarket,51.6999271,0.1116597,https://us.non.world/pages/store-locator,2026-08-31T20:04:52.271834+00:00,,,,,,,,
NON,2741590514,M&S Maybird Stratford U Avon,"Maybird Retail Park, UK",Maybird Retail Park,UK,Supermarket,52.2007094,-1.7119642,https://us.non.world/pages/store-locator,2026-08-31T20:04:52.271834+00:00,,,,,,,,
NON,2741578985,M&S Croydon,"Croydon CR9 1SH, UK",Croydon CR9 1SH,UK,Department Store,51.3775795,-0.1019846,https://us.non.world/pages/store-locator,2026-08-31T20:04:52.271834+00:00,,,,,,,,
NON,2741579247,M&S Stratford City London,"Westfield Stratford City, UK",Westfield Stratford City,UK,Department Store,51.541311,-0.005659399999999999,https://us.non.world/pages/store-locator,2026-08-31T20:04:52.271834+00:00,,,,,,,,
NON,2741590598,M&S York,"Heathfield Rd, UK",Heathfield Rd,UK,Department Store,53.9589132,-1.0804004,https://us.non.world/pages/store-locator,2026-08-31T20:04:52.271834+00:00,,,,,,,,
NON,2741600496,M&S Huddersfield Simply Foods,"Huddersfield Simply Food, UK",Huddersfield Simply Food,UK,Supermarket,53.6454864,-1.7766346,https://us.non.world/pages/store-locator,2026-08-31T20:04:52.271834+00:00,,,,,,,,
NON,2741600924,M&S Kingsgate East Kilbride,"7b Glasgow Rd, UK",7b Glasgow Rd,UK,Supermarket,55.7842832,-4.1686859,https://us.non.world/pages/store-locator,2026-08-31T20:04:52.271834+00:00,,,,,,,,
NON,2741533404,M&S Pudsey,"M18, UK",M18,UK,Department Store,53.80317849999999,-1.6717849,https://us.non.world/pages/store-locator,2026-08-31T20:04:52.271834+00:00,,,,,,,,
NON,2741463000,M&S Southport,"Southport PR8 1AD, UK",Southport PR8 1AD,UK,Department Store,53.6466951,-3.0036797,https://us.non.world/pages/store-locator,2026-08-31T20:04:52.271834+00:00,,,,,,,,
NON,2741622257,M&S Union Square Aberdeen,"West 77, UK",West 77,UK,Department Store,57.1428455,-2.0957801,https://us.non.world/pages/store-locator,2026-08-31T20:04:52.271834+00:00,,,,,,,,
NON,2741464253,M&S Meadowhall,"1 The Arcade, UK",1 The Arcade,UK,Department Store,53.4149141,-1.4117594,https://us.non.world/pages/store-locator,2026-08-31T20:04:52.271834+00:00,,,,,,,,
NON,2741600925,M&S Fosse Park,"Fosse Park Ave, UK",Fosse Park Ave,UK,Department Store,52.5973984,-1.1802909,https://us.non.world/pages/store-locator,2026-08-31T20:04:52.271834+00:00,,,,,,,,
NON,2741579439,M&S Anlaby Hull,"Anlaby Retail Park, UK",Anlaby Retail Park,UK,Supermarket,53.7478683,-0.4245647,https://us.non.world/pages/store-locator,2026-08-31T20:04:52.271834+00:00,,,,,,,,
NON,2741579288,M&S Gloucester New,"Gloucester GL1 1PA, UK",Gloucester GL1 1PA,UK,Department Store,51.8643389,-2.2453984,https://us.non.world/pages/store-locator,2026-08-31T20:04:52.271834+00:00,,,,,,,,
NON,2741533621,M&S Anniesland,"Glasgow G13 2TH, UK",Glasgow G13 2TH,UK,Supermarket,55.8943018,-4.3395578,https://us.non.world/pages/store-locator,2026-08-31T20:04:52.271834+00:00,,,,,,,,
NON,2741579289,M&S Cheshire Oaks,"Stanney Woods Ave, UK",Stanney Woods Ave,UK,Department Store,53.2624139,-2.8920256,https://us.non.world/pages/store-locator,2026-08-31T20:04:52.271834+00:00,,,,,,,,
NON,2741590515,M&S Kingston Park,"Retail Park, UK",Retail Park,UK,Department Store,55.0114958,-1.6675697,https://us.non.world/pages/store-locator,2026-08-31T20:04:52.271834+00:00,,,,,,,,
NON,2741533762,M&S Southend,"56 High St, UK",56 High St,UK,Department Store,51.5362902,0.7145887,https://us.non.world/pages/store-locator,2026-08-31T20:04:52.271834+00:00,,,,,,,,
NON,2741569237,M&S Kilburn,"London NW6 4HJ, UK",London NW6 4HJ,UK,Supermarket,51.5382741,-0.1930966,https://us.non.world/pages/store-locator,2026-08-31T20:04:52.271834+00:00,,,,,,,,
NON,2741622258,M&S Haywards Heath,"The Orchards, UK",The Orchards,UK,Department Store,50.997299,-0.1015881,https://us.non.world/pages/store-locator,2026-08-31T20:04:52.271834+00:00,,,,,,,,
NON,2741533837,M&S Nottingham,"Market St, UK",Market St,UK,Department Store,52.951774,-1.1486258,https://us.non.world/pages/store-locator,2026-08-31T20:04:52.271834+00:00,,,,,,,,
NON,2741569535,M&S Argyle St Glasgow,"Glasgow G2 8AA, UK",Glasgow G2 8AA,UK,Department Store,55.8576515,-4.24983,https://us.non.world/pages/store-locator,2026-08-31T20:04:52.271834+00:00,,,,,,,,
NON,2741579515,M&S Islington,"London N1 0RR, UK",London N1 0RR,UK,Department Store,51.5333228,-0.1070243,https://us.non.world/pages/store-locator,2026-08-31T20:04:52.271834+00:00,,,,,,,,
NON,2741579441,M&S Marble Arch,"London W1C 1AP, UK",London W1C 1AP,UK,Department Store,51.51449539999999,-0.1546606,https://us.non.world/pages/store-locator,2026-08-31T20:04:52.271834+00:00,,,,,,,,
NON,2741579442,M&S Norton College Sheffield,"Jordanthorpe, UK",Jordanthorpe,UK,Supermarket,53.3270458,-1.4676934,https://us.non.world/pages/store-locator,2026-08-31T20:04:52.271834+00:00,,,,,,,,
NON,2741569099,M&S Chiswick,"Chiswick, UK",Chiswick,UK,Supermarket,51.4929371,-0.2579997,https://us.non.world/pages/store-locator,2026-08-31T20:04:52.271834+00:00,,,,,,,,
NON,2741579290,M&S Merryhill,"Pedmore Rd, UK",Pedmore Rd,UK,Department Store,52.477383,-2.1120231,https://us.non.world/pages/store-locator,2026-08-31T20:04:52.271834+00:00,,,,,,,,
NON,2741463002,M&S Bromley,"Bromley BR1 1JL, UK",Bromley BR1 1JL,UK,Department Store,51.404,0.0157,https://us.non.world/pages/store-locator,2026-08-31T20:04:52.271834+00:00,,,,,,,,
NON,2741533408,M&S Reigate,"Reigate RH2 9AE, UK",Reigate RH2 9AE,UK,Supermarket,51.2374332,-0.2085566,https://us.non.world/pages/store-locator,2026-08-31T20:04:52.271834+00:00,,,,,,,,
NON,2741533409,M&S Chipping Norton,"Chipping Norton OX7 5EJ, UK",Chipping Norton OX7 5EJ,UK,Supermarket,51.9428388,-1.5357464,https://us.non.world/pages/store-locator,2026-08-31T20:04:52.271834+00:00,,,,,,,,
NON,2741632110,M&S Lincoln,"Lincoln LN5 7AU, UK",Lincoln LN5 7AU,UK,Department Store,53.2284035,-0.5415179999999999,https://us.non.world/pages/store-locator,2026-08-31T20:04:52.271834+00:00,,,,,,,,
NON,2741612129,M&S Kingsley Village,"Kingsley Village Retail Park, UK",Kingsley Village Retail Park,UK,Department Store,50.3787301,-4.942712,https://us.non.world/pages/store-locator,2026-08-31T20:04:52.271834+00:00,,,,,,,,
NON,2741464119,M&S Brixton Rd,"London SW9 8ED, UK",London SW9 8ED,UK,Supermarket,51.4634273,-0.1153671,https://us.non.world/pages/store-locator,2026-08-31T20:04:52.271834+00:00,,,,,,,,
NON,2741533839,M&S Rochdale Riverside,"Riverside, UK",Riverside,UK,Department Store,53.6179439,-2.1556163,https://us.non.world/pages/store-locator,2026-08-31T20:04:52.271834+00:00,,,,,,,,
NON,2741600928,M&S Burton,"2 St Modwens Walk, UK",2 St Modwens Walk,UK,Building,52.8017001,-1.632363,https://us.non.world/pages/store-locator,2026-08-31T20:04:52.271834+00:00,,,,,,,,
NON,2741600498,M&S Woodley Reading,"Woodley, UK",Woodley,UK,Subpremise,51.4587361,-0.9194215999999998,https://us.non.world/pages/store-locator,2026-08-31T20:04:52.271834+00:00,,,,,,,,
NON,2741600501,M&S Glossop,"Smithy Fold, UK",Smithy Fold,UK,Supermarket,53.4428201,-1.948923,https://us.non.world/pages/store-locator,2026-08-31T20:04:52.271834+00:00,,,,,,,,
NON,2741533610,M&S Cleveland Middlesbrough,"Cleveland Shopping Park, UK",Cleveland Shopping Park,UK,Supermarket,54.5702151,-1.179955,https://us.non.world/pages/store-locator,2026-08-31T20:04:52.271834+00:00,,,,,,,,
NON,2741569536,M&S Bishop Auckland,"Bishop Auckland DL14 7HZ, UK",Bishop Auckland DL14 7HZ,UK,Supermarket,54.6643465,-1.6742638,https://us.non.world/pages/store-locator,2026-08-31T20:04:52.271834+00:00,,,,,,,,
NON,2741569100,M&S Ashton Moss,"Ashton-under-Lyne OL6 7TE, UK",Ashton-under-Lyne OL6 7TE,UK,Department Store,53.491025,-2.1040501,https://us.non.world/pages/store-locator,2026-08-31T20:04:52.271834+00:00,,,,,,,,
NON,2741622259,M&S Newport Rp,"18 Spytty Rd, UK",18 Spytty Rd,UK,Department Store,51.576256,-2.943951,https://us.non.world/pages/store-locator,2026-08-31T20:04:52.271834+00:00,,,,,,,,
NON,2741533622,M&S Culverhouse Cross,"Culverhouse Cross, UK",Culverhouse Cross,UK,Department Store,51.4792765,-3.3275643,https://us.non.world/pages/store-locator,2026-08-31T20:04:52.271834+00:00,,,,,,,,
NON,2741569101,M&S Binley Coventry,"Coventry Eastern Bypass, UK",Coventry Eastern Bypass,UK,Supermarket,52.3982254,-1.4306613,https://us.non.world/pages/store-locator,2026-08-31T20:04:52.271834+00:00,,,,,,,,
NON,2741579443,M&S Sutton,"Sutton SM1 1NQ, UK",Sutton SM1 1NQ,UK,Department Store,51.3643095,-0.1928008,https://us.non.world/pages/store-locator,2026-08-31T20:04:52.271834+00:00,,,,,,,,
NON,2741533614,M&S Yate,"Tollbar Way, UK",Tollbar Way,UK,Supermarket,51.5408486,-2.4108048,https://us.non.world/pages/store-locator,2026-08-31T20:04:52.271834+00:00,,,,,,,,
NON,2741579291,M&S Sixfields Northampton,"Unit 9 Gambrel Rd, UK",Unit 9 Gambrel Rd,UK,Supermarket,52.240771,-0.9356768999999999,https://us.non.world/pages/store-locator,2026-08-31T20:04:52.271834+00:00,,,,,,,,
NON,2741533167,M&S Mannington Swindon,"Mannington Retail Park, UK",Mannington Retail Park,UK,Supermarket,51.554246,-1.8136559,https://us.non.world/pages/store-locator,2026-08-31T20:04:52.271834+00:00,,,,,,,,
NON,2741569234,M&S Chester,"Chester CH1 1HP, UK",Chester CH1 1HP,UK,Department Store,53.1909197,-2.8879755,https://us.non.world/pages/store-locator,2026-08-31T20:04:52.271834+00:00,,,,,,,,
NON,2741464121,M&S Evesham,"Shopping Park, UK",Shopping Park,UK,Supermarket,52.1037336,-1.9515031,https://us.non.world/pages/store-locator,2026-08-31T20:04:52.271834+00:00,,,,,,,,
NON,2741579497,M&S Newton Mearns,"250 Ayr Rd, UK",250 Ayr Rd,UK,Department Store,55.77303910000001,-4.3337204,https://us.non.world/pages/store-locator,2026-08-31T20:04:52.271834+00:00,,,,,,,,
NON,2741600929,M&S Leigh,"Station Approach, UK",Station Approach,UK,Supermarket,53.5005825,-2.528524,https://us.non.world/pages/store-locator,2026-08-31T20:04:52.271834+00:00,,,,,,,,
NON,2741600219,M&S Hammersmith,"London W6 9HW, UK",London W6 9HW,UK,Department Store,51.492577,-0.2262908,https://us.non.world/pages/store-locator,2026-08-31T20:04:52.271834+00:00,,,,,,,,
NON,2741590516,M&S Vangarde Monks,"Vangarde Retail Park, UK",Vangarde Retail Park,UK,Department Store,53.9829117,-1.0485324,https://us.non.world/pages/store-locator,2026-08-31T20:04:52.271834+00:00,,,,,,,,
NON,2741533623,M&S Newcastle,"Newcastle upon Tyne NE1 7AS, UK",Newcastle upon Tyne NE1 7AS,UK,Department Store,54.9760931,-1.6135665,https://us.non.world/pages/store-locator,2026-08-31T20:04:52.271834+00:00,,,,,,,,
NON,2741579499,M&S Oatlands Harrogate,"Unit 1 Leeds Rd, UK",Unit 1 Leeds Rd,UK,Supermarket,53.9766562,-1.5327649,https://us.non.world/pages/store-locator,2026-08-31T20:04:52.271834+00:00,,,,,,,,
NON,2741464296,M&S Malone Lisburn Rd,"Butter Market, UK",Butter Market,UK,Supermarket,54.5876349,-5.9379141,https://us.non.world/pages/store-locator,2026-08-31T20:04:52.271834+00:00,,,,,,,,
NON,2741533840,M&S Imperial Rp Bristol,"Imperial Retail Park, UK",Imperial Retail Park,UK,Supermarket,51.416698,-2.597111,https://us.non.world/pages/store-locator,2026-08-31T20:04:52.271834+00:00,,,,,,,,
NON,2741464122,M&S Wolstanton Stoke,"1345 Grange Ln, UK",1345 Grange Ln,UK,Department Store,53.0304339,-2.2100808,https://us.non.world/pages/store-locator,2026-08-31T20:04:52.271834+00:00,,,,,,,,
NON,2741590661,M&S Flowerdown,"Retail Park, UK",Retail Park,UK,Supermarket,51.3444848,-2.9419697,https://us.non.world/pages/store-locator,2026-08-31T20:04:52.271834+00:00,,,,,,,,
NON,2741464450,M&S Grantham,"Grantham NG31 6EN, UK",Grantham NG31 6EN,UK,Supermarket,52.9059212,-0.6374442,https://us.non.world/pages/store-locator,2026-08-31T20:04:52.271834+00:00,,,,,,,,
NON,2741590372,M&S Glasgow Fort,"Glasgow G34 9DL, UK",Glasgow G34 9DL,UK,Department Store,55.8700244,-4.1346226,https://us.non.world/pages/store-locator,2026-08-31T20:04:52.271834+00:00,,,,,,,,
NON,2741590517,M&S Knaresborough,"Fosse, UK",Fosse,UK,Supermarket,54.0002174,-1.445695,https://us.non.world/pages/store-locator,2026-08-31T20:04:52.271834+00:00,,,,,,,,
NON,2741590999,M&S St Andrews,"St Andrews KY16 8NH, UK",St Andrews KY16 8NH,UK,Supermarket,56.3320916,-2.8044033,https://us.non.world/pages/store-locator,2026-08-31T20:04:52.271834+00:00,,,,,,,,
NON,2741533842,M&S Interchange Bedford,"Bedford MK42 7GB, UK",Bedford MK42 7GB,UK,Supermarket,52.1100399,-0.4802005,https://us.non.world/pages/store-locator,2026-08-31T20:04:52.271834+00:00,,,,,,,,
NON,2741600761,M&S Longwater Norwich,"M And S Foodhall, UK",M And S Foodhall,UK,Supermarket,52.6541547,1.1801726,https://us.non.world/pages/store-locator,2026-08-31T20:04:52.271834+00:00,,,,,,,,
NON,2741579500,M&S Staines Two Rivers Fh,"Staines-upon-Thames, UK",Staines-upon-Thames,UK,Grocery Store,51.4373943,-0.5130066,https://us.non.world/pages/store-locator,2026-08-31T20:04:52.271834+00:00,,,,,,,,
NON,2741600930,M&S Chelmsford,"Chelmsford CM1 1DH, UK",Chelmsford CM1 1DH,UK,Supermarket,51.73224829999999,0.4738136,https://us.non.world/pages/store-locator,2026-08-31T20:04:52.271834+00:00,,,,,,,,
NON,2741590518,M&S Stevenage Retail Park,"London Rd, UK",London Rd,UK,Department Store,51.8908608,-0.1961585,https://us.non.world/pages/store-locator,2026-08-31T20:04:52.271834+00:00,,,,,,,,
NON,2741600154,M&S Banbridge,"Banbridge BT32 4LF, UK",Banbridge BT32 4LF,UK,Grocery Store,54.3274185,-6.2783654,https://us.non.world/pages/store-locator,2026-08-31T20:04:52.271834+00:00,,,,,,,,
NON,2741601079,M&S Battersea Foodhall,"Nine Elms, UK",Nine Elms,UK,Supermarket,51.4809384,-0.144079,https://us.non.world/pages/store-locator,2026-08-31T20:04:52.271834+00:00,,,,,,,,
NON,2741533843,M&S Hedge End,"Hedge End, UK",Hedge End,UK,Department Store,50.9222954,-1.3128228,https://us.non.world/pages/store-locator,2026-08-31T20:04:52.271834+00:00,,,,,,,,
NON,2741533168,M&S Birmingham Bullring,"Bullring, UK",Bullring,UK,Supermarket,52.4775959,-1.8945271,https://us.non.world/pages/store-locator,2026-08-31T20:04:52.271834+00:00,,,,,,,,
NON,2741591001,M&S Earlsfield,"London SW18 4QA, UK",London SW18 4QA,UK,Supermarket,51.44240809999999,-0.1895885,https://us.non.world/pages/store-locator,2026-08-31T20:04:52.271834+00:00,,,,,,,,
NON,2741632113,M&S Leeds White Rose,"Dewsbury Rd, UK",Dewsbury Rd,UK,Department Store,53.7582939,-1.5742428,https://us.non.world/pages/store-locator,2026-08-31T20:04:52.271834+00:00,,,,,,,,
NON,2741622136,M&S Purley Way,"Croydon CR0 4XJ, UK",Croydon CR0 4XJ,UK,Department Store,51.3719441,-0.1192354,https://us.non.world/pages/store-locator,2026-08-31T20:04:52.271834+00:00,,,,,,,,
NON,2741463453,M&S Lakeside Thurrock,"West Thurrock, UK",West Thurrock,UK,Department Store,51.4844917,0.2769419,https://us.non.world/pages/store-locator,2026-08-31T20:04:52.271834+00:00,,,,,,,,
NON,2741533625,M&S Stockport Retail Park,"Great, UK",Great,UK,Supermarket,53.41515159999999,-2.1495045,https://us.non.world/pages/store-locator,2026-08-31T20:04:52.271834+00:00,,,,,,,,
NON,2741463696,M&S Liverpool One,"42 Lord St, UK",42 Lord St,UK,Supermarket,53.4049901,-2.9884998,https://us.non.world/pages/store-locator,2026-08-31T20:04:52.271834+00:00,,,,,,,,
NON,2741622260,M&S Clacton Brook Park,"BROOK PARK WEST, UK",BROOK PARK WEST,UK,Convenience Store,51.8134209,1.1459155,https://us.non.world/pages/store-locator,2026-08-31T20:04:52.271834+00:00,,,,,,,,
NON,2741533465,M&S Uckfield,"Ashdown Business Park, UK",Ashdown Business Park,UK,Grocery Store,50.9930537,0.07651379999999999,https://us.non.world/pages/store-locator,2026-08-31T20:04:52.271834+00:00,,,,,,,,
NON,2741464451,M&S Wrexham,"Wrexham LL13 8DG, UK",Wrexham LL13 8DG,UK,Supermarket,53.044362,-2.9872755,https://us.non.world/pages/store-locator,2026-08-31T20:04:52.271834+00:00,,,,,,,,
NON,2741463454,M&S Ladymead Guildford,"Europa Park Rd, UK",Europa Park Rd,UK,Supermarket,51.2477659,-0.5798533,https://us.non.world/pages/store-locator,2026-08-31T20:04:52.271834+00:00,,,,,,,,
NON,2741463455,M&S Coleraine Riverside,"Castleroe Rd, UK",Castleroe Rd,UK,Supermarket,55.1140616,-6.6663332,https://us.non.world/pages/store-locator,2026-08-31T20:04:52.271834+00:00,,,,,,,,
NON,2741463697,M&S The Galleries,"The Galleries, UK",The Galleries,UK,Grocery Store,54.9000461,-1.5325551,https://us.non.world/pages/store-locator,2026-08-31T20:04:52.271834+00:00,,,,,,,,
NON,2741533617,M&S Sidcup,"Sidcup DA15 7AB, UK",Sidcup DA15 7AB,UK,Grocery Store,51.4344814,0.1028637,https://us.non.world/pages/store-locator,2026-08-31T20:04:52.271834+00:00,,,,,,,,
NON,2741622262,M&S Plymouth Derriford,"Derriford Rd, UK",Derriford Rd,UK,Supermarket,50.4168332,-4.1143618,https://us.non.world/pages/store-locator,2026-08-31T20:04:52.271834+00:00,,,,,,,,
NON,2741579516,M&S Romford,"Romford RM1 1NT, UK",Romford RM1 1NT,UK,Department Store,51.57740769999999,0.1823055,https://us.non.world/pages/store-locator,2026-08-31T20:04:52.271834+00:00,,,,,,,,
NON,2741600931,M&S Barnstaple,"Barnstaple EX31 1HX, UK",Barnstaple EX31 1HX,UK,Department Store,51.0802221,-4.0612974,https://us.non.world/pages/store-locator,2026-08-31T20:04:52.271834+00:00,,,,,,,,
NON,2741600933,M&S Cowes,"Cowes PO31 7XH, UK",Cowes PO31 7XH,UK,Supermarket,50.7620733,-1.2993971,https://us.non.world/pages/store-locator,2026-08-31T20:04:52.271834+00:00,,,,,,,,
NON,2741533170,M&S Bognor Regis,"RP, UK",RP,UK,Supermarket,50.7983495,-0.666195,https://us.non.world/pages/store-locator,2026-08-31T20:04:52.271834+00:00,,,,,,,,
NON,2741533618,M&S Penrith,"Penrith CA11 7AG, UK",Penrith CA11 7AG,UK,Supermarket,54.6626087,-2.7501365,https://us.non.world/pages/store-locator,2026-08-31T20:04:52.271834+00:00,,,,,,,,
NON,2741600165,M&S Broughton Park,"Broughton, UK",Broughton,UK,Supermarket,53.1719312,-2.9689555,https://us.non.world/pages/store-locator,2026-08-31T20:04:52.271834+00:00,,,,,,,,
NON,2741569235,M&S Warren Rp,"25 Simone Weil Ave, UK",25 Simone Weil Ave,UK,Supermarket,51.1581163,0.8720167,https://us.non.world/pages/store-locator,2026-08-31T20:04:52.271834+00:00,,,,,,,,
NON,2741632115,M&S Blandford Forum,"Blandford Forum DT11 7EN, UK",Blandford Forum DT11 7EN,UK,Supermarket,50.8561561,-2.1591148,https://us.non.world/pages/store-locator,2026-08-31T20:04:52.271834+00:00,,,,,,,,
NON,2741569239,M&S Tiverton,"High Street 45, UK",High Street 45,UK,Supermarket,50.9022272,-3.4870614,https://us.non.world/pages/store-locator,2026-08-31T20:04:52.271834+00:00,,,,,,,,
NON,2741533171,M&S Uddingston,"Uddingston, UK",Uddingston,UK,Supermarket,55.8126693,-4.0793067,https://us.non.world/pages/store-locator,2026-08-31T20:04:52.271834+00:00,,,,,,,,
NON,2741569240,M&S Bidston Moss,"Junction One Rp, UK",Junction One Rp,UK,Supermarket,53.411767,-3.0736145,https://us.non.world/pages/store-locator,2026-08-31T20:04:52.271834+00:00,,,,,,,,
NON,2741579251,M&S Heathfield Ayr,"Tremona Road, UK",Tremona Road,UK,Supermarket,55.4782975,-4.5943743,https://us.non.world/pages/store-locator,2026-08-31T20:04:52.271834+00:00,,,,,,,,
NON,2741601081,M&S Kingstown Carlisle,"Carlisle CA3 0JR, UK",Carlisle CA3 0JR,UK,Supermarket,54.9283295,-2.9505632,https://us.non.world/pages/store-locator,2026-08-31T20:04:52.271834+00:00,,,,,,,,
NON,2741600934,M&S Hale,"Hale, UK",Hale,UK,Supermarket,53.3767465,-2.3454168,https://us.non.world/pages/store-locator,2026-08-31T20:04:52.271834+00:00,,,,,,,,
NON,2741533172,M&S Acorn Park,"Crawley RH10 9GG, UK",Crawley RH10 9GG,UK,Supermarket,51.134967,-0.188008,https://us.non.world/pages/store-locator,2026-08-31T20:04:52.271834+00:00,,,,,,,,
NON,2741464582,M&S Barnes,"London SW13 9LW, UK",London SW13 9LW,UK,Supermarket,51.4734875,-0.2501552,https://us.non.world/pages/store-locator,2026-08-31T20:04:52.271834+00:00,,,,,,,,
NON,2741579293,M&S Dulwich,"London SE22 8HF, UK",London SE22 8HF,UK,Supermarket,51.4578451,-0.07545969999999999,https://us.non.world/pages/store-locator,2026-08-31T20:04:52.271834+00:00,,,,,,,,
NON,2741600220,M&S Falkirk Rp,"Central Retail Park, UK",Central Retail Park,UK,Supermarket,56.0035696,-3.780027,https://us.non.world/pages/store-locator,2026-08-31T20:04:52.271834+00:00,,,,,,,,
NON,2741600156,M&S Newbury,"Newbury RG14 1DJ, UK",Newbury RG14 1DJ,UK,Cafe,51.4030074,-1.3229503,https://us.non.world/pages/store-locator,2026-08-31T20:04:52.271834+00:00,,,,,,,,
NON,2741622138,M&S Aylesbury Broadfields,"Unit 5, UK",Unit 5,UK,Supermarket,51.8171082,-0.815313,https://us.non.world/pages/store-locator,2026-08-31T20:04:52.271834+00:00,,,,,,,,
NON,2741464583,M&S Burnley,"Burnley BB11 1PB, UK",Burnley BB11 1PB,UK,Supermarket,53.7901296,-2.2451227,https://us.non.world/pages/store-locator,2026-08-31T20:04:52.271834+00:00,,,,,,,,
NON,2741579348,M&S Chichester,"Chichester PO19 1HS, UK",Chichester PO19 1HS,UK,Department Store,50.8365946,-0.7775827000000001,https://us.non.world/pages/store-locator,2026-08-31T20:04:52.271834+00:00,,,,,,,,
NON,2741533173,M&S Exmouth,"32 The Royal Ave, UK",32 The Royal Ave,UK,Supermarket,50.621392,-3.415295,https://us.non.world/pages/store-locator,2026-08-31T20:04:52.271834+00:00,,,,,,,,
NON,2741591003,M&S Chippenham,"Road, UK",Road,UK,Supermarket,51.4719746,-2.1246961,https://us.non.world/pages/store-locator,2026-08-31T20:04:52.271834+00:00,,,,,,,,
NON,2741579517,M&S Kilmarnock,"Kilmarnock KA1 1PB, UK",Kilmarnock KA1 1PB,UK,Department Store,55.60816819999999,-4.4960771,https://us.non.world/pages/store-locator,2026-08-31T20:04:52.271834+00:00,,,,,,,,
NON,2741590519,M&S Lytham St Annes,"Lytham St Annes, UK",Lytham St Annes,UK,Supermarket,53.7503165,-3.0317035,https://us.non.world/pages/store-locator,2026-08-31T20:04:52.271834+00:00,,,,,,,,
NON,2741601085,M&S Centrum,"Tewkesbury Rd, UK",Tewkesbury Rd,UK,Supermarket,51.91413,-2.0973372,https://us.non.world/pages/store-locator,2026-08-31T20:04:52.271834+00:00,,,,,,,,
NON,2741622263,M&S Selby Three Lakes,"Selby YO8 8LY, UK",Selby YO8 8LY,UK,Supermarket,53.7725859,-1.064507,https://us.non.world/pages/store-locator,2026-08-31T20:04:52.271834+00:00,,,,,,,,
NON,2741579349,M&S Friern Barnet,"Friern Bridge Retail Park, UK",Friern Bridge Retail Park,UK,Supermarket,51.6110365,-0.1431212,https://us.non.world/pages/store-locator,2026-08-31T20:04:52.271834+00:00,,,,,,,,
NON,2741533174,M&S Pantheon,"London W1D 2JR, UK",London W1D 2JR,UK,Department Store,51.5148036,-0.1379789,https://us.non.world/pages/store-locator,2026-08-31T20:04:52.271834+00:00,,,,,,,,
NON,2741632116,M&S Halifax,"Halifax HX1 1RU, UK",Halifax HX1 1RU,UK,Department Store,53.723739,-1.8574453,https://us.non.world/pages/store-locator,2026-08-31T20:04:52.271834+00:00,,,,,,,,
NON,2741463698,M&S Ballymena,"Fairhill Shopping Centre, UK",Fairhill Shopping Centre,UK,Department Store,54.8683817,-6.2727198,https://us.non.world/pages/store-locator,2026-08-31T20:04:52.271834+00:00,,,,,,,,
NON,2741632117,M&S Fargate Sheffield,"Sheffield City Centre, UK",Sheffield City Centre,UK,Department Store,53.3816849,-1.468221,https://us.non.world/pages/store-locator,2026-08-31T20:04:52.271834+00:00,,,,,,,,
NON,2741533175,M&S Norwich,"Norwich NR2 1QR, UK",Norwich NR2 1QR,UK,Department Store,52.6262547,1.2937394,https://us.non.world/pages/store-locator,2026-08-31T20:04:52.271834+00:00,,,,,,,,
NON,2741632118,M&S Plymouth,"Southern Way, UK",Southern Way,UK,Department Store,50.3720829,-4.1397571,https://us.non.world/pages/store-locator,2026-08-31T20:04:52.271834+00:00,,,,,,,,
NON,2741622141,M&S Beverley,"Beverley HU17 0AA, UK",Beverley HU17 0AA,UK,Supermarket,53.8416295,-0.4269895,https://us.non.world/pages/store-locator,2026-08-31T20:04:52.271834+00:00,,,,,,,,
NON,2741600764,M&S Swansea,"Swansea SA1 3BB, UK",Swansea SA1 3BB,UK,Department Store,51.620399,-3.9442389,https://us.non.world/pages/store-locator,2026-08-31T20:04:52.271834+00:00,,,,,,,,
NON,2741463616,M&S Hempstead Valley,"47 Hempstead Valley Dr, UK",47 Hempstead Valley Dr,UK,Department Store,51.3410336,0.5724175,https://us.non.world/pages/store-locator,2026-08-31T20:04:52.271834+00:00,,,,,,,,
NON,2741464584,M&S Tamworth,"Ventura Park Rd, UK",Ventura Park Rd,UK,Department Store,52.6254836,-1.6995992,https://us.non.world/pages/store-locator,2026-08-31T20:04:52.271834+00:00,,,,,,,,
NON,2741569241,M&S Edinburgh,"Edinburgh EH2 2DQ, UK",Edinburgh EH2 2DQ,UK,Department Store,55.95263319999999,-3.1944934,https://us.non.world/pages/store-locator,2026-08-31T20:04:52.271834+00:00,,,,,,,,
NON,2741601086,M&S Shoreham,"Upper Shoreham Rd, UK",Upper Shoreham Rd,UK,Department Store,50.8451106,-0.2487213,https://us.non.world/pages/store-locator,2026-08-31T20:04:52.271834+00:00,,,,,,,,
NON,2741601087,M&S Brent Cross,"Prince Charles Dr, UK",Prince Charles Dr,UK,Department Store,51.5768511,-0.2253835,https://us.non.world/pages/store-locator,2026-08-31T20:04:52.271834+00:00,,,,,,,,
NON,2741632119,M&S Enfield,"54 Church St, UK",54 Church St,UK,Department Store,51.6521199,-0.085255,https://us.non.world/pages/store-locator,2026-08-31T20:04:52.271834+00:00,,,,,,,,
NON,2741463457,M&S Epsom,"Ashley Centre, UK",Ashley Centre,UK,Department Store,51.3327919,-0.2690185,https://us.non.world/pages/store-locator,2026-08-31T20:04:52.271834+00:00,,,,,,,,
NON,2741569236,M&S Dunfermline,"Dunfermline KY12 7DP, UK",Dunfermline KY12 7DP,UK,Department Store,56.0718621,-3.459398,https://us.non.world/pages/store-locator,2026-08-31T20:04:52.271834+00:00,,,,,,,,
NON,2741569635,M&S Canary Wharf,"45 Bank St, UK",45 Bank St,UK,Supermarket,51.5030472,-0.0180906,https://us.non.world/pages/store-locator,2026-08-31T20:04:52.271834+00:00,,,,,,,,
NON,2741463458,M&S Cardinal Place Victoria,"726-732 Victoria St, UK",726-732 Victoria St,UK,Department Store,51.4971002,-0.141117,https://us.non.world/pages/store-locator,2026-08-31T20:04:52.271834+00:00,,,,,,,,
NON,2741590520,M&S Galashiels,"2 Huddersfield St, UK",2 Huddersfield St,UK,Supermarket,55.6136029,-2.802102,https://us.non.world/pages/store-locator,2026-08-31T20:04:52.271834+00:00,,,,,,,,
NON,2741463159,M&S Liffey Valley Dublin,"1 Fonthill Rd, UK",1 Fonthill Rd,UK,Department Store,53.3537988,-6.3880688,https://us.non.world/pages/store-locator,2026-08-31T20:04:52.271834+00:00,,,,,,,,
NON,2741600765,M&S White City,"Ariel Way, UK",Ariel Way,UK,Department Store,51.50757249999999,-0.2212054,https://us.non.world/pages/store-locator,2026-08-31T20:04:52.271834+00:00,,,,,,,,
NON,2741591004,M&S Princes Risborough,"66 Horns Ln, UK",66 Horns Ln,UK,Supermarket,51.7227657,-0.8296997,https://us.non.world/pages/store-locator,2026-08-31T20:04:52.271834+00:00,,,,,,,,
NON,2741590363,M&S Braehead,"Braehead Shopping Centre, UK",Braehead Shopping Centre,UK,Department Store,55.8763728,-4.3646652,https://us.non.world/pages/store-locator,2026-08-31T20:04:52.271834+00:00,,,,,,,,
NON,2741569244,M&S Derby Derbion,"Derby DE1 2NS, UK",Derby DE1 2NS,UK,Department Store,52.9189782,-1.4743693,https://us.non.world/pages/store-locator,2026-08-31T20:04:52.271834+00:00,,,,,,,,
NON,2741590435,M&S Coatbridge Faraday,"Faraday Retail Park, UK",Faraday Retail Park,UK,Supermarket,55.8582628,-4.0220285,https://us.non.world/pages/store-locator,2026-08-31T20:04:52.271834+00:00,,,,,,,,
NON,2741590750,M&S Milton Keynes,"Burns Way, UK",Burns Way,UK,Department Store,52.041683,-0.7591009999999999,https://us.non.world/pages/store-locator,2026-08-31T20:04:52.271834+00:00,,,,,,,,
NON,2741569541,M&S Sears Solihull,"sears retail park, UK",sears retail park,UK,Department Store,52.4016555,-1.8167477,https://us.non.world/pages/store-locator,2026-08-31T20:04:52.271834+00:00,,,,,,,,
NON,2741590374,M&S Grafton St Dublin,"Dublin 2, UK",Dublin 2,UK,Department Store,53.3422378,-6.2595868,https://us.non.world/pages/store-locator,2026-08-31T20:04:52.271834+00:00,,,,,,,,
NON,2741569542,M&S Eden High Wycombe,"High Wycombe HP11 2DH, UK",High Wycombe HP11 2DH,UK,Department Store,51.6307143,-0.7552032,https://us.non.world/pages/store-locator,2026-08-31T20:04:52.271834+00:00,,,,,,,,
NON,2741464453,M&S Kew,"Kew Retail Park, UK",Kew Retail Park,UK,Department Store,51.48064950000001,-0.2831724,https://us.non.world/pages/store-locator,2026-08-31T20:04:52.271834+00:00,,,,,,,,
NON,2741533467,M&S Bluewater,"Dartford, UK",Dartford,UK,Department Store,51.4418032,0.2738001,https://us.non.world/pages/store-locator,2026-08-31T20:04:52.271834+00:00,,,,,,,,
NON,2741632120,M&S Abbey Centre Belfast,"Abbeycentre, UK",Abbeycentre,UK,Department Store,54.6579716,-5.920829899999999,https://us.non.world/pages/store-locator,2026-08-31T20:04:52.271834+00:00,,,,,,,,
NON,2741569381,M&S Elgin,"Elgin IV30 1DJ, UK",Elgin IV30 1DJ,UK,Supermarket,57.6483146,-3.3193101,https://us.non.world/pages/store-locator,2026-08-31T20:04:52.271834+00:00,,,,,,,,
NON,2741600767,M&S Cannock Orbital,"Unit 1 Voyager Dr, UK",Unit 1 Voyager Dr,UK,Supermarket,52.6739861,-2.016474,https://us.non.world/pages/store-locator,2026-08-31T20:04:52.271834+00:00,,,,,,,,
NON,2741579518,M&S Fulham Broadway,"London SW6 1AA, UK",London SW6 1AA,UK,Supermarket,51.4800567,-0.1964045,https://us.non.world/pages/store-locator,2026-08-31T20:04:52.271834+00:00,,,,,,,,
NON,2741463459,M&S Beaconsfield,"Grove Ct, UK",Grove Ct,UK,Convenience Store,51.6092729,-0.6447145999999999,https://us.non.world/pages/store-locator,2026-08-31T20:04:52.271834+00:00,,,,,,,,
NON,2741600169,M&S Cowley Rd Oxford,"Retail Park, UK",Retail Park,UK,Supermarket,51.7279228,-1.2023954,https://us.non.world/pages/store-locator,2026-08-31T20:04:52.271834+00:00,,,,,,,,
NON,2742671161,ALKALIE RYE,"Oakland, US",Oakland,US,Liquor Store,37.81235,-122.2470665,https://us.non.world/pages/store-locator,2026-08-31T20:04:52.271834+00:00,,,,,,,,
NON,2742687337,Valley Estate Weddings,"Currumbin Waters, AU",Currumbin Waters,AU,Wedding Venue,-28.1667621,153.4514641,https://us.non.world/pages/store-locator,2026-08-31T20:04:52.271834+00:00,,,,,,,,
NON,2746343775,Hagen's Fish Market,"Chicago, US",Chicago,US,Market,41.9602332,-87.76862679999999,https://us.non.world/pages/store-locator,2026-08-31T20:04:52.271834+00:00,,,,,,,,
NON,2746297104,Wallace Dry Goods,"Ardmore, US",Ardmore,US,Point Of Interest,40.0081782,-75.2913279,https://us.non.world/pages/store-locator,2026-08-31T20:04:52.271834+00:00,,,,,,,,
NON,2747849680,Chambers Cellars North Sydney,"100 Mount Street, AU",100 Mount Street,AU,Liquor Store,-33.838854,151.208637,https://us.non.world/pages/store-locator,2026-08-31T20:04:52.271834+00:00,,,,,,,,
NON,2747981921,Darts Farm Ltd,"Topsham, UK",Topsham,UK,Food Store,50.6856017,-3.4490059,https://us.non.world/pages/store-locator,2026-08-31T20:04:52.271834+00:00,,,,,,,,
NON,2747947052,Oru Space Ltd T/A Oru Space,"London, UK",London,UK,Coworking Space,51.45988269999999,-0.07543949999999999,https://us.non.world/pages/store-locator,2026-08-31T20:04:52.271834+00:00,,,,,,,,
NON,2747981901,Peasant Restaurants LTD T/A Emilia,"London, UK",London,UK,Restaurant,51.5134864,-0.1468791,https://us.non.world/pages/store-locator,2026-08-31T20:04:52.271834+00:00,,,,,,,,
NON,2747972278,Rias Notting Hill Ltd,"London, UK",London,UK,Pizza Restaurant,51.5184063,-0.2043119,https://us.non.world/pages/store-locator,2026-08-31T20:04:52.271834+00:00,,,,,,,,
NON,2747981922,SOUTH WESTERN HOTEL and CATERING CO. LTD t/a Salutation Inn Topsham,"Topsham, UK",Topsham,UK,Restaurant,50.6833868,-3.4656202,https://us.non.world/pages/store-locator,2026-08-31T20:04:52.271834+00:00,,,,,,,,
NON,2747956727,THE ALCOHOL FREE CO LTD,"Hullbridge, UK",Hullbridge,UK,,51.6280495,0.6105474,https://us.non.world/pages/store-locator,2026-08-31T20:04:52.271834+00:00,,,,,,,,
NON,2747981888,TRUNK DELI ST AGNES LTD,"16 Churchtown, UK",16 Churchtown,UK,Deli,50.3122012,-5.2036796,https://us.non.world/pages/store-locator,2026-08-31T20:04:52.271834+00:00,,,,,,,,
NON,2749040928,Spirit of the Earth,"Santa Fe, US",Santa Fe,US,Clothing Store,35.6860718,-105.940957,https://us.non.world/pages/store-locator,2026-08-31T20:04:52.271834+00:00,,,,,,,,
NON,2752962919,Liquorland Rutherford 3107,"Rutherford Shopping Centre, AU",Rutherford Shopping Centre,AU,Liquor Store,-32.7164049,151.5283914,https://us.non.world/pages/store-locator,2026-08-31T20:04:52.271834+00:00,,,,,,,,
NON,2753067767,Garfish Crows Nest,"Crows Nest, AU",Crows Nest,AU,Seafood Restaurant,-33.82501180000001,151.2021111,https://us.non.world/pages/store-locator,2026-08-31T20:04:52.271834+00:00,,,,,,,,
NON,2753383921,RAMEN SAN,"Chicago, US",Chicago,US,Ramen Restaurant,41.8898045,-87.63028800000001,https://us.non.world/pages/store-locator,2026-08-31T20:04:52.271834+00:00,,,,,,,,
NON,2753396620,SAINT JAMES LIBATIONS,"178 Irving Avenue, New York, New York 11237",Brooklyn,US,Wine Bar,40.7018044,-73.9195175,https://us.non.world/pages/store-locator,2026-08-31T20:04:52.271834+00:00,,,,,,,,
NON,2753397887,Sahadi's,"187 Atlantic Avenue, New York, New York 11201",Brooklyn,US,Grocery Store,40.6901743,-73.993353,https://us.non.world/pages/store-locator,2026-08-31T20:04:52.271834+00:00,+1-718-624-4550,,https://sahadis.com,openstreetmap,,Mo-Su 10:00-19:00,,
NON,2754289544,The Pantry Manly,"North Steyne, AU",North Steyne,AU,Restaurant,-33.791549,151.2869869,https://us.non.world/pages/store-locator,2026-08-31T20:04:52.271834+00:00,,,,,,,,
NON,2754289784,Liquorland Cellars Oasis Palmerston 2733,"Palmerston, AU",Palmerston,AU,Liquor Store,-12.4836088,130.9852247,https://us.non.world/pages/store-locator,2026-08-31T20:04:52.271834+00:00,,,,,,,,
NON,2754637833,Sauce Bistro,"Ashgrove, AU",Ashgrove,AU,Restaurant,-27.4386323,152.9853061,https://us.non.world/pages/store-locator,2026-08-31T20:04:52.271834+00:00,,,,,,,,
NON,2757000978,Hyatt Centric Melbourne,"Melbourne, AU",Melbourne,AU,Hotel,-37.8202336,144.9555669,https://us.non.world/pages/store-locator,2026-08-31T20:04:52.271834+00:00,,,,,,,,
NON,2757073498,Gooseberry Hill Cellars,"Gooseberry Hill, AU",Gooseberry Hill,AU,Liquor Store,-31.95797249999999,116.0517642,https://us.non.world/pages/store-locator,2026-08-31T20:04:52.271834+00:00,,,,,,,,
NON,2757342504,Liquorland Rosebud 2280,"Port Phillip Plaza Shopping Centre, AU",Port Phillip Plaza Shopping Centre,AU,Liquor Store,-38.3608878,144.8896459,https://us.non.world/pages/store-locator,2026-08-31T20:04:52.271834+00:00,,,,,,,,
NON,2757302966,Trinity College,"Parkville, AU",Parkville,AU,College,-37.7950875,144.9592907,https://us.non.world/pages/store-locator,2026-08-31T20:04:52.271834+00:00,,,,,,,,
NON,2757375974,Balboa Italian,"Palm Beach, AU",Palm Beach,AU,Italian Restaurant,-28.1203599,153.472539,https://us.non.world/pages/store-locator,2026-08-31T20:04:52.271834+00:00,,,,,,,,
NON,2757290270,Stable,"Ascot, AU",Ascot,AU,Medical Clinic,-27.4331852,153.0654543,https://us.non.world/pages/store-locator,2026-08-31T20:04:52.271834+00:00,,,,,,,,
NON,2760198494,BONZAI JAPANESE STEAK SUSHI,"Kerrville, US",Kerrville,US,Restaurant,30.0421697,-99.1458607,https://us.non.world/pages/store-locator,2026-08-31T20:04:52.271834+00:00,,,,,,,,
NON,2759985073,Complex,"Glendale, US",Glendale,US,Bar,34.1424605,-118.2451796,https://us.non.world/pages/store-locator,2026-08-31T20:04:52.271834+00:00,,,,,,,,
NON,2760147995,Cafe Juanita,"Kirkland, US",Kirkland,US,Italian Restaurant,47.707628,-122.2123288,https://us.non.world/pages/store-locator,2026-08-31T20:04:52.271834+00:00,,,,,,,,
NON,2763348516,Yum Sing House,"Melbourne, AU",Melbourne,AU,Restaurant,-37.8109645,144.9608876,https://us.non.world/pages/store-locator,2026-08-31T20:04:52.271834+00:00,,,,,,,,
NON,2763375243,Bar Monte,"3 Mountain View Avenue, AU",3 Mountain View Avenue,AU,Italian Restaurant,-28.0754429,153.4446486,https://us.non.world/pages/store-locator,2026-08-31T20:04:52.271834+00:00,,,,,,,,
NON,2763365320,Roma Ristorante,"Melbourne, AU",Melbourne,AU,Restaurant,-37.8147315,144.9696666,https://us.non.world/pages/store-locator,2026-08-31T20:04:52.271834+00:00,,,,,,,,
NON,2763379525,Kiss and Tell Bar,"37-41 Little Bourke St, AU",37-41 Little Bourke St,AU,Asian Fusion Restaurant,-37.8107472,144.9715325,https://us.non.world/pages/store-locator,2026-08-31T20:04:52.271834+00:00,,,,,,,,
NON,2763379635,Mi Mezcaleria Y Taqueria,"Melbourne, AU",Melbourne,AU,Mexican Restaurant,-37.8109426,144.9709804,https://us.non.world/pages/store-locator,2026-08-31T20:04:52.271834+00:00,,,,,,,,
NON,2763338308,Bon Vivants Companion,"Mornington, AU",Mornington,AU,Bar,-38.2205594,145.0398081,https://us.non.world/pages/store-locator,2026-08-31T20:04:52.271834+00:00,,,,,,,,
NON,2763365322,Rising Sun Hotel,"South Melbourne, AU",South Melbourne,AU,Pub,-37.8361065,144.9666454,https://us.non.world/pages/store-locator,2026-08-31T20:04:52.271834+00:00,,,,,,,,
NON,2763379293,Ca Phe Mai,"377 New South Head Road (rear of Forum, AU",377 New South Head Road (rear of Forum,AU,Restaurant,-33.878272,151.2426721,https://us.non.world/pages/store-locator,2026-08-31T20:04:52.271834+00:00,,,,,,,,
NON,2763350993,Barrel and Batch,"Alexandria, AU",Alexandria,AU,Liquor Store,-33.9105451,151.1975633,https://us.non.world/pages/store-locator,2026-08-31T20:04:52.271834+00:00,,,,,,,,
NON,2763320664,Matilda,"South Yarra, AU",South Yarra,AU,Restaurant,-37.834285,144.981457,https://us.non.world/pages/store-locator,2026-08-31T20:04:52.271834+00:00,,,,,,,,
NON,2763320761,W Hotel,"Melbourne, AU",Melbourne,AU,Hotel,-37.8182825,144.9600762,https://us.non.world/pages/store-locator,2026-08-31T20:04:52.271834+00:00,,,,,,,,
NON,2763365323,Rich and Rare,"West End, AU",West End,AU,Restaurant,-27.4778999,153.0111736,https://us.non.world/pages/store-locator,2026-08-31T20:04:52.271834+00:00,,,,,,,,
NON,2763392990,Kelani Yogurt,"Boerne, US",Boerne,US,Dessert Shop,29.7900366,-98.7295845,https://us.non.world/pages/store-locator,2026-08-31T20:04:52.271834+00:00,,,,,,,,
NON,2765418409,Bellevue 17 Ltd t/a Rosina,"London, UK",London,UK,Restaurant,51.4438007,-0.1676765,https://us.non.world/pages/store-locator,2026-08-31T20:04:52.271834+00:00,,,,,,,,
NON,2765483007,Cake and Culture,"Birmingham, UK",Birmingham,UK,Coffee Shop,52.4689601,-1.9236124,https://us.non.world/pages/store-locator,2026-08-31T20:04:52.271834+00:00,,,,,,,,
NON,2765483248,Chelsea Spirit Ltd t/a Chelsea Grill,"London, UK",London,UK,Restaurant,51.4858779,-0.1732643,https://us.non.world/pages/store-locator,2026-08-31T20:04:52.271834+00:00,,,,,,,,
NON,2765438372,Kiez Group Ltd,"London, UK",London,UK,Turkish Restaurant,51.52138009999999,-0.2095951,https://us.non.world/pages/store-locator,2026-08-31T20:04:52.271834+00:00,,,,,,,,
NON,2765438175,Leonardo Hotel Management (UK) Limited t/a Adam Reid at The French,"Manchester, UK",Manchester,UK,French Restaurant,53.4777355,-2.2451238,https://us.non.world/pages/store-locator,2026-08-31T20:04:52.271834+00:00,,,,,,,,
NON,2765419604,MONTPELIER ORGANIC FOODS LTD,St. Montpelier,St. Montpelier,,Grocery Store,51.4660648,-2.5883943,https://us.non.world/pages/store-locator,2026-08-31T20:04:52.271834+00:00,,,,,,,,
NON,2765418108,Old Jewry Restaurant Ltd y/a Wild Izakaya,"London, UK",London,UK,Japanese Restaurant,51.514328,-0.0909537,https://us.non.world/pages/store-locator,2026-08-31T20:04:52.271834+00:00,,,,,,,,
NON,2765436000,PLATES RESTAURANT LIMITED t/a Plates,"North Hill, UK",North Hill,UK,Restaurant,50.3752651,-4.1367147,https://us.non.world/pages/store-locator,2026-08-31T20:04:52.271834+00:00,,,,,,,,
NON,2765482863,The Falls Restaurant Limited t/a Falls by Orry Shand,"Banchory, UK",Banchory,UK,,57.04556909999999,-2.4911539,https://us.non.world/pages/store-locator,2026-08-31T20:04:52.271834+00:00,,,,,,,,
NON,2765423329,THE ROW SOCIAL LTD -T/A Row on 5,"London, UK",London,UK,Fine Dining Restaurant,51.5106131,-0.1396122,https://us.non.world/pages/store-locator,2026-08-31T20:04:52.271834+00:00,,,,,,,,
NON,2765423355,WY (WOOD HALL) LTD,"Linton, UK",Linton,UK,Hotel,53.914507,-1.4255096,https://us.non.world/pages/store-locator,2026-08-31T20:04:52.271834+00:00,,,,,,,,
NON,2766392894,KIMPTON SANTO #0,"San Antonio, US",San Antonio,US,Hotel,29.4198337,-98.4886238,https://us.non.world/pages/store-locator,2026-08-31T20:04:52.271834+00:00,,,,,,,,
NON,2766426127,NOURY,"137 Sullivan Street, New York, New York 10012",New York,US,Restaurant,40.726843,-74.0019013,https://us.non.world/pages/store-locator,2026-08-31T20:04:52.271834+00:00,,,,,,,,
NON,2769589633,Copper and Oak Liquor Merchants Tuart Hill,"Tuart Hill, AU",Tuart Hill,AU,Liquor Store,-31.8901265,115.8373241,https://us.non.world/pages/store-locator,2026-08-31T20:04:52.271834+00:00,,,,,,,,
NON,2772899207,Beaumaris IGA (Samgeo Pty Ltd),"Beaumaris, AU",Beaumaris,AU,Grocery Store,-37.9864964,145.0333215,https://us.non.world/pages/store-locator,2026-08-31T20:04:52.271834+00:00,,,,,,,,
NON,2772871938,Taylor's Healthy Grocers (Central),"Wollongong Central (Lower Ground Floor), AU",Wollongong Central (Lower Ground Floor),AU,Grocery Store,-34.4242667,150.8948322,https://us.non.world/pages/store-locator,2026-08-31T20:04:52.271834+00:00,,,,,,,,
NON,2772899512,"Scicluna's Real Food Merchants (Sorrento), Shipping","Sorrento, AU",Sorrento,AU,Food Store,-38.339248,144.7407917,https://us.non.world/pages/store-locator,2026-08-31T20:04:52.271834+00:00,,,,,,,,
NON,2772871596,At Salut,"Redfern, AU",Redfern,AU,Bar,-33.8906226,151.2091849,https://us.non.world/pages/store-locator,2026-08-31T20:04:52.271834+00:00,,,,,,,,
NON,2772921411,Dickens Street Grocer,"Elwood, AU",Elwood,AU,Cafe,-37.8738895,144.9801614,https://us.non.world/pages/store-locator,2026-08-31T20:04:52.271834+00:00,,,,,,,,
NON,2778653268,Liquorland Tamworth South 3371,"Tamworth, AU",Tamworth,AU,Liquor Store,-31.1035069,150.9180875,https://us.non.world/pages/store-locator,2026-08-31T20:04:52.271834+00:00,,,,,,,,
NON,2778652990,Matteo Restaurant and Bar - Double Bay,"Double Bay, AU",Double Bay,AU,Italian Restaurant,-33.8776469,151.2418452,https://us.non.world/pages/store-locator,2026-08-31T20:04:52.271834+00:00,,,,,,,,
NON,2780839305,Saaqi,"G01, AU",G01,AU,Indian Restaurant,-37.8677958,144.9808926,https://us.non.world/pages/store-locator,2026-08-31T20:04:52.271834+00:00,,,,,,,,
NON,2782953655,Treasury WA (Post Restaurant),"Perth, AU",Perth,AU,Italian Restaurant,-31.9555717,115.8605826,https://us.non.world/pages/store-locator,2026-08-31T20:04:52.271834+00:00,,,,,,,,
NON,2785088662,Fugazzi Bar and Dining Room,"Adelaide, AU",Adelaide,AU,Restaurant,-34.9240102,138.597403,https://us.non.world/pages/store-locator,2026-08-31T20:04:52.271834+00:00,,,,,,,,
NON,2786100848,MEDUZA MEDITERRANIA,"657 Hudson Street, New York, New York 10014",New York,US,Mediterranean Restaurant,40.7397483,-74.00552619999999,https://us.non.world/pages/store-locator,2026-08-31T20:04:52.271834+00:00,+1 646-435-6544,,https://www.meduza33.com,openstreetmap,,,,
NON,2786154243,Pasture and Vine,"Camberwell, AU",Camberwell,AU,Food Store,-37.831326,145.057787,https://us.non.world/pages/store-locator,2026-08-31T20:04:52.271834+00:00,,,,,,,,
NON,2786101192,Oat Bakery,"Santa Barbara, US",Santa Barbara,US,Bakery,34.4165055,-119.6956228,https://us.non.world/pages/store-locator,2026-08-31T20:04:52.271834+00:00,,,,,,,,
NON,2786101198,DrySpace Beverage,"38-18 Cedar Lane, New York, New York 11363",Little Neck,US,Liquor Store,40.7723226,-73.7508051,https://us.non.world/pages/store-locator,2026-08-31T20:04:52.271834+00:00,,,,,,,,
NON,2787427689,HJH Landscape Restaurant,"Hobart, AU",Hobart,AU,Restaurant,-42.8812941,147.3354136,https://us.non.world/pages/store-locator,2026-08-31T20:04:52.271834+00:00,,,,,,,,
NON,2787221524,11 BRIDGE PROPERTY LIMITED t/a Tower House,"Richmond, UK",Richmond,UK,Restaurant,51.45801280000001,-0.3062835,https://us.non.world/pages/store-locator,2026-08-31T20:04:52.271834+00:00,,,,,,,,
NON,2787221336,Auguste London LTD t/a Auguste,"London, UK",London,UK,Restaurant,51.5394663,-0.0580224,https://us.non.world/pages/store-locator,2026-08-31T20:04:52.271834+00:00,,,,,,,,
NON,2787325247,GARA ROCK LTD,"Salcombe, UK",Salcombe,UK,Hotel,50.2208571,-3.7503657,https://us.non.world/pages/store-locator,2026-08-31T20:04:52.271834+00:00,,,,,,,,
NON,2787417146,The Arts Club,"London, UK",London,UK,Association / Organization,51.5081956,-0.1421869,https://us.non.world/pages/store-locator,2026-08-31T20:04:52.271834+00:00,,,,,,,,
NON,2787427824,The Drinks Club Ltd,1-3 Uxbridge Road,1-3 Uxbridge Road,,Wholesaler,51.51215329999999,-0.3944733,https://us.non.world/pages/store-locator,2026-08-31T20:04:52.271834+00:00,,,,,,,,
NON,2797692649,BOTTLEROCKET WINE & SPIRIT,"7 West 19th Street, New York, New York 10011",New York,US,Liquor Store,40.7394677,-73.9919073,https://us.non.world/pages/store-locator,2026-08-31T20:04:52.271834+00:00,,,,,,,,
NON,2797822583,Mic’s,"Unit 2, US",Unit 2,US,Grocery Store,40.5394953,-80.17923490000001,https://us.non.world/pages/store-locator,2026-08-31T20:04:52.271834+00:00,,,,,,,,
NON,2797743681,Mocktique by Stursi,"Savage, US",Savage,US,Gift Shop,39.1357928,-76.8256047,https://us.non.world/pages/store-locator,2026-08-31T20:04:52.271834+00:00,,,,,,,,
NON,2801421296,Cellarbrations at Black Sheep Upper Kedron,"Upper Kedron, AU",Upper Kedron,AU,Liquor Store,-27.4183691,152.9205238,https://us.non.world/pages/store-locator,2026-08-31T20:04:52.271834+00:00,,,,,,,,
NON,2804713616,Orsa & Winston,"Los Angeles, US",Los Angeles,US,Asian Fusion Restaurant,34.0484266,-118.2480176,https://us.non.world/pages/store-locator,2026-08-31T20:04:52.271834+00:00,,,,,,,,
NON,2805193199,Dan Murphy's Wolli Creek,"Brodie Spark Dr, AU",Brodie Spark Dr,AU,Liquor Store,-33.9308451,151.1551969,https://us.non.world/pages/store-locator,2026-08-31T20:04:52.271834+00:00,,,,,,,,
NON,2805136469,Dan Murphy's Bankstown,"Stacey St, AU",Stacey St,AU,Liquor Store,-33.9145839,151.0418596,https://us.non.world/pages/store-locator,2026-08-31T20:04:52.271834+00:00,,,,,,,,
NON,2805142360,Dan Murphy's Menai,"Building C, AU",Building C,AU,Liquor Store,-34.0174307,151.0110234,https://us.non.world/pages/store-locator,2026-08-31T20:04:52.271834+00:00,,,,,,,,
NON,2805193200,Dan Murphy's Penrith,"Cnr Maxwell St, AU",Cnr Maxwell St,AU,Liquor Store,-33.7754451,150.7119305,https://us.non.world/pages/store-locator,2026-08-31T20:04:52.271834+00:00,,,,,,,,
NON,2805142858,Dan Murphy's West Gosford,"West Gosford NSW 2250, AU",West Gosford NSW 2250,AU,Liquor Store,-33.4273653,151.32201,https://us.non.world/pages/store-locator,2026-08-31T20:04:52.271834+00:00,,,,,,,,
NON,2805193046,Dan Murphy's Wollongong North,"Station St, AU",Station St,AU,Liquor Store,-34.4178205,150.8923546,https://us.non.world/pages/store-locator,2026-08-31T20:04:52.271834+00:00,,,,,,,,
NON,2805134287,Dan Murphy's Nowra,"Kalandar St, AU",Kalandar St,AU,Liquor Store,-34.887586,150.6044843,https://us.non.world/pages/store-locator,2026-08-31T20:04:52.271834+00:00,,,,,,,,
NON,2805193316,Dan Murphy's Coffs Harbour,"Coffs Harbour NSW 2450, AU",Coffs Harbour NSW 2450,AU,Liquor Store,-30.2943328,153.1149932,https://us.non.world/pages/store-locator,2026-08-31T20:04:52.271834+00:00,,,,,,,,
NON,2805131463,Dan Murphy's The Cellar Middle Park,"Middle Park VIC 3206, AU",Middle Park VIC 3206,AU,Liquor Store,-37.8498825,144.9644087,https://us.non.world/pages/store-locator,2026-08-31T20:04:52.271834+00:00,,,,,,,,
NON,2805134288,Dan Murphy's Rowville,"Rowville VIC 3178, AU",Rowville VIC 3178,AU,Liquor Store,-37.9270824,145.2317901,https://us.non.world/pages/store-locator,2026-08-31T20:04:52.271834+00:00,,,,,,,,
NON,2805192587,Dan Murphy's Boronia,"Boronia VIC 3155, AU",Boronia VIC 3155,AU,Liquor Store,-37.8612551,145.2825745,https://us.non.world/pages/store-locator,2026-08-31T20:04:52.271834+00:00,,,,,,,,
NON,2805136829,Dan Murphy's Melton,"Melton West VIC 3337, AU",Melton West VIC 3337,AU,Liquor Store,-37.6855013,144.5594135,https://us.non.world/pages/store-locator,2026-08-31T20:04:52.271834+00:00,,,,,,,,
NON,2805143033,Dan Murphy's Mornington Village,"Mornington VIC 3931, AU",Mornington VIC 3931,AU,Liquor Store,-38.2232918,145.0405788,https://us.non.world/pages/store-locator,2026-08-31T20:04:52.271834+00:00,,,,,,,,
NON,2805192669,Dan Murphy's Chelsea Heights,"Chelsea Heights VIC 3196, AU",Chelsea Heights VIC 3196,AU,Liquor Store,-38.0289918,145.1327925,https://us.non.world/pages/store-locator,2026-08-31T20:04:52.271834+00:00,,,,,,,,
NON,2805131982,Dan Murphy's Ballarat,"61 Curtis St, AU",61 Curtis St,AU,Liquor Store,-37.5613571,143.8629173,https://us.non.world/pages/store-locator,2026-08-31T20:04:52.271834+00:00,,,,,,,,
NON,2805193255,Dan Murphy's Delacombe,"Cherry Flat Rd, AU",Cherry Flat Rd,AU,Liquor Store,-37.5904751,143.806635,https://us.non.world/pages/store-locator,2026-08-31T20:04:52.271834+00:00,,,,,,,,
NON,2805136832,Dan Murphy's Bendigo,"Bendigo VIC 3550, AU",Bendigo VIC 3550,AU,Liquor Store,-36.7640146,144.2814097,https://us.non.world/pages/store-locator,2026-08-31T20:04:52.271834+00:00,,,,,,,,
NON,2805142767,Dan Murphy's Wynnum West,"Wynnum West QLD 4178, AU",Wynnum West QLD 4178,AU,Liquor Store,-27.4580151,153.1536923,https://us.non.world/pages/store-locator,2026-08-31T20:04:52.271834+00:00,,,,,,,,
NON,2805136834,Dan Murphy's Oxley,"Oakmont Ave, AU",Oakmont Ave,AU,Liquor Store,-27.5765304,152.982321,https://us.non.world/pages/store-locator,2026-08-31T20:04:52.271834+00:00,,,,,,,,
NON,2805131507,Dan Murphy's Strathpine,"Strathpine QLD 4500, AU",Strathpine QLD 4500,AU,Liquor Store,-27.3077945,152.9890448,https://us.non.world/pages/store-locator,2026-08-31T20:04:52.271834+00:00,,,,,,,,
NON,2805142770,Dan Murphy's Ipswich,"Booval QLD 4304, AU",Booval QLD 4304,AU,Liquor Store,-27.6129068,152.8005553,https://us.non.world/pages/store-locator,2026-08-31T20:04:52.271834+00:00,,,,,,,,
NON,2805131466,Dan Murphy's Yamanto,"Ipswich QLD 4305, AU",Ipswich QLD 4305,AU,Liquor Store,-27.6609283,152.739661,https://us.non.world/pages/store-locator,2026-08-31T20:04:52.271834+00:00,,,,,,,,
NON,2805159275,Dan Murphy's Deception Bay,"and, AU",and,AU,Liquor Store,-27.1966228,153.0296096,https://us.non.world/pages/store-locator,2026-08-31T20:04:52.271834+00:00,,,,,,,,
NON,2805192707,Dan Murphy's Coomera,"Commercial St, AU",Commercial St,AU,Liquor Store,-27.850181,153.301781,https://us.non.world/pages/store-locator,2026-08-31T20:04:52.271834+00:00,,,,,,,,
NON,2805159286,Dan Murphy's Parkwood,"Parkwood Tavern, AU",Parkwood Tavern,AU,Liquor Store,-27.9586695,153.378759,https://us.non.world/pages/store-locator,2026-08-31T20:04:52.271834+00:00,,,,,,,,
NON,2805142888,Dan Murphy's Nerang,"53 Station St, AU",53 Station St,AU,Liquor Store,-27.9960147,153.3387198,https://us.non.world/pages/store-locator,2026-08-31T20:04:52.271834+00:00,,,,,,,,
NON,2805193326,Dan Murphy's Caloundra,"Caloundra QLD 4551, AU",Caloundra QLD 4551,AU,Liquor Store,-26.8038535,153.1203997,https://us.non.world/pages/store-locator,2026-08-31T20:04:52.271834+00:00,,,,,,,,
NON,2805132028,Dan Murphy's Toowoomba,"111 James St, AU",111 James St,AU,Liquor Store,-27.569664,151.961031,https://us.non.world/pages/store-locator,2026-08-31T20:04:52.271834+00:00,,,,,,,,
NON,2805192799,Dan Murphy's Earlville,"Earlville QLD 4870, AU",Earlville QLD 4870,AU,Liquor Store,-16.9405028,145.7439826,https://us.non.world/pages/store-locator,2026-08-31T20:04:52.271834+00:00,,,,,,,,
NON,2805132173,Dan Murphy's Dalrymple,"Garbutt QLD 4814, AU",Garbutt QLD 4814,AU,Liquor Store,-19.2746585,146.7658699,https://us.non.world/pages/store-locator,2026-08-31T20:04:52.271834+00:00,,,,,,,,
NON,2805159905,Dan Murphy's Kirwan,"Kirwan QLD 4817, AU",Kirwan QLD 4817,AU,Liquor Store,-19.3029659,146.734269,https://us.non.world/pages/store-locator,2026-08-31T20:04:52.271834+00:00,,,,,,,,
NON,2805131542,Dan Murphy's Hillarys,"Hillarys WA 6025, AU",Hillarys WA 6025,AU,Liquor Store,-31.7968472,115.7439312,https://us.non.world/pages/store-locator,2026-08-31T20:04:52.271834+00:00,,,,,,,,
NON,2805192802,Dan Murphy's Joondalup,"Edgewater WA 6027, AU",Edgewater WA 6027,AU,Liquor Store,-31.7682567,115.7771267,https://us.non.world/pages/store-locator,2026-08-31T20:04:52.271834+00:00,,,,,,,,
NON,2805131543,Dan Murphy's Southern River,"Holmes St, AU",Holmes St,AU,Liquor Store,-32.0895936,115.9431095,https://us.non.world/pages/store-locator,2026-08-31T20:04:52.271834+00:00,,,,,,,,
NON,2805134773,Dan Murphy's Wanneroo,"Wanneroo WA 6065, AU",Wanneroo WA 6065,AU,Liquor Store,-31.7184556,115.7813274,https://us.non.world/pages/store-locator,2026-08-31T20:04:52.271834+00:00,,,,,,,,
NON,2805143165,Dan Murphy's Kwinana,"Kwinana Town Centre WA 6167, AU",Kwinana Town Centre WA 6167,AU,Liquor Store,-32.2472722,115.8127256,https://us.non.world/pages/store-locator,2026-08-31T20:04:52.271834+00:00,,,,,,,,
NON,2805136432,Dan Murphy's Currambine,"Currambine WA 6028, AU",Currambine WA 6028,AU,Liquor Store,-31.7410971,115.7393979,https://us.non.world/pages/store-locator,2026-08-31T20:04:52.271834+00:00,,,,,,,,
NON,2805136434,Dan Murphy's Butler,"Butler WA 6036, AU",Butler WA 6036,AU,Liquor Store,-31.6377337,115.6969835,https://us.non.world/pages/store-locator,2026-08-31T20:04:52.271834+00:00,,,,,,,,
NON,2805142894,Dan Murphy's West Lakes,"West Lakes SA 5021, AU",West Lakes SA 5021,AU,Liquor Store,-34.8790485,138.4918909,https://us.non.world/pages/store-locator,2026-08-31T20:04:52.271834+00:00,,,,,,,,
NON,2805136436,Dan Murphy's Gepps Cross,"Blair Athol SA 5084, AU",Blair Athol SA 5084,AU,Liquor Store,-34.8484532,138.5996354,https://us.non.world/pages/store-locator,2026-08-31T20:04:52.271834+00:00,,,,,,,,
NON,2805143227,Dan Murphy's Gilles Plains,"Gilles Plains SA 5086, AU",Gilles Plains SA 5086,AU,Liquor Store,-34.8559426,138.6543968,https://us.non.world/pages/store-locator,2026-08-31T20:04:52.271834+00:00,,,,,,,,
NON,2805192554,Dan Murphy's Highbury,"Highbury SA 5089, AU",Highbury SA 5089,AU,Liquor Store,-34.8524021,138.70142,https://us.non.world/pages/store-locator,2026-08-31T20:04:52.271834+00:00,,,,,,,,
NON,2805134652,Dan Murphy's Munno Para,"600 Main N Rd, AU",600 Main N Rd,AU,Liquor Store,-34.6877191,138.6884441,https://us.non.world/pages/store-locator,2026-08-31T20:04:52.271834+00:00,,,,,,,,
NON,2805193210,Dan Murphy's Mount Barker,"Mount Barker SA 5251, AU",Mount Barker SA 5251,AU,Liquor Store,-35.0693323,138.8617129,https://us.non.world/pages/store-locator,2026-08-31T20:04:52.271834+00:00,,,,,,,,
NON,2805131640,Dan Murphy's Golden Grove,"The Golden Way, AU",The Golden Way,AU,Liquor Store,-34.7904986,138.6973721,https://us.non.world/pages/store-locator,2026-08-31T20:04:52.271834+00:00,,,,,,,,
NON,2805136530,Dan Murphy's Gawler,"Gawler SA 5118, AU",Gawler SA 5118,AU,Liquor Store,-34.6018315,138.7490713,https://us.non.world/pages/store-locator,2026-08-31T20:04:52.271834+00:00,,,,,,,,
NON,2806595204,Hannah Street Hotel Melbourne,"Southbank, AU",Southbank,AU,Hotel,-37.8246787,144.9594571,https://us.non.world/pages/store-locator,2026-08-31T20:04:52.271834+00:00,,,,,,,,
NON,2806546332,Double Tree Perth Waterfront,"Perth, AU",Perth,AU,Hotel,-31.9596948,115.8587267,https://us.non.world/pages/store-locator,2026-08-31T20:04:52.271834+00:00,,,,,,,,
NON,2808535272,The Freehouse Collingwood,"Collingwood, AU",Collingwood,AU,Restaurant,-37.8050765,144.988639,https://us.non.world/pages/store-locator,2026-08-31T20:04:52.271834+00:00,,,,,,,,
NON,2815756612,THE AUSTIN SHAKER 2,"Austin, US",Austin,US,Liquor Store,30.2562975,-97.7116301,https://us.non.world/pages/store-locator,2026-08-31T20:04:52.271834+00:00,,,,,,,,
NON,2816109289,Strut And Fret T/as West End Electric,"West End, AU",West End,AU,Performing Arts Theater,-27.4787357,153.0122239,https://us.non.world/pages/store-locator,2026-08-31T20:04:52.271834+00:00,,,,,,,,
NON,2816115891,Bills 2 (Closed),"Surry Hills, AU",Surry Hills,AU,Australian Restaurant,-33.8841393,151.2140485,https://us.non.world/pages/store-locator,2026-08-31T20:04:52.271834+00:00,,,,,,,,
NON,2816114922,Yan Melbourne,"South Yarra, AU",South Yarra,AU,Restaurant,-37.8385556,144.9873853,https://us.non.world/pages/store-locator,2026-08-31T20:04:52.271834+00:00,,,,,,,,
NON,2816109290,Willows and Wine,"West Melbourne, AU",West Melbourne,AU,Wine Bar,-37.8055406,144.9510451,https://us.non.world/pages/store-locator,2026-08-31T20:04:52.271834+00:00,,,,,,,,
NON,2816109248,Hochi Mama,"Melbourne, AU",Melbourne,AU,Asian Fusion Restaurant,-37.810701,144.971677,https://us.non.world/pages/store-locator,2026-08-31T20:04:52.271834+00:00,,,,,,,,
NON,2816110876,Hyatt Centric,"Melbourne, AU",Melbourne,AU,Hotel,-37.8202336,144.9555669,https://us.non.world/pages/store-locator,2026-08-31T20:04:52.271834+00:00,,,,,,,,
NON,2816308525,Agweres LTD,"Scotland Rd, UK",Scotland Rd,UK,Liquor Store,50.34496960000001,-5.084722999999999,https://us.non.world/pages/store-locator,2026-08-31T20:04:52.271834+00:00,,,,,,,,
NON,2816250630,Grantley Hall Limited,"Grantley, UK",Grantley,UK,Hotel,54.11904850000001,-1.6206288,https://us.non.world/pages/store-locator,2026-08-31T20:04:52.271834+00:00,,,,,,,,
NON,2818171801,Shadow Play by Peppers,"Southbank, AU",Southbank,AU,Hotel,-37.8271279,144.9583003,https://us.non.world/pages/store-locator,2026-08-31T20:04:52.271834+00:00,,,,,,,,
NON,2819045585,Good Food Emporium (Luxe9 Pty Ltd as Trustee for Luxe9 Family Trust),"Narre Warren, AU",Narre Warren,AU,Health Food Store,-38.0240544,145.3090809,https://us.non.world/pages/store-locator,2026-08-31T20:04:52.271834+00:00,,,,,,,,
NON,2819111520,Friendly Grocer (Hurlstone Park),"Hurlstone Park, AU",Hurlstone Park,AU,Supermarket,-33.9099377,151.1317908,https://us.non.world/pages/store-locator,2026-08-31T20:04:52.271834+00:00,,,,,,,,
NON,2819071504,Scicluna's Real Food Merchants (Sorrento),"Sorrento, AU",Sorrento,AU,Food Store,-38.339248,144.7407917,https://us.non.world/pages/store-locator,2026-08-31T20:04:52.271834+00:00,,,,,,,,
NON,2819070734,"Clay Health & Organics (Collingwood), David Curtis","Collingwood, AU",Collingwood,AU,Grocery Store,-37.7978648,144.9847181,https://us.non.world/pages/store-locator,2026-08-31T20:04:52.271834+00:00,,,,,,,,
NON,2819787416,Spicers Sangoma Retreat,"Bowen Mountain, AU",Bowen Mountain,AU,Hotel,-33.5825703,150.6334603,https://us.non.world/pages/store-locator,2026-08-31T20:04:52.271834+00:00,,,,,,,,
NON,2819850595,Liquorland Karingal Hub 2870,"Frankston, AU",Frankston,AU,Liquor Store,-38.152801,145.1649941,https://us.non.world/pages/store-locator,2026-08-31T20:04:52.271834+00:00,,,,,,,,
NON,2819787549,Liquorland Kewarra Beach 8581,"2 Poolwood Road, AU",2 Poolwood Road,AU,Liquor Store,-16.7902364,145.6814245,https://us.non.world/pages/store-locator,2026-08-31T20:04:52.271834+00:00,,,,,,,,
NON,2819819418,Liquorland East Victoria Park 5870,"East Victoria Park, AU",East Victoria Park,AU,Liquor Store,-31.9849893,115.9015252,https://us.non.world/pages/store-locator,2026-08-31T20:04:52.271834+00:00,,,,,,,,
NON,2819818699,Liquorland Yanchep 5118,"Yanchep, AU",Yanchep,AU,Liquor Store,-31.54981709999999,115.6395328,https://us.non.world/pages/store-locator,2026-08-31T20:04:52.271834+00:00,,,,,,,,
NON,2821499745,Moonah Hotel and Cellars,"Moonah, AU",Moonah,AU,Pub,-42.8465921,147.2951799,https://us.non.world/pages/store-locator,2026-08-31T20:04:52.271834+00:00,,,,,,,,
NON,2821891975,heavenly bodega,"San Diego, US",San Diego,US,Restaurant,32.7343716,-117.1600813,https://us.non.world/pages/store-locator,2026-08-31T20:04:52.271834+00:00,,,,,,,,
NON,2826417311,Alpha Dining,"Sydney, AU",Sydney,AU,Greek Restaurant,-33.8752141,151.2090658,https://us.non.world/pages/store-locator,2026-08-31T20:04:52.271834+00:00,,,,,,,,
NON,2826417362,Darlington Liquor and Gourmet,"Darlington, AU",Darlington,AU,Liquor Store,-31.9177853,116.0786515,https://us.non.world/pages/store-locator,2026-08-31T20:04:52.271834+00:00,,,,,,,,
NON,2827863902,Discovery Resorts - Cradle Mountain,"Cradle Mountain, AU",Cradle Mountain,AU,Hotel,-41.5785445,145.9372203,https://us.non.world/pages/store-locator,2026-08-31T20:04:52.271834+00:00,,,,,,,,
NON,2828405872,Blk Girls Green House,"Oakland, US",Oakland,US,Garden Center,37.8134044,-122.2918774,https://us.non.world/pages/store-locator,2026-08-31T20:04:52.271834+00:00,,,,,,,,
NON,2829227770,Australian War Memorial,"Campbell, AU",Campbell,AU,Tourist Attraction,-35.2794586,149.1497071,https://us.non.world/pages/store-locator,2026-08-31T20:04:52.271834+00:00,,,,,,,,
NON,2829211529,Mister Bianco,"Kew, AU",Kew,AU,Italian Restaurant,-37.8070915,145.0313557,https://us.non.world/pages/store-locator,2026-08-31T20:04:52.271834+00:00,,,,,,,,
NON,2829150227,Desert Gardens Hotel,"Yulara, AU",Yulara,AU,Hotel,-25.2418467,130.9853598,https://us.non.world/pages/store-locator,2026-08-31T20:04:52.271834+00:00,,,,,,,,
NON,2830825996,Clover Cottage Estate,"Berwick, AU",Berwick,AU,Restaurant,-38.032807,145.365705,https://us.non.world/pages/store-locator,2026-08-31T20:04:52.271834+00:00,,,,,,,,
NON,2830847113,Vesper Books And Wine,"Detroit, US",Detroit,US,Wine Bar,42.3487146,-83.0900039,https://us.non.world/pages/store-locator,2026-08-31T20:04:52.271834+00:00,,,,,,,,
NON,2830827649,Gift Shop Box #250,"Yachats, US",Yachats,US,Gift Shop,44.31123119999999,-124.1048418,https://us.non.world/pages/store-locator,2026-08-31T20:04:52.271834+00:00,,,,,,,,
NON,2833993470,Dia,"Ste 3, US",Ste 3,US,Sandwich Shop,34.1446958,-118.3954403,https://us.non.world/pages/store-locator,2026-08-31T20:04:52.271834+00:00,,,,,,,,
NON,2833993497,Lantern,"Yorktown, US",Yorktown,US,Restaurant,37.1032559,-76.4586483,https://us.non.world/pages/store-locator,2026-08-31T20:04:52.271834+00:00,,,,,,,,
NON,2836092895,The Cottage Bar & Kitchen,"Balmain, AU",Balmain,AU,Restaurant,-33.8569269,151.178855,https://us.non.world/pages/store-locator,2026-08-31T20:04:52.271834+00:00,,,,,,,,
NON,2836530999,Spicers Guesthouse,"Pokolbin, AU",Pokolbin,AU,Hotel,-32.7753998,151.282827,https://us.non.world/pages/store-locator,2026-08-31T20:04:52.271834+00:00,,,,,,,,
NON,2836579456,Restaurant MOR Ltd,"7-11 High Street, UK",7-11 High Street,UK,Restaurant,51.2376691,-0.2062396,https://us.non.world/pages/store-locator,2026-08-31T20:04:52.271834+00:00,,,,,,,,
NON,2836594338,Delanie's Coffee,"Pittsburgh, US",Pittsburgh,US,Coffee Shop,40.428977,-79.98075229999999,https://us.non.world/pages/store-locator,2026-08-31T20:04:52.271834+00:00,,,,,,,,
NON,2836579871,George's Liquor Store,"Los Angeles, US",Los Angeles,US,Liquor Store,34.0666318,-118.2549007,https://us.non.world/pages/store-locator,2026-08-31T20:04:52.271834+00:00,,,,,,,,
NON,2844328576,Liquorland Coastwatchers B/Shop 8580,"Coast Waters Shopping Centre, AU",Coast Waters Shopping Centre,AU,Liquor Store,-16.79121,145.6923298,https://us.non.world/pages/store-locator,2026-08-31T20:04:52.271834+00:00,,,,,,,,
NON,2844328774,The Summit Samford Valley Hinterland,"Draper, AU",Draper,AU,Wedding Venue,-27.3503638,152.8841349,https://us.non.world/pages/store-locator,2026-08-31T20:04:52.271834+00:00,,,,,,,,
NON,2845533946,Welcome to Brunswick,"Brunswick, AU",Brunswick,AU,Beer Garden,-37.7684655,144.9629608,https://us.non.world/pages/store-locator,2026-08-31T20:04:52.271834+00:00,,,,,,,,
NON,2846293519,South Yarra Saint Haven Social Club,"South Yarra, AU",South Yarra,AU,Wellness Center,-37.8392206,144.9950227,https://us.non.world/pages/store-locator,2026-08-31T20:04:52.271834+00:00,,,,,,,,
NON,2847563893,SOBERISH Serenbe,"CHATTAHOOCHEE HILLS, US",CHATTAHOOCHEE HILLS,US,Point Of Interest,33.5166429,-84.7399903,https://us.non.world/pages/store-locator,2026-08-31T20:04:52.271834+00:00,,,,,,,,
NON,2848298849,Range Brewing,"Newstead, AU",Newstead,AU,Brewery,-27.4480845,153.0436885,https://us.non.world/pages/store-locator,2026-08-31T20:04:52.271834+00:00,,,,,,,,
